CustomerID,Recency,Frequency,Monetary,Recency_log,Frequency_log,Monetary_log,Recency_scaled,Frequency_scaled,Monetary_scaled,Cluster
12347.0,96,5,2540.29,4.574710978503383,1.791759469228055,7.840427105103972,0.077826773715113,1.3070204226603186,1.3664251226323656,1
12348.0,221,1,367.0,5.402677381872279,0.6931471805599453,5.908082938168931,0.6889091438060244,-0.7741883749649034,-0.29462650171528026,3
12350.0,312,1,334.4,5.746203190540153,0.6931471805599453,5.815323849389109,0.9424490996472412,-0.7741883749649034,-0.37436262622519084,3
12352.0,275,3,1296.38,5.62040086571715,1.3862943611198906,7.168102125213859,0.8496004254703785,0.5389081788515271,0.7884915851987556,1
12355.0,97,1,459.4,4.584967478670572,0.6931471805599453,6.132095676847728,0.08539660554102044,-0.7741883749649034,-0.10206415706465036,3
12356.0,129,1,481.46,4.867534450455582,0.6931471805599453,6.178898015788112,0.2939457617932729,-0.7741883749649034,-0.06183265873715369,3
12357.0,183,1,6207.67,5.214935757608986,0.6931471805599453,8.733701981297274,0.550346037558324,-0.7741883749649034,2.134288171813349,1
12358.0,4,2,1168.06,1.6094379124341003,1.0986122886681098,7.063955286074528,-2.1106993377399443,-0.006076131156111717,0.698966499925023,2
12359.0,10,3,3495.73,2.3978952727983707,1.3862943611198906,8.159583525046289,-1.528776701112921,0.5389081788515271,1.6407733980780546,2
12362.0,31,5,2135.79,3.4657359027997265,1.791759469228055,7.66705998188963,-0.7406546463948805,1.3070204226603186,1.217397973871168,0
12363.0,37,1,299.1,3.6375861597263857,0.6931471805599453,5.704115752446321,-0.6138201977068869,-0.7741883749649034,-0.46995760005452814,3
12364.0,302,1,310.32,5.713732805509369,0.6931471805599453,5.740821322091187,0.9184842627146785,-0.7741883749649034,-0.4384053294370653,3
12367.0,213,1,168.9,5.365976015021851,0.6931471805599453,5.135210028677887,0.6618216217166248,-0.7741883749649034,-0.9589914858064128,3
12370.0,69,1,938.39,4.248495242049359,0.6931471805599453,6.845230728443623,-0.16293744640561536,-0.7741883749649034,0.5109498991795159,1
12371.0,31,1,1527.96,3.4657359027997265,0.6931471805599453,7.33234304469739,-0.7406546463948805,-0.7741883749649034,0.9296738087180717,1
12372.0,36,1,515.7,3.6109179126442243,0.6931471805599453,6.247462435293139,-0.6335027543502829,-0.7741883749649034,-0.002894379345692478,3
12373.0,343,1,364.6,5.840641657373398,0.6931471805599453,5.901539839579995,1.0121496115344357,-0.7741883749649034,-0.30025097830976677,3
12375.0,305,1,230.3,5.723585101952381,0.6931471805599453,5.443715569237393,0.9257557711197745,-0.7741883749649034,-0.6937987535617101,3
12378.0,306,1,4008.62,5.726847747587197,0.6931471805599453,8.29645175271804,0.9281637736899004,-0.7741883749649034,1.7584259341976147,1
12380.0,158,1,607.55,5.0689042022202315,0.6931471805599453,6.411079078320566,0.4425671366126743,-0.7741883749649034,0.13775121336054355,3
12381.0,1,5,1845.31,0.6931471805599453,1.791759469228055,7.520944331624911,-2.7869696668833854,1.3070204226603186,1.0917963122376773,2
12383.0,10,2,750.61,2.3978952727983707,1.0986122886681098,6.622217572400241,-1.528776701112921,-0.006076131156111717,0.3192468001998366,2
12384.0,30,2,585.27,3.4339872044851463,1.0986122886681098,6.373780434317173,-0.7640868409071632,-0.006076131156111717,0.10568913339159633,1
12386.0,193,2,401.9,5.267858159063328,1.0986122886681098,5.998688392197302,0.5894055288372393,-0.006076131156111717,-0.21674165119856578,3
12388.0,99,2,334.95,4.605170185988092,1.0986122886681098,5.816962339366159,0.10030725676987509,-0.006076131156111717,-0.3729541729670043,3
12393.0,40,2,884.1,3.713572066704308,1.0986122886681098,6.785700632974831,-0.5577386369809405,-0.006076131156111717,0.4597775648365878,1
12394.0,154,2,1272.48,5.043425116919247,1.0986122886681098,7.149508589545504,0.4237622433584039,-0.006076131156111717,0.7725084993940801,1
12395.0,6,7,1762.63,1.9459101490553132,2.0794415416798357,7.475129463999116,-1.8623652857933086,1.8520047326679574,1.0524136486359834,0
12397.0,244,1,1195.09,5.501258210544727,0.6931471805599453,7.086813182515495,0.7616669346844612,-0.7741883749649034,0.7186152491810431,1
12399.0,3,3,820.6,1.3862943611198906,1.3862943611198906,6.711253658614348,-2.275390911761259,0.5389081788515271,0.39578261517635743,2
12401.0,100,1,84.3,4.61512051684126,0.6931471805599453,4.446174454497633,0.10765111968049784,-0.7741883749649034,-1.5512895242768534,3
12406.0,96,1,1621.25,4.574710978503383,0.6931471805599453,7.391569353501278,0.077826773715113,-0.7741883749649034,0.9805850066952179,1
12407.0,187,1,719.06,5.236441962829949,0.6931471805599453,6.579334541871405,0.5662187381952272,-0.7741883749649034,0.282384356782288,3
12408.0,153,2,1396.78,5.0369526024136295,1.0986122886681098,7.242640542742068,0.41898519022140823,-0.006076131156111717,0.8525651398119162,1
12409.0,66,1,6207.08,4.204692619390966,0.6931471805599453,8.733606948377961,-0.19526606549133826,-0.7741883749649034,2.1342064810940182,1
12410.0,253,2,693.33,5.537334267018537,1.0986122886681098,6.542947351813216,0.7882929451165858,-0.006076131156111717,0.25110576667094714,1
12413.0,193,2,673.45,5.267858159063328,1.0986122886681098,6.5138975439156885,0.5894055288372393,-0.006076131156111717,0.22613442283849167,1
12414.0,189,2,319.61,5.247024072160486,1.0986122886681098,5.770225431204915,0.5740288865586801,-0.006076131156111717,-0.4131294267062783,3
12415.0,71,10,44582.79,4.276666119016055,2.3978952727983707,10.705125619028339,-0.14214587057077066,2.4552828078148976,3.8289326827466916,0
12417.0,182,4,1572.48,5.209486152841421,1.6094379124341003,7.361045005905729,0.5463239451354044,0.9616308508248114,0.9543461419922705,1
12420.0,154,1,600.39,5.043425116919247,0.6931471805599453,6.3992436425478765,0.4237622433584039,-0.7741883749649034,0.12757742022809632,3
12422.0,216,1,147.7,5.37989735354046,0.6931471805599453,5.001930853466109,0.6720962953050397,-0.7741883749649034,-1.0735588564981369,3
12423.0,90,3,548.92,4.51085950651685,1.3862943611198906,6.309772813101524,0.030701058617782478,0.5389081788515271,0.05066789803913751,1
12427.0,62,2,586.08,4.143134726391533,1.0986122886681098,6.375161096742998,-0.24069899972494663,-0.006076131156111717,0.10687595694214903,1
12428.0,33,6,6580.52,3.5263605246161616,1.9459101490553132,8.792021000681784,-0.6959105149485876,1.5990431447121,2.184419459777776,0
12429.0,455,1,1281.5,6.1224928095143865,0.6931471805599453,7.1565665770449245,1.220170455571547,-0.7741883749649034,0.7785755767818175,3
12431.0,3,7,3055.05,1.3862943611198906,2.0794415416798357,8.024878511409112,-2.275390911761259,1.8520047326679574,1.5249803703459888,0
12433.0,90,5,9033.92,4.51085950651685,1.791759469228055,9.10885234853223,0.030701058617782478,1.3070204226603186,2.4567690929313657,0
12436.0,336,1,509.01,5.820082930352362,0.6931471805599453,6.234430333369278,0.9969761992039964,-0.7741883749649034,-0.014096832014167645,3
12437.0,10,7,2040.81,2.3978952727983707,2.0794415416798357,7.621591948362259,-1.528776701112921,1.8520047326679574,1.1783134504002146,0
12441.0,486,1,173.55,6.18826412308259,0.6931471805599453,5.162211233551045,1.2687131138433259,-0.7741883749649034,-0.9357811302282744,3
12442.0,182,1,172.06,5.209486152841421,0.6931471805599453,5.153638355178593,0.5463239451354044,-0.7741883749649034,-0.9431504145356776,3
12444.0,1,2,1636.08,0.6931471805599453,1.0986122886681098,7.400669446060975,-2.7869696668833854,-0.006076131156111717,0.9884074866584925,2
12447.0,68,1,476.49,4.23410650459726,0.6931471805599453,6.168543217293113,-0.17355708477387338,-0.7741883749649034,-0.07073368949255616,3
12449.0,93,3,2724.58,4.543294782270004,1.3862943611198906,7.910436528485963,0.05463998307310084,0.5389081788515271,1.4266055337714172,1
12450.0,187,1,96.0,5.236441962829949,0.6931471805599453,4.574710978503383,0.5662187381952272,-0.7741883749649034,-1.440798957616361,3
12451.0,215,2,4927.87,5.375278407684165,1.0986122886681098,8.502865031839406,0.6686872724634108,-0.006076131156111717,1.9358597052816218,1
12455.0,187,3,477.46,5.236441962829949,1.3862943611198906,6.170572612832435,0.5662187381952272,0.5389081788515271,-0.06898921207765435,1
12457.0,245,1,196.35,5.5053315359323625,0.6931471805599453,5.284978802108856,0.7646732611753665,-0.7741883749649034,-0.8302495832815351,3
12461.0,126,2,826.88,4.844187086458591,1.0986122886681098,6.718868216346018,0.2767141899944595,-0.006076131156111717,0.4023281228065748,1
12462.0,100,1,762.11,4.61512051684126,0.6931471805599453,6.637402188652131,0.10765111968049784,-0.7741883749649034,0.33229956374055913,3
12463.0,7,1,350.57,2.0794415416798357,0.6931471805599453,5.862408837938621,-1.7638121566391332,-0.7741883749649034,-0.3338881610388931,2
12464.0,284,1,213.9,5.652489180268651,0.6931471805599453,5.370172803648464,0.8732832744707352,-0.7741883749649034,-0.7570164413477675,3
12468.0,219,1,508.95,5.393627546352362,0.6931471805599453,6.234312681696527,0.6822298933968988,-0.7741883749649034,-0.014197965914367162,3
12471.0,152,12,10309.97,5.030437921392435,2.5649493574615367,9.2409636559996,0.41417701599764817,2.771749712715178,2.5703325593253648,0
12472.0,153,2,1899.38,5.0369526024136295,1.0986122886681098,7.549809145157198,0.41898519022140823,-0.006076131156111717,1.1166086340925083,1
12473.0,61,3,1726.51,4.127134385045092,1.3862943611198906,7.454436344337082,-0.2525080857850369,0.5389081788515271,1.0346257511094459,1
12474.0,4,3,1179.64,1.6094379124341003,1.3862943611198906,7.073811943310057,-2.1106993377399443,0.5389081788515271,0.7074393262423361,2
12476.0,220,1,311.2,5.3981627015177525,0.6931471805599453,5.743644008081332,0.6855770743403773,-0.7741883749649034,-0.4359789360289023,3
12477.0,39,2,3415.19,3.6888794541139363,1.0986122886681098,8.136281173970591,-0.575963072373566,-0.006076131156111717,1.6207425936449085,1
12478.0,182,1,680.99,5.209486152841421,0.6931471805599453,6.525014994979364,0.5463239451354044,-0.7741883749649034,0.23569103312764877,3
12480.0,30,2,1952.93,3.4339872044851463,1.0986122886681098,7.577598008010165,-0.7640868409071632,-0.006076131156111717,1.1404960639668194,1
12481.0,163,3,2070.23,5.099866427824199,1.3862943611198906,7.635897912689325,0.4654188732633121,0.5389081788515271,1.19061092084567,1
12483.0,36,4,1185.46,3.6109179126442243,1.6094379124341003,7.078729362707452,-0.6335027543502829,0.9616308508248114,0.7116663617867325,1
12484.0,153,3,2017.24,5.0369526024136295,1.3862943611198906,7.609981123475286,0.41898519022140823,0.5389081788515271,1.168332733782267,1
12489.0,163,1,334.93,5.099866427824199,0.6931471805599453,5.816902804925467,0.4654188732633121,-0.7741883749649034,-0.37300534903652033,3
12490.0,97,4,2463.06,4.584967478670572,1.6094379124341003,7.809565675006289,0.08539660554102044,0.9616308508248114,1.3398965003141394,1
12491.0,334,1,460.4,5.814130531825066,0.6931471805599453,6.134265345739653,0.9925830187742288,-0.7741883749649034,-0.10019910005312153,3
12492.0,154,1,136.82,5.043425116919247,0.6931471805599453,4.925948485929061,0.4237622433584039,-0.7741883749649034,-1.1388736369491679,3
12494.0,338,2,210.82,5.82600010738045,1.0986122886681098,5.355736857415523,1.0013433843311454,-0.006076131156111717,-0.7694256448165556,3
12500.0,71,3,745.03,4.276666119016055,1.3862943611198906,6.614765813872392,-0.14214587057077066,0.5389081788515271,0.31284123548795456,1
12501.0,163,1,2169.39,5.099866427824199,0.6931471805599453,7.682662153888476,0.4654188732633121,-0.7741883749649034,1.230809670185671,1
12502.0,189,4,3021.07,5.247024072160486,1.6094379124341003,8.013697306032318,0.5740288865586801,0.9616308508248114,1.515368956566245,1
12504.0,91,1,449.4,4.5217885770490405,0.6931471805599453,6.110136076825481,0.03876728243619778,-0.7741883749649034,-0.12094072673124015,3
12507.0,157,1,46.75,5.062595033026967,0.6931471805599453,3.865979066926739,0.43791064083188236,-0.7741883749649034,-2.0500280551526755,3
12508.0,61,1,275.19,4.127134385045092,0.6931471805599453,5.62108903467167,-0.2525080857850369,-0.7741883749649034,-0.541327735242497,3
12512.0,245,2,138.03,5.5053315359323625,1.0986122886681098,4.9346897371814515,0.7646732611753665,-0.006076131156111717,-1.1313596185666954,3
12516.0,5,1,583.2,1.791759469228055,0.6931471805599453,6.37024338995364,-1.9761365238492044,-0.7741883749649034,0.10264867435434573,2
12517.0,30,4,2085.64,3.4339872044851463,1.6094379124341003,7.6433103957916595,-0.7640868409071632,0.9616308508248114,1.1969827242274205,1
12518.0,1,3,1207.16,0.6931471805599453,1.3862943611198906,7.096853820055116,-2.7869696668833854,0.5389081788515271,0.7272462257845153,2
12519.0,154,1,340.84,5.043425116919247,0.6931471805599453,5.83434279133577,0.4237622433584039,-0.7741883749649034,-0.35801385929513446,3
12520.0,38,1,987.42,3.6635616461296463,0.6931471805599453,6.89610770863252,-0.594648934560239,-0.7741883749649034,0.5546839772132002,1
12523.0,10,3,398.7,2.3978952727983707,1.3862943611198906,5.990714265717278,-1.528776701112921,0.5389081788515271,-0.22359624572113782,2
12524.0,71,4,2962.6,4.276666119016055,1.6094379124341003,7.994160024542502,-0.14214587057077066,0.9616308508248114,1.4985746226637755,1
12526.0,90,2,797.38,4.51085950651685,1.0986122886681098,6.682584674583294,0.030701058617782478,-0.006076131156111717,0.3711386292301524,1
12528.0,130,2,552.64,4.875197323201151,1.0986122886681098,6.3165146560285015,0.2996013613683453,-0.006076131156111717,0.05646321614891073,1
12530.0,31,3,1244.68,3.4657359027997265,1.3862943611198906,7.127436844533169,-0.7406546463948805,0.5389081788515271,0.7535355293961541,1
12532.0,91,1,349.83,4.5217885770490405,0.6931471805599453,5.860301775655642,0.03876728243619778,-0.7741883749649034,-0.33569940113143615,3
12534.0,337,1,1089.18,5.823045895483019,0.6931471805599453,6.9940980992041535,0.9991630219387977,-0.7741883749649034,0.6389169519671964,3
12535.0,93,2,716.35,4.543294782270004,1.0986122886681098,6.575563866544399,0.05463998307310084,-0.006076131156111717,0.27914306753165435,1
12536.0,31,1,4279.71,3.4657359027997265,0.6931471805599453,8.361874162668443,-0.7406546463948805,-0.7741883749649034,1.8146633282272813,1
12538.0,61,1,363.95,4.127134385045092,0.6931471805599453,5.899760357897641,-0.2525080857850369,-0.7741883749649034,-0.3017806286637511,3
12539.0,71,1,1715.85,4.276666119016055,0.6931471805599453,7.448246495403878,-0.14214587057077066,-0.7741883749649034,1.0293049294872436,1
12540.0,40,8,5047.38,3.713572066704308,2.1972245773362196,8.526822678725411,-0.5577386369809405,2.0751326664691105,1.9564538049024294,0
12541.0,61,2,757.44,4.127134385045092,1.0986122886681098,6.631263692166003,-0.2525080857850369,-0.006076131156111717,0.3270228849098374,1
12544.0,275,1,372.7,5.62040086571715,0.6931471805599453,5.923453336491439,0.8496004254703785,-0.7741883749649034,-0.281414039081894,3
12547.0,252,1,159.4,5.53338948872752,0.6931471805599453,5.077670695432414,0.785381493084536,-0.7741883749649034,-1.0084525521043841,3
12552.0,334,1,120.0,5.814130531825066,0.6931471805599453,4.795790545596741,0.9925830187742288,-0.7741883749649034,-1.2507579802820978,3
12553.0,1,4,1356.57,0.6931471805599453,1.6094379124341003,7.213451615856174,-2.7869696668833854,0.9616308508248114,0.8274742086794558,2
12556.0,34,1,312.9,3.5553480614894135,0.6931471805599453,5.749074463847908,-0.6745162015277419,-0.7741883749649034,-0.4313108921439837,3
12557.0,40,3,8183.46,3.713572066704308,1.3862943611198906,9.009992513285521,-0.5577386369809405,0.5389081788515271,2.3717887396748614,0
12558.0,302,1,269.96,5.713732805509369,0.6931471805599453,5.601971208509516,0.9184842627146785,-0.7741883749649034,-0.5577615034831781,3
12559.0,312,1,75.6,5.746203190540153,0.6931471805599453,4.338597076746545,0.9424490996472412,-0.7741883749649034,-1.6437635157707884,3
12560.0,243,1,697.7,5.497168225293202,0.6931471805599453,6.549221465558405,0.7586483123454756,-0.7741883749649034,0.25649902269961783,3
12561.0,70,1,238.85,4.2626798770413155,0.6931471805599453,5.480013727948073,-0.1524684462934248,-0.7741883749649034,-0.6625966951919342,3
12562.0,217,2,1304.37,5.384495062789089,1.0986122886681098,7.174241804475418,0.6754896444230828,-0.006076131156111717,0.7937692807484891,1
12567.0,127,6,4643.61,4.852030263919617,1.9459101490553132,8.44346268647434,0.2825028638493717,1.5990431447121,1.884797185494991,0
12569.0,1,18,2534.95,0.6931471805599453,2.9444389791664403,7.838323599274424,-2.7869696668833854,3.490654049983437,1.3646169396829806,0
12571.0,64,1,248.35,4.174387269895637,0.6931471805599453,5.518857531992132,-0.21763299332885333,-0.7741883749649034,-0.6292063887924456,3
12572.0,333,1,487.68,5.811140992976701,0.6931471805599453,6.191707878535859,0.9903765832503902,-0.7741883749649034,-0.05082124385107526,3
12576.0,131,4,1076.63,4.882801922586371,1.6094379124341003,6.982519464352291,0.3052139521655124,0.9616308508248114,0.6289639060463342,1
12577.0,244,2,461.91,5.501258210544727,1.0986122886681098,6.137532650741885,0.7616669346844612,-0.006076131156111717,-0.09739051016832673,3
12580.0,160,1,415.7,5.081404364984463,0.6931471805599453,6.032366538428407,0.4517929084041481,-0.7741883749649034,-0.18779176718751736,3
12583.0,1,9,5093.27,0.6931471805599453,2.302585092994046,8.535871657668334,-2.7869696668833854,2.2747274046412427,1.9642323473738106,0
12584.0,158,4,835.94,5.0689042022202315,1.6094379124341003,6.729752383332199,0.4425671366126743,0.9616308508248114,0.41168420106707604,1
12587.0,302,1,144.0,5.713732805509369,0.6931471805599453,4.976733742420574,0.9184842627146785,-0.7741883749649034,-1.095218405012954,3
12589.0,30,1,515.18,3.4339872044851463,0.6931471805599453,6.2464555418613115,-0.7640868409071632,-0.7741883749649034,-0.0037599094096949027,3
12590.0,6,2,9864.26,1.9459101490553132,1.0986122886681098,9.196774773912752,-1.8623652857933086,-0.006076131156111717,2.5323476001113505,2
12592.0,67,2,437.6,4.219507705176107,1.0986122886681098,6.083587835983788,-0.18433175982646136,-0.006076131156111717,-0.14376171241704194,1
12593.0,220,2,321.8,5.3981627015177525,1.0986122886681098,5.777032936395794,0.6855770743403773,-0.006076131156111717,-0.4072776650229548,3
12594.0,64,3,850.83,4.174387269895637,1.3862943611198906,6.747386976404022,-0.21763299332885333,0.5389081788515271,0.42684297555864203,1
12596.0,37,1,269.95,3.6375861597263857,0.6931471805599453,5.601934302012123,-0.6138201977068869,-0.7741883749649034,-0.55779322847218,3
12597.0,96,1,912.66,4.574710978503383,0.6931471805599453,6.817458511000978,0.077826773715113,-0.7741883749649034,0.4870767777738134,1
12598.0,30,4,1200.32,3.4339872044851463,1.6094379124341003,7.091176231219393,-0.7640868409071632,0.9616308508248114,0.7223657452162354,1
12599.0,34,4,636.3,3.5553480614894135,1.6094379124341003,6.457240502320248,-0.6745162015277419,0.9616308508248114,0.177431778359734,1
12600.0,30,3,884.02,3.4339872044851463,1.3862943611198906,6.785610243622635,-0.7640868409071632,0.5389081788515271,0.4596998657481656,1
12601.0,40,3,325.46,3.713572066704308,1.3862943611198906,5.788307429725889,-0.5577386369809405,0.5389081788515271,-0.39758606050441,1
12602.0,1,1,153.12,0.6931471805599453,0.6931471805599453,5.037731519757957,-2.7869696668833854,-0.7741883749649034,-1.0427844448201573,2
12607.0,62,1,1579.51,4.143134726391533,0.6931471805599453,7.3655028587473295,-0.24069899972494663,-0.7741883749649034,0.9581781320851057,1
12609.0,188,1,512.8,5.241747015059643,0.6931471805599453,6.241834084675783,0.5701341433092347,-0.7741883749649034,-0.007732534522876253,3
12610.0,217,1,946.75,5.384495062789089,0.6931471805599453,6.854090754396444,0.6754896444230828,-0.7741883749649034,0.5185660168217678,3
12614.0,161,1,315.6,5.087596335232384,0.6931471805599453,5.757639147446912,0.4563629052533389,-0.7741883749649034,-0.4239486521002166,3
12615.0,152,2,1079.8,5.030437921392435,1.0986122886681098,6.985456786645989,0.41417701599764817,-0.006076131156111717,0.6314888413299485,1
12616.0,216,1,457.7,5.37989735354046,0.6931471805599453,6.128396401603126,0.6720962953050397,-0.7741883749649034,-0.10524407048747533,3
12617.0,61,1,355.53,4.127134385045092,0.6931471805599453,5.876418387786464,-0.2525080857850369,-0.7741883749649034,-0.3218454897956798,3
12619.0,183,2,871.84,5.214935757608986,1.0986122886681098,6.771752262982928,0.550346037558324,-0.006076131156111717,0.4477874840691428,1
12621.0,6,5,3424.84,1.9459101490553132,1.791759469228055,8.139101976100571,-1.8623652857933086,1.3070204226603186,1.6231673676785106,0
12623.0,130,1,305.1,4.875197323201151,0.6931471805599453,5.723911845951367,0.2996013613683453,-0.7741883749649034,-0.45294079019479694,3
12625.0,6,1,967.2,1.9459101490553132,0.6931471805599453,6.875438677505594,-1.8623652857933086,-0.7741883749649034,0.5369167862983802,2
12626.0,184,2,2440.39,5.220355825078324,1.0986122886681098,7.800322828216824,0.5543463299152838,-0.006076131156111717,1.331951308181214,1
12627.0,184,3,2441.14,5.220355825078324,1.3862943611198906,7.800629983084675,0.5543463299152838,0.5389081788515271,1.3322153398692018,1
12628.0,183,3,786.46,5.214935757608986,1.3862943611198906,6.668812575758953,0.550346037558324,0.5389081788515271,0.359300071940882,1
12633.0,1,2,434.43,0.6931471805599453,1.0986122886681098,6.0763340485857364,-2.7869696668833854,-0.006076131156111717,-0.14999710026687646,2
12635.0,32,2,1689.18,3.4965075614664802,1.0986122886681098,7.432590311121191,-0.7179435580787399,-0.006076131156111717,1.0158468039737687,1
12637.0,93,4,3630.15,4.543294782270004,1.6094379124341003,8.197304681494689,0.05463998307310084,0.9616308508248114,1.6731986716204326,1
12638.0,183,1,671.69,5.214935757608986,0.6931471805599453,6.511284599453549,0.550346037558324,-0.7741883749649034,0.2238883241789286,3
12643.0,40,5,3094.14,3.713572066704308,1.791759469228055,8.037588418344447,-0.5577386369809405,1.3070204226603186,1.5359058627719742,0
12644.0,306,1,477.91,5.726847747587197,0.6931471805599453,6.171512688316606,0.9281637736899004,-0.7741883749649034,-0.0681811190180892,3
12645.0,183,2,893.92,5.214935757608986,1.0986122886681098,6.796734328804876,0.550346037558324,-0.006076131156111717,0.46926217875509246,1
12646.0,213,1,615.28,5.365976015021851,0.6931471805599453,6.423701405713574,0.6618216217166248,-0.7741883749649034,0.148601422023144,3
12647.0,32,7,2260.07,3.4965075614664802,2.0794415416798357,7.723593431551048,-0.7179435580787399,1.8520047326679574,1.2659943781747662,0
12648.0,126,1,318.05,4.844187086458591,0.6931471805599453,5.765347830314356,0.2767141899944595,-0.7741883749649034,-0.4173222340854283,3
12649.0,36,1,375.0,3.6109179126442243,0.6931471805599453,5.929589143389895,-0.6335027543502829,-0.7741883749649034,-0.276139672232675,3
12650.0,182,1,314.44,5.209486152841421,0.6931471805599453,5.753968489569372,0.5463239451354044,-0.7741883749649034,-0.42710396590727123,3
12651.0,101,1,114.0,4.624972813284271,0.6931471805599453,4.74493212836325,0.11492262808559309,-0.7741883749649034,-1.2944761015169062,3
12652.0,10,1,919.98,2.3978952727983707,0.6931471805599453,6.82543832049292,-1.528776701112921,-0.7741883749649034,0.49393625743866004,2
12654.0,303,1,171.23,5.717027701406222,0.6931471805599453,5.148830792847655,0.9209160676594919,-0.7741883749649034,-0.9472830164580479,3
12659.0,61,1,91.68,4.127134385045092,0.6931471805599453,4.529152699564175,-0.2525080857850369,-0.7741883749649034,-1.4799610564439647,3
12662.0,90,5,1618.21,4.51085950651685,1.791759469228055,7.389693654963404,0.030701058617782478,1.3070204226603186,0.9789726479050839,1
12664.0,1,4,2294.8,0.6931471805599453,1.6094379124341003,7.738836645631396,-2.7869696668833854,0.9616308508248114,1.2790975126689705,2
12667.0,1,1,620.13,0.6931471805599453,0.6931471805599453,6.431540399799522,-2.7869696668833854,-0.7741883749649034,0.1553398561398619,2
12669.0,4,2,1607.73,1.6094379124341003,1.0986122886681098,7.383200326820626,-2.1106993377399443,-0.006076131156111717,0.9733909542070659,2
12670.0,61,2,1273.54,4.127134385045092,1.0986122886681098,7.150340608180483,-0.2525080857850369,-0.006076131156111717,0.773223706306372,1
12673.0,243,1,389.62,5.497168225293202,0.6931471805599453,5.967735220408745,0.7586483123454756,-0.7741883749649034,-0.24334913508154565,3
12674.0,93,2,993.8,4.543294782270004,1.0986122886681098,6.902541711929249,0.05463998307310084,-0.006076131156111717,0.5602146750101877,1
12676.0,125,3,800.15,4.836281906951478,1.3862943611198906,6.686048195453889,0.2708797553971797,0.5389081788515271,0.374115887146473,1
12678.0,219,2,2073.52,5.393627546352362,1.0986122886681098,7.63748508060377,0.6822298933968988,-0.006076131156111717,1.1919752574310014,1
12679.0,1,2,906.38,0.6931471805599453,1.0986122886681098,6.8105613259907045,-2.7869696668833854,-0.006076131156111717,0.4811479269196137,2
12680.0,32,2,361.83,3.4965075614664802,1.0986122886681098,5.893934405009768,-0.7179435580787399,-0.006076131156111717,-0.306788643629907,1
12681.0,34,7,5368.29,3.5553480614894135,2.0794415416798357,8.588450962746705,-0.6745162015277419,1.8520047326679574,2.0094297514397885,0
12682.0,3,16,7288.08,1.3862943611198906,2.833213344056216,8.89413261676443,-2.275390911761259,3.279948441917203,2.272195058276812,0
12683.0,6,10,4300.7,1.9459101490553132,2.3978952727983707,8.366765572389102,-1.8623652857933086,2.4552828078148976,1.8188680057380888,0
12684.0,67,3,916.26,4.219507705176107,1.3862943611198906,6.8213909653291385,-0.18433175982646136,0.5389081788515271,0.4904571329720413,1
12685.0,30,3,2019.54,3.4339872044851463,1.3862943611198906,7.6111200814024995,-0.7640868409071632,0.5389081788515271,1.1693117870727903,1
12686.0,639,1,89.14,6.461468176353717,0.6931471805599453,4.501364017262502,1.4703519481149387,-0.7741883749649034,-1.503848331115582,3
12689.0,247,1,511.03,5.5134287461649825,0.6931471805599453,6.238383217072961,0.7706494244592157,-0.7741883749649034,-0.010698915634046124,3
12691.0,1,2,479.5,0.6931471805599453,1.0986122886681098,6.174827228410347,-2.7869696668833854,-0.006076131156111717,-0.06533192563893751,2
12693.0,6,2,454.01,1.9459101490553132,1.0986122886681098,6.120319396731415,-1.8623652857933086,-0.006076131156111717,-0.1121870997322603,2
12694.0,95,1,439.5,4.564348191467836,0.6931471805599453,6.0879104453762345,0.07017849663930051,-0.7741883749649034,-0.1400459781934989,3
12695.0,245,2,248.2,5.5053315359323625,1.0986122886681098,5.518255786913298,0.7646732611753665,-0.006076131156111717,-0.6297236515335988,3
12697.0,30,1,223.68,3.4339872044851463,0.6931471805599453,5.414677167664232,-0.7640868409071632,-0.7741883749649034,-0.7187602924671034,3
12700.0,128,4,4939.99,4.859812404361672,1.6094379124341003,8.505320994961897,0.2882464892022382,0.9616308508248114,1.93797086208472,1
12701.0,37,1,337.08,3.6375861597263857,0.6931471805599453,5.823282553867746,-0.6138201977068869,-0.7741883749649034,-0.3675212885234748,3
12704.0,244,3,1120.85,5.501258210544727,1.3862943611198906,7.022734387305786,0.7616669346844612,0.5389081788515271,0.6635328323473211,1
12705.0,129,2,2319.67,4.867534450455582,1.0986122886681098,7.749611216071102,0.2939457617932729,-0.006076131156111717,1.2883593812515783,1
12708.0,61,4,792.87,4.127134385045092,1.6094379124341003,6.6769197198825525,-0.2525080857850369,0.9616308508248114,0.3662690090203901,1
12709.0,1,6,4051.34,0.6931471805599453,1.9459101490553132,8.307049771029048,-2.7869696668833854,1.5990431447121,1.7675360377866083,0
12710.0,246,2,430.06,5.5093883366279774,1.0986122886681098,6.066247291551668,0.7676673915820786,-0.006076131156111717,-0.15866772139251928,3
12712.0,10,8,2680.03,2.3978952727983707,2.1972245773362196,7.893956328027885,-1.528776701112921,2.0751326664691105,1.4124390802954379,0
12713.0,90,1,848.55,4.51085950651685,0.6931471805599453,6.744706797531768,0.030701058617782478,-0.7741883749649034,0.4245390819016637,1
12716.0,182,1,375.59,5.209486152841421,0.6931471805599453,5.931157062498227,0.5463239451354044,-0.7741883749649034,-0.27479188200653126,3
12717.0,34,2,1030.98,3.5553480614894135,1.0986122886681098,6.939234566008755,-0.6745162015277419,-0.006076131156111717,0.5917560152712178,1
12719.0,215,2,644.95,5.375278407684165,1.0986122886681098,6.47072210140631,0.6686872724634108,-0.006076131156111717,0.18902062078433512,1
12720.0,4,13,3029.32,1.6094379124341003,2.6390573296152584,8.016423503488069,-2.1106993377399443,2.9121396985285304,1.5177124080018911,0
12721.0,95,4,2026.63,4.564348191467836,1.6094379124341003,7.6146229023064524,0.07017849663930051,0.9616308508248114,1.1723228274722544,1
12722.0,4,1,302.92,1.6094379124341003,0.6931471805599453,5.71676450887937,-2.1106993377399443,-0.7741883749649034,-0.4590846728717794,2
12723.0,182,3,376.69,5.209486152841421,1.3862943611198906,5.93407375332873,0.5463239451354044,0.5389081788515271,-0.27228468162027125,1
12724.0,40,2,363.14,3.713572066704308,1.0986122886681098,5.8975384090758185,-0.5577386369809405,-0.006076131156111717,-0.30369062573511113,1
12725.0,639,1,427.8,6.461468176353717,0.6931471805599453,6.060990609756592,1.4703519481149387,-0.7741883749649034,-0.16318638840008381,3
12726.0,30,3,1363.9,3.4339872044851463,1.3862943611198906,7.21883644486215,-0.7640868409071632,0.5389081788515271,0.8321030315984072,1
12727.0,216,4,1903.54,5.37989735354046,1.6094379124341003,7.551995788585998,0.6720962953050397,0.9616308508248114,1.1184882824912916,1
12728.0,40,1,252.54,3.713572066704308,0.6931471805599453,5.535521601510581,-0.5577386369809405,-0.7741883749649034,-0.6148818806559027,3
12731.0,36,3,2705.2,3.6109179126442243,1.3862943611198906,7.903300715829544,-0.6335027543502829,0.5389081788515271,1.4204715575332265,1
12735.0,193,1,319.77,5.267858159063328,0.6931471805599453,5.770724355409969,0.5894055288372393,-0.7741883749649034,-0.4127005492446892,3
12736.0,40,1,234.0,3.713572066704308,0.6931471805599453,5.459585514144159,-0.5577386369809405,-0.7741883749649034,-0.6801568784668078,3
12738.0,666,1,155.35,6.502790045915623,0.6931471805599453,5.05209708390385,1.5008496420862563,-0.7741883749649034,-1.03043574210585,3
12739.0,335,1,975.54,5.817111159963204,0.6931471805599453,6.884015712099396,0.9947828777293771,-0.7741883749649034,0.5442896433121072,3
12740.0,154,1,427.6,5.043425116919247,0.6931471805599453,6.060524083039477,0.4237622433584039,-0.7741883749649034,-0.16358741683721542,3
12744.0,221,3,8209.58,5.402677381872279,1.3862943611198906,9.013178845505397,0.6889091438060244,0.5389081788515271,2.3745277249964722,1
12747.0,152,5,2226.18,5.030437921392435,1.791759469228055,7.7084914902147235,0.41417701599764817,1.3070204226603186,1.2530126823584904,1
12748.0,5,106,14154.13,1.791759469228055,4.672828834461906,9.557832381537738,-1.9761365238492044,6.764912138729248,2.8427143225052287,0
12749.0,67,4,3518.29,4.219507705176107,1.6094379124341003,8.166014543701591,-0.18433175982646136,0.9616308508248114,1.646301530264022,1
12750.0,278,1,275.88,5.631211781821365,0.6931471805599453,5.623584199327089,0.8575794451611989,-0.7741883749649034,-0.5391828806276631,3
12753.0,100,4,12940.51,4.61512051684126,1.6094379124341003,9.468195253673445,0.10765111968049784,0.9616308508248114,2.765661849457943,0
12754.0,161,2,61.62,5.087596335232384,1.0986122886681098,4.1370847158982595,0.4563629052533389,-0.006076131156111717,-1.8169844357501153,3
12755.0,252,2,3811.95,5.53338948872752,1.0986122886681098,8.246158446737232,0.785381493084536,-0.006076131156111717,1.7151935851043676,1
12757.0,5,6,3439.82,1.791759469228055,1.9459101490553132,8.143465094054354,-1.9761365238492044,1.5990431447121,1.626917923241212,0
12758.0,130,1,1570.19,4.875197323201151,0.6931471805599453,7.359588573017829,0.2996013613683453,-0.7741883749649034,0.9530941858161424,1
12759.0,99,1,444.8,4.605170185988092,0.6931471805599453,6.099870420951769,0.10030725676987509,-0.7741883749649034,-0.1297651300936443,3
12762.0,302,1,1436.93,5.713732805509369,0.6931471805599453,7.2709598583757,0.9184842627146785,-0.7741883749649034,0.8769085492513793,1
12763.0,578,1,320.08,6.361302477572996,0.6931471805599453,5.771690313263376,1.396424440472501,-0.7741883749649034,-0.4118702075856271,3
12766.0,101,3,2554.2,4.624972813284271,1.3862943611198906,7.845885777460748,0.11492262808559309,0.5389081788515271,1.3711174216234852,1
12772.0,31,1,892.47,3.4657359027997265,0.6931471805599453,6.795112758210396,-0.7406546463948805,-0.7741883749649034,0.46786826947327625,1
12775.0,280,2,634.25,5.638354669333745,1.0986122886681098,6.454018622200273,0.8628512685257675,-0.006076131156111717,0.1746622359053862,1
12778.0,96,2,255.93,4.574710978503383,1.0986122886681098,5.548803674253954,0.077826773715113,-0.006076131156111717,-0.6034645519612543,3
12779.0,221,5,2298.15,5.402677381872279,1.791759469228055,7.740294768393795,0.6889091438060244,1.3070204226603186,1.2803509214687199,1
12781.0,154,1,277.48,5.043425116919247,0.6931471805599453,5.629346243503184,0.4237622433584039,-0.7741883749649034,-0.5342298018738685,3
12782.0,213,1,252.25,5.365976015021851,0.6931471805599453,5.5343771431287925,0.6618216217166248,-0.7741883749649034,-0.6158656621615977,3
12783.0,152,2,622.84,5.030437921392435,1.0986122886681098,6.4358939252342875,0.41417701599764817,-0.006076131156111717,0.15908216593063035,1
12785.0,425,1,311.95,6.054439346269371,0.6931471805599453,5.74604343337071,1.1699434518628828,-0.7741883749649034,-0.43391637939814204,3
12787.0,93,1,186.56,4.543294782270004,0.6931471805599453,5.234098794221386,0.05463998307310084,-0.7741883749649034,-0.8739862639383535,3
12789.0,215,1,91.85,5.375278407684165,0.6931471805599453,4.530985287798715,0.6686872724634108,-0.7741883749649034,-1.4783857554619606,3
12791.0,698,1,192.6,6.54965074223381,0.6931471805599453,5.265794174842477,1.5354352789595793,-0.7741883749649034,-0.8467407740479649,3
12793.0,101,2,545.48,4.624972813284271,1.0986122886681098,6.303497710423594,0.11492262808559309,-0.006076131156111717,0.04527379191949311,1
12794.0,305,1,317.0,5.723585101952381,0.6931471805599453,5.762051382780177,0.9257557711197745,-0.7741883749649034,-0.4201558750200607,3
12797.0,455,1,254.03,6.1224928095143865,0.6931471805599453,5.541381185297377,1.220170455571547,-0.7741883749649034,-0.6098449564197319,3
12802.0,188,1,427.58,5.241747015059643,0.6931471805599453,6.060477418394936,0.5701341433092347,-0.7741883749649034,-0.1636275299728255,3
12808.0,127,3,483.65,4.852030263919617,1.3862943611198906,6.183426980938617,0.2825028638493717,0.5389081788515271,-0.05793954018788803,1
12816.0,216,1,253.55,5.37989735354046,0.6931471805599453,5.539497280348345,0.6720962953050397,-0.7741883749649034,-0.6114643694773286,3
12817.0,283,1,166.04,5.648974238161206,0.6931471805599453,5.118233304694274,0.8706890639508278,-0.7741883749649034,-0.9735847531092083,3
12820.0,182,1,210.35,5.209486152841421,0.6931471805599453,5.3535155270127985,0.5463239451354044,-0.7741883749649034,-0.7713351102921134,3
12821.0,97,1,92.72,4.584967478670572,0.6931471805599453,4.540311613639595,0.08539660554102044,-0.7741883749649034,-1.4703688043658414,3
12823.0,246,1,229.5,5.5093883366279774,0.6931471805599453,5.440250862436703,0.7676673915820786,-0.7741883749649034,-0.6967770309088055,3
12824.0,31,1,397.12,3.4657359027997265,0.6931471805599453,5.986753467377863,-0.7406546463948805,-0.7741883749649034,-0.22700096555727053,3
12826.0,61,3,577.1,4.127134385045092,1.3862943611198906,6.3597468640884305,-0.2525080857850369,0.5389081788515271,0.09362581412232575,1
12827.0,153,2,212.4,5.0369526024136295,1.0986122886681098,5.363168338867653,0.41898519022140823,-0.006076131156111717,-0.7630375103689797,3
12828.0,152,5,907.51,5.030437921392435,1.791759469228055,6.811805894930298,0.41417701599764817,1.3070204226603186,0.482217763905229,1
12829.0,163,1,207.25,5.099866427824199,0.6931471805599453,5.338739281046952,0.4654188732633121,-0.7741883749649034,-0.7840368369220334,3
12830.0,93,3,2258.56,4.543294782270004,1.3862943611198906,7.722925383046235,0.05463998307310084,0.5389081788515271,1.2654201207142932,1
12832.0,153,2,383.03,5.0369526024136295,1.0986122886681098,5.950720674536128,0.41898519022140823,-0.006076131156111717,-0.25797491424803615,3
12834.0,311,1,312.38,5.7430031878094825,0.6931471805599453,5.7474165116762626,0.9400873308061398,-0.7741883749649034,-0.4327360751910443,3
12836.0,31,3,2161.73,3.4657359027997265,1.3862943611198906,7.679126591531886,-0.7406546463948805,0.5389081788515271,1.2277704850881679,1
12838.0,183,2,683.13,5.214935757608986,1.0986122886681098,6.528147958043258,0.550346037558324,-0.006076131156111717,0.23838414208585038,1
12839.0,96,5,2203.66,4.574710978503383,1.791759469228055,7.698328580980336,0.077826773715113,1.3070204226603186,1.2442766004633834,1
12840.0,66,2,1296.7,4.204692619390966,1.0986122886681098,7.1683487457431845,-0.19526606549133826,-0.006076131156111717,0.7887035813006112,1
12841.0,5,13,2167.8,1.791759469228055,2.6390573296152584,7.681929298184456,-1.9761365238492044,2.9121396985285304,1.2301797041690554,0
12842.0,253,1,310.73,5.537334267018537,0.6931471805599453,5.742137428532665,0.7882929451165858,-0.7741883749649034,-0.4372739984972468,3
12843.0,67,5,1282.36,4.219507705176107,1.791759469228055,7.157236917618614,-0.18433175982646136,1.3070204226603186,0.7791518045148716,1
12844.0,61,2,325.96,4.127134385045092,1.0986122886681098,5.7898378392560215,-0.2525080857850369,-0.006076131156111717,-0.3962705136782069,3
12849.0,122,1,346.39,4.812184355372417,0.6931471805599453,5.850448068130755,0.25309450605324024,-0.7741883749649034,-0.34416969186438573,3
12851.0,246,1,135.18,5.5093883366279774,0.6931471805599453,4.9139775400548205,0.7676673915820786,-0.7741883749649034,-1.1491639151664925,3
12854.0,7,1,420.47,2.0794415416798357,0.6931471805599453,6.04374860053167,-1.7638121566391332,-0.7741883749649034,-0.1780076960740172,2
12855.0,667,1,38.1,6.504288173536645,0.6931471805599453,3.66612246699132,1.501955338372516,-0.7741883749649034,-2.2218256757007158,3
12856.0,30,3,870.96,3.4339872044851463,1.3862943611198906,6.7707435512972145,-0.7640868409071632,0.5389081788515271,0.44692039102602793,1
12857.0,70,1,801.6,4.2626798770413155,0.6931471805599453,6.687856457832816,-0.1524684462934248,-0.7741883749649034,0.37567027751500015,1
12865.0,125,1,981.38,4.836281906951478,0.6931471805599453,6.889978198879456,0.2708797553971797,-0.7741883749649034,0.5494150234181155,1
12866.0,342,1,559.12,5.8377304471659395,0.6931471805599453,6.3281510464875765,1.0100009866310964,-0.7741883749649034,0.06646590904613303,3
12867.0,97,2,1124.54,4.584967478670572,1.0986122886681098,7.026018199475371,0.08539660554102044,-0.006076131156111717,0.6663556118664544,1
12868.0,10,4,1176.34,2.3978952727983707,1.6094379124341003,7.071012935553865,-1.528776701112921,0.9616308508248114,0.7050332867491964,2
12872.0,455,1,378.53,6.1224928095143865,0.6931471805599453,5.9389336450946875,1.220170455571547,-0.7741883749649034,-0.2681070970832465,3
12873.0,311,1,374.0,5.7430031878094825,0.6931471805599453,5.926926025970411,0.9400873308061398,-0.7741883749649034,-0.2784288997891091,3
12875.0,364,1,293.76,5.8998973535824915,0.6931471805599453,5.686161465898799,1.0558834045162586,-0.7741883749649034,-0.48539118447705265,3
12877.0,156,4,376.56,5.056245805348308,1.6094379124341003,5.933729496456744,0.4332245798004987,0.9616308508248114,-0.2725806063557247,1
12879.0,93,1,140.5,4.543294782270004,0.6931471805599453,4.952299717083292,0.05463998307310084,-0.7741883749649034,-1.1162220016653137,3
12881.0,99,1,298.0,4.605170185988092,0.6931471805599453,5.700443573390687,0.10030725676987509,-0.7741883749649034,-0.473114221473026,3
12882.0,183,1,471.84,5.214935757608986,0.6931471805599453,6.158757064882177,0.550346037558324,-0.7741883749649034,-0.07914590954965015,3
12883.0,32,1,291.63,3.4965075614664802,0.6931471805599453,5.678909012380178,-0.7179435580787399,-0.7741883749649034,-0.4916254257182075,3
12884.0,2,1,309.05,1.0986122886681098,0.6931471805599453,5.736733574795887,-2.48771527897133,-0.7741883749649034,-0.4419191751592535,2
12885.0,125,3,1175.22,4.836281906951478,1.3862943611198906,7.0700611857921905,0.2708797553971797,0.5389081788515271,0.7042151584288622,1
12886.0,250,2,1378.4,5.5254529391317835,1.0986122886681098,7.229403900997191,0.7795239057264338,-0.006076131156111717,0.8411868638052618,1
12888.0,97,1,81.36,4.584967478670572,0.6931471805599453,4.411099882159589,0.08539660554102044,-0.7741883749649034,-1.5814397823687216,3
12891.0,158,2,289.0,5.0689042022202315,1.0986122886681098,5.66988092298052,0.4425671366126743,-0.006076131156111717,-0.4993860114454612,3
12893.0,91,1,188.14,4.5217885770490405,0.6931471805599453,5.242487481587366,0.03876728243619778,-0.7741883749649034,-0.8667753110378114,3
12897.0,39,1,128.8,3.6888794541139363,0.6931471805599453,4.86599480426999,-0.575963072373566,-0.7741883749649034,-1.1904100878617296,3
12901.0,36,6,1621.92,3.6109179126442243,1.9459101490553132,7.391982274864115,-0.6335027543502829,1.5990431447121,0.9809399557318363,0
12910.0,7,2,1286.62,2.0794415416798357,1.0986122886681098,7.160550832078174,-1.7638121566391332,-0.006076131156111717,0.7820004600961039,2
12912.0,152,2,804.24,5.030437921392435,1.0986122886681098,6.691140369630627,0.41417701599764817,-0.006076131156111717,0.3784931426749994,1
12913.0,39,4,1401.49,3.6888794541139363,1.6094379124341003,7.246004507246655,-0.575963072373566,0.9616308508248114,0.8554568186340457,1
12915.0,667,1,199.65,6.504288173536645,0.6931471805599453,5.301562096712925,1.501955338372516,-0.7741883749649034,-0.8159945096199857,3
12917.0,278,1,594.0,5.631211781821365,0.6931471805599453,6.38856140554563,0.8575794451611989,-0.7741883749649034,0.11839492187823361,3
12919.0,3,3,676.82,1.3862943611198906,1.3862943611198906,6.518881765966892,-2.275390911761259,0.5389081788515271,0.23041888224066567,2
12921.0,36,20,7377.78,3.6109179126442243,3.044522437723423,8.906363592275925,-0.6335027543502829,3.680251942337322,2.282708859124695,0
12922.0,338,1,405.38,5.82600010738045,0.6931471805599453,6.007288682454868,1.0013433843311454,-0.7741883749649034,-0.20934880351302645,3
12923.0,184,1,176.97,5.220355825078324,0.6931471805599453,5.181614996761894,0.5543463299152838,-0.7741883749649034,-0.9191015692311464,3
12924.0,2,2,508.23,1.0986122886681098,1.0986122886681098,6.232899780894358,-2.48771527897133,-0.006076131156111717,-0.01541250171634466,2
12925.0,213,1,325.74,5.365976015021851,0.6931471805599453,5.789164747598362,0.6618216217166248,-0.7741883749649034,-0.39684910625525444,3
12928.0,7,2,980.26,2.0794415416798357,1.0986122886681098,6.888837460127492,-1.7638121566391332,-0.006076131156111717,0.5484344393227307,2
12929.0,343,1,117.85,5.840641657373398,0.6931471805599453,4.777862193806203,1.0121496115344357,-0.7741883749649034,-1.2661692710723842,3
12931.0,33,5,35265.76,3.5263605246161616,1.791759469228055,10.47069615623756,-0.6959105149485876,1.3070204226603186,3.6274160758053884,0
12933.0,342,1,110.75,5.8377304471659395,0.6931471805599453,4.716264233493678,1.0100009866310964,-0.7741883749649034,-1.319119151215066,3
12935.0,151,2,343.78,5.0238805208462765,1.0986122886681098,5.842906532466833,0.4093373125373656,-0.006076131156111717,-0.3506524294009934,3
12939.0,38,4,6397.92,3.6635616461296463,1.6094379124341003,8.76388450510788,-0.594648934560239,0.9616308508248114,2.160233203273267,0
12942.0,455,1,258.75,6.1224928095143865,0.6931471805599453,5.5597196299793366,1.220170455571547,-0.7741883749649034,-0.5940811479594129,3
12944.0,244,1,317.56,5.501258210544727,0.6931471805599453,5.7638108403158865,0.7616669346844612,-0.7741883749649034,-0.41864343751142746,3
12947.0,66,4,950.12,4.204692619390966,1.6094379124341003,6.85764023755029,-0.19526606549133826,0.9616308508248114,0.5216171682983918,1
12948.0,31,2,660.67,3.4657359027997265,1.0986122886681098,6.494766942223867,-0.7406546463948805,-0.006076131156111717,0.20968967269579314,1
12949.0,91,5,3025.07,4.5217885770490405,1.791759469228055,8.015020026929387,0.03876728243619778,1.3070204226603186,1.516505973321453,1
12950.0,152,2,1531.4,5.030437921392435,1.0986122886681098,7.334590412826494,0.41417701599764817,-0.006076131156111717,0.931605656338818,1
12951.0,221,2,467.48,5.402677381872279,1.0986122886681098,6.149493411332892,0.6889091438060244,-0.006076131156111717,-0.08710898726568649,3
12952.0,243,1,297.73,5.497168225293202,0.6931471805599453,5.6995401553980685,0.7586483123454756,-0.7741883749649034,-0.4738908035901154,3
12955.0,121,5,2505.06,4.804021044733257,1.791759469228055,7.826467077707305,0.24706955722334933,1.3070204226603186,1.3544250211080335,1
12956.0,192,1,108.07,5.262690188904886,0.6931471805599453,4.691989877940651,0.5855912974383196,-0.7741883749649034,-1.3399854950120422,3
12957.0,188,2,1000.2,5.241747015059643,1.0986122886681098,6.908954559557619,0.5701341433092347,-0.006076131156111717,0.5657271873007358,1
12962.0,302,1,95.85,5.713732805509369,0.6931471805599453,4.573163389853005,0.9184842627146785,-0.7741883749649034,-1.4421292716905918,3
12963.0,333,2,630.45,5.811140992976701,1.0986122886681098,6.448018762092179,0.9903765832503902,-0.006076131156111717,0.16950472952068457,1
12965.0,32,1,771.91,3.4965075614664802,0.6931471805599453,6.65016261231351,-0.7179435580787399,-0.7741883749649034,0.34326848056851583,1
12967.0,639,1,1368.4,6.461468176353717,0.6931471805599453,7.222127966686963,1.4703519481149387,-0.7741883749649034,0.8349324383714009,3
12970.0,302,2,428.44,5.713732805509369,1.0986122886681098,6.062482034343263,0.9184842627146785,-0.006076131156111717,-0.1619043532043504,3
12971.0,10,35,3877.92,2.3978952727983707,3.58351893845611,8.26331204335516,-1.528776701112921,4.701325774101971,1.7299388929088302,0
12976.0,6,1,738.6,1.9459101490553132,0.6931471805599453,6.60610949951297,-1.8623652857933086,-0.7741883749649034,0.3054002292357461,2
12977.0,187,1,39.24,5.236441962829949,0.6931471805599453,3.6948615257914836,0.5662187381952272,-0.7741883749649034,-2.197121453171894,3
12980.0,10,5,4082.94,2.3978952727983707,1.791759469228055,8.314817487697693,-1.528776701112921,1.3070204226603186,1.7742132015189838,0
12981.0,61,1,185.04,4.127134385045092,0.6931471805599453,5.225961704355896,-0.2525080857850369,-0.7741883749649034,-0.880980942510532,3
12982.0,37,1,390.54,3.6375861597263857,0.6931471805599453,5.970087681348397,-0.6138201977068869,-0.7741883749649034,-0.24132694921430384,3
12985.0,30,2,1239.38,3.4339872044851463,1.0986122886681098,7.123173063265281,-0.7640868409071632,-0.006076131156111717,0.7498703640896438,1
12989.0,2,7,2961.31,1.0986122886681098,2.0794415416798357,7.993724648365551,-2.48771527897133,1.8520047326679574,1.4982003713692587,0
12990.0,122,3,409.5,4.812184355372417,1.3862943611198906,6.017375928892483,0.25309450605324024,0.5389081788515271,-0.20067776169392196,1
12993.0,33,1,197.1,3.5263605246161616,0.6931471805599453,5.288771953704505,-0.6959105149485876,-0.7741883749649034,-0.826988973330595,3
12994.0,33,2,621.82,3.5263605246161616,1.0986122886681098,6.434257552482125,-0.6959105149485876,-0.006076131156111717,0.1576755326483566,1
12997.0,2,1,307.92,1.0986122886681098,0.6931471805599453,5.733082343701063,-2.48771527897133,-0.7741883749649034,-0.44505778961764314,2
12999.0,129,1,320.28,4.867534450455582,0.6931471805599453,5.7723130170633095,0.2939457617932729,-0.7741883749649034,-0.4113349286347722,3
13000.0,425,1,201.75,6.054439346269371,0.6931471805599453,5.311973692995522,1.1699434518628828,-0.7741883749649034,-0.8070446552342162,3
13001.0,127,5,3717.68,4.852030263919617,1.791759469228055,8.221124045587363,0.2825028638493717,1.3070204226603186,1.6936739027381995,1
13003.0,34,2,89.05,3.5553480614894135,1.0986122886681098,4.500365071621965,-0.6745162015277419,-0.006076131156111717,-1.504707029222908,3
13004.0,71,7,2364.39,4.276666119016055,2.0794415416798357,7.7686981921933,-0.14214587057077066,1.8520047326679574,1.304766630660957,0
13005.0,160,1,321.65,5.081404364984463,0.6931471805599453,5.776568144381849,0.4517929084041481,-0.7741883749649034,-0.4076772023015401,3
13011.0,666,1,50.55,6.502790045915623,0.6931471805599453,3.942552210462969,1.5008496420862563,-0.7741883749649034,-1.9842054410300558,3
13012.0,67,2,330.12,4.219507705176107,1.0986122886681098,5.802480847440477,-0.18433175982646136,-0.006076131156111717,-0.385402527715468,3
13013.0,36,10,4000.44,3.6109179126442243,2.3978952727983707,8.294409575317575,-0.6335027543502829,2.4552828078148976,1.7566704694381308,0
13014.0,153,4,1434.08,5.0369526024136295,1.6094379124341003,7.268975875768716,0.41898519022140823,0.9616308508248114,0.8752031089947223,1
13015.0,129,3,979.37,4.867534450455582,1.3862943611198906,6.8879300514305735,0.2939457617932729,0.5389081788515271,0.5476544267785084,1
13016.0,125,1,425.25,4.836281906951478,0.6931471805599453,6.055026028597727,0.2708797553971797,-0.7741883749649034,-0.16831356884341114,3
13017.0,302,1,204.0,5.713732805509369,0.6931471805599453,5.3230099791384085,0.9184842627146785,-0.7741883749649034,-0.7975578146712935,3
13018.0,91,8,2116.4,4.5217885770490405,2.1972245773362196,7.657944199909279,0.03876728243619778,2.0751326664691105,1.2095620072122482,0
13021.0,128,3,952.83,4.859812404361672,1.3862943611198906,6.860485458504313,0.2882464892022382,0.5389081788515271,0.5240629328615468,1
13023.0,184,2,689.9,5.220355825078324,1.0986122886681098,6.537995095494749,0.5543463299152838,-0.006076131156111717,0.24684878515454273,1
13026.0,99,5,975.36,4.605170185988092,1.791759469228055,6.883831370862763,0.10030725676987509,1.3070204226603186,0.544131182766733,1
13027.0,157,2,1536.0,5.062595033026967,1.0986122886681098,7.337587743538596,0.43791064083188236,-0.006076131156111717,0.9341821751252931,1
13029.0,91,1,474.3,4.5217885770490405,0.6931471805599453,6.163946183619964,0.03876728243619778,-0.7741883749649034,-0.07468532004607022,3
13030.0,547,1,427.74,6.306275286948016,0.6931471805599453,6.06085067459299,1.3558115050565998,-0.7741883749649034,-0.16330667728794476,3
13034.0,578,1,165.86,6.361302477572996,0.6931471805599453,5.117155137473929,1.396424440472501,-0.7741883749649034,-0.9745115504382339,3
13037.0,250,1,326.9,5.5254529391317835,0.6931471805599453,5.792708683850602,0.7795239057264338,-0.7741883749649034,-0.39380272291987556,3
13038.0,96,1,196.66,4.574710978503383,0.6931471805599453,5.2865483829480375,0.077826773715113,-0.7741883749649034,-0.8289003646241765,3
13040.0,183,2,676.99,5.214935757608986,1.0986122886681098,6.519132538569087,0.550346037558324,-0.006076131156111717,0.23063444748279258,1
13043.0,38,1,516.42,3.6635616461296463,0.6931471805599453,6.248854923817375,-0.594648934560239,-0.7741883749649034,-0.0016973900284443099,3
13045.0,336,1,305.28,5.820082930352362,0.6931471805599453,5.724499716244923,0.9969761992039964,-0.7741883749649034,-0.4524354542806645,3
13046.0,91,1,431.59,4.5217885770490405,0.6931471805599453,6.069790397209245,0.03876728243619778,-0.7741883749649034,-0.15562205203999954,3
13047.0,122,7,1697.41,4.812184355372417,2.0794415416798357,7.437447798266202,0.25309450605324024,1.8520047326679574,1.0200223214879525,1
13049.0,184,1,502.9,5.220355825078324,0.6931471805599453,6.222377835686553,0.5543463299152838,-0.7741883749649034,-0.024457212528106172,3
13050.0,64,5,1911.92,4.174387269895637,1.791759469228055,7.556386149433556,-0.21763299332885333,1.3070204226603186,1.122262256166424,1
13052.0,36,1,348.15,3.6109179126442243,0.6931471805599453,5.8555016292920445,-0.6335027543502829,-0.7741883749649034,-0.339825628255358,3
13055.0,67,1,344.86,4.219507705176107,0.6931471805599453,5.846034068897776,-0.18433175982646136,-0.7741883749649034,-0.3479639852005667,3
13058.0,1,2,137.7,0.6931471805599453,1.0986122886681098,4.932313327320786,-2.7869696668833854,-0.006076131156111717,-1.1334023910327593,2
13059.0,251,1,183.4,5.529429087511423,0.6931471805599453,5.2171073111224935,0.7824585105193059,-0.7741883749649034,-0.8885922182421656,3
13062.0,339,1,346.98,5.8289456176102075,0.6931471805599453,5.85214500685857,1.0035173244391058,-0.7741883749649034,-0.3427109958005652,3
13064.0,2,2,639.03,1.0986122886681098,1.0986122886681098,6.461515050255119,-2.48771527897133,-0.006076131156111717,0.1811061987409803,2
13065.0,698,1,205.86,6.54965074223381,0.6931471805599453,5.3320422359496575,1.5354352789595793,-0.7741883749649034,-0.7897936466185355,3
13066.0,153,1,151.81,5.0369526024136295,0.6931471805599453,5.029195319617166,0.41898519022140823,-0.7741883749649034,-1.0501222003567947,3
13069.0,3,14,2825.74,1.3862943611198906,2.70805020110221,7.946879383177541,-2.275390911761259,3.0428396484500335,1.4579319734487368,0
13075.0,306,1,919.61,5.726847747587197,0.6931471805599453,6.825036493805135,0.9281637736899004,-0.7741883749649034,0.49359084543397036,3
13077.0,120,2,465.55,4.795790545596741,1.0986122886681098,6.145365195680031,0.2409950197796698,-0.006076131156111717,-0.0906576197676894,1
13078.0,1,10,4629.86,0.6931471805599453,2.3978952727983707,8.440497874972175,-2.7869696668833854,2.4552828078148976,1.882248620365743,0
13079.0,93,2,65.7,4.543294782270004,1.0986122886681098,4.200204952921578,0.05463998307310084,-0.006076131156111717,-1.762725999788838,3
13081.0,61,6,17893.61,4.127134385045092,1.9459101490553132,9.792254829165488,-0.2525080857850369,1.5990431447121,3.0442248991812497,0
13082.0,217,3,1747.54,5.384495062789089,1.3862943611198906,7.466536432993263,0.6754896444230828,0.5389081788515271,1.045027041035443,1
13083.0,213,1,111.36,5.365976015021851,0.6931471805599453,4.721708002236043,0.6618216217166248,-0.7741883749649034,-1.314439663437058,3
13085.0,218,1,137.98,5.389071729816501,0.6931471805599453,4.934330037886181,0.6788674632848729,-0.7741883749649034,-1.131668817677759,3
13089.0,7,37,27867.5,2.0794415416798357,3.6375861597263857,10.235252297714336,-1.7638121566391332,4.803750603799867,3.4250274897891657,0
13090.0,122,6,4099.54,4.812184355372417,1.9459101490553132,8.318873951336824,0.25309450605324024,1.5990431447121,1.7777001556714487,0
13091.0,30,1,345.82,3.4339872044851463,0.6931471805599453,5.848805913370403,-0.7640868409071632,-0.7741883749649034,-0.3455812953865679,3
13092.0,6,2,151.0,1.9459101490553132,1.0986122886681098,5.0238805208462765,-1.8623652857933086,-0.006076131156111717,-1.0546908249747735,2
13093.0,99,4,3470.34,4.605170185988092,1.6094379124341003,8.152295965544537,0.10030725676987509,0.9616308508248114,1.6345089795779515,1
13094.0,39,8,1134.24,3.6888794541139363,2.1972245773362196,7.034599361306804,-0.575963072373566,2.0751326664691105,0.6737320166719712,0
13097.0,94,3,1944.28,4.553876891600541,1.3862943611198906,7.573161204560358,0.06245013143655385,0.5389081788515271,1.1366821680246162,1
13098.0,34,17,19025.14,3.5553480614894135,2.8903717578961645,9.85356910209106,-0.6745162015277419,3.3882292202855404,3.0969309203867046,0
13099.0,335,1,207.36,5.817111159963204,0.6931471805599453,5.339267352876991,0.9947828777293771,-0.7741883749649034,-0.7835829040326094,3
13102.0,40,13,3843.97,3.713572066704308,2.6390573296152584,8.254521079568603,-0.5577386369809405,2.9121396985285304,1.7223821414112936,0
13104.0,182,1,339.48,5.209486152841421,0.6931471805599453,5.830356386713225,0.5463239451354044,-0.7741883749649034,-0.3614405904059218,3
13107.0,71,1,566.84,4.276666119016055,0.6931471805599453,6.341839688898187,-0.14214587057077066,-0.7741883749649034,0.07823272683166392,3
13108.0,667,1,350.06,6.504288173536645,0.6931471805599453,5.8609571490281995,1.501955338372516,-0.7741883749649034,-0.33513603927092034,3
13109.0,31,2,786.54,3.4657359027997265,1.0986122886681098,6.668914163060628,-0.7406546463948805,-0.006076131156111717,0.3593873968363883,1
13110.0,122,3,781.88,4.812184355372417,1.3862943611198906,6.662979427540813,0.25309450605324024,0.5389081788515271,0.35428587183688587,1
13113.0,6,11,4756.24,1.9459101490553132,2.4849066497880004,8.467422947125149,-1.8623652857933086,2.6201169764767496,1.9053935319196267,0
13115.0,1,2,1779.62,0.6931471805599453,1.0986122886681098,7.4847168972454226,-2.7869696668833854,-0.006076131156111717,1.0606550488169673,2
13117.0,64,5,664.71,4.174387269895637,1.791759469228055,6.500854140275416,-0.21763299332885333,1.3070204226603186,0.2149222551644162,1
13122.0,185,1,18.72,5.225746673713202,0.6931471805599453,2.9816333491744893,0.5583250572491445,-0.7741883749649034,-2.8102155600976166,3
13124.0,32,2,2610.01,3.4965075614664802,1.0986122886681098,7.867492398642005,-0.7179435580787399,-0.006076131156111717,1.3896905691113455,1
13126.0,69,5,1126.69,4.248495242049359,1.791759469228055,7.027926571592292,-0.16293744640561536,1.3070204226603186,0.6679960570101882,1
13130.0,185,1,64.0,5.225746673713202,0.6931471805599453,4.174387269895637,0.5583250572491445,-0.7741883749649034,-1.7849189947329809,3
13131.0,219,1,324.9,5.393627546352362,0.6931471805599453,5.786590585843515,0.6822298933968988,-0.7741883749649034,-0.39906186712745667,3
13133.0,38,2,109.8,3.6635616461296463,1.0986122886681098,4.707726774313183,-0.594648934560239,-0.006076131156111717,-1.3264579890278227,3
13134.0,96,1,360.04,4.574710978503383,0.6931471805599453,5.888988755518746,0.077826773715113,-0.7741883749649034,-0.31103994588810996,3
13136.0,36,1,574.46,3.6109179126442243,0.6931471805599453,6.355169720967915,-0.6335027543502829,-0.7741883749649034,0.0896912815761575,3
13137.0,30,4,2019.3,3.4339872044851463,1.6094379124341003,7.611001294219497,-0.7640868409071632,0.9616308508248114,1.1692096770829372,1
13138.0,667,1,193.23,6.504288173536645,0.6931471805599453,5.269043023844041,1.501955338372516,-0.7741883749649034,-0.8439480490232772,3
13139.0,128,3,1887.38,4.859812404361672,1.3862943611198906,7.543474597639559,0.2882464892022382,0.5389081788515271,1.1111634289247503,1
13140.0,486,1,159.51,6.18826412308259,0.6931471805599453,5.078356245925126,1.2687131138433259,-0.7741883749649034,-1.0078632498574158,3
13141.0,97,1,360.18,4.584967478670572,0.6931471805599453,5.889376449024197,0.08539660554102044,-0.7741883749649034,-0.3107066828296972,3
13144.0,40,1,110.95,3.713572066704308,0.6931471805599453,4.718052343044764,-0.5577386369809405,-0.7741883749649034,-1.3175820843068176,3
13145.0,93,3,499.72,4.543294782270004,1.3862943611198906,6.216047062616446,0.05463998307310084,0.5389081788515271,-0.029899173164009123,1
13147.0,91,2,356.4,4.5217885770490405,1.0986122886681098,5.878855602725328,0.03876728243619778,-0.006076131156111717,-0.3197504490144586,3
13148.0,61,5,1698.09,4.127134385045092,1.791759469228055,7.437848092605616,-0.2525080857850369,1.3070204226603186,1.02036641627918,1
13153.0,243,1,486.22,5.497168225293202,0.6931471805599453,6.188715766456242,0.7586483123454756,-0.7741883749649034,-0.05339327667789927,3
13155.0,183,2,468.96,5.214935757608986,1.0986122886681098,6.152647584699372,0.550346037558324,-0.006076131156111717,-0.08439764583722068,1
13157.0,7,1,300.12,2.0794415416798357,0.6931471805599453,5.707508856397014,-1.7638121566391332,-0.7741883749649034,-0.46704087283516366,2
13158.0,3,3,944.65,1.3862943611198906,1.3862943611198906,6.851872521734463,-2.275390911761259,0.5389081788515271,0.5166592141779048,2
13159.0,333,1,282.56,5.811140992976701,0.6931471805599453,5.647423740986817,0.9903765832503902,-0.7741883749649034,-0.5186903047836805,3
13162.0,94,3,1139.86,4.553876891600541,1.3862943611198906,7.039537642947387,0.06245013143655385,0.5389081788515271,0.6779769854932279,1
13166.0,342,1,417.2,5.8377304471659395,0.6931471805599453,6.035959786994534,1.0100009866310964,-0.7741883749649034,-0.18470299476820454,3
13167.0,276,2,416.76,5.6240175061873385,1.0986122886681098,6.034907104950818,0.8522696946838361,-0.006076131156111717,-0.18560788492625976,3
13168.0,275,1,346.53,5.62040086571715,0.6931471805599453,5.850850992213798,0.8496004254703785,-0.7741883749649034,-0.34382333653386105,3
13169.0,154,2,712.88,5.043425116919247,1.0986122886681098,6.570714880987815,0.4237622433584039,-0.006076131156111717,0.27497485802062444,1
13173.0,213,2,353.65,5.365976015021851,1.0986122886681098,5.871131387648096,0.6618216217166248,-0.006076131156111717,-0.3263902185857341,3
13174.0,578,1,1415.97,6.361302477572996,0.6931471805599453,7.2562760679775,1.396424440472501,-0.7741883749649034,0.8642862978378554,1
13177.0,184,1,282.45,5.220355825078324,0.6931471805599453,5.6470357407703125,0.5543463299152838,-0.7741883749649034,-0.5190238314922759,3
13178.0,97,3,1465.06,4.584967478670572,1.3862943611198906,7.290333809303488,0.08539660554102044,0.5389081788515271,0.8935624834776394,1
13183.0,101,4,1799.42,4.624972813284271,1.6094379124341003,7.495775249999601,0.11492262808559309,0.9616308508248114,1.070160857936919,1
13184.0,34,5,845.53,3.5553480614894135,1.791759469228055,6.7411456409924595,-0.6745162015277419,1.3070204226603186,0.42147789593107315,1
13186.0,155,2,1301.94,5.049856007249537,1.0986122886681098,7.17237852848212,0.4285085756840135,-0.006076131156111717,0.7921676004328213,1
13187.0,192,1,236.02,5.262690188904886,0.6931471805599453,5.4681445257603025,0.5855912974383196,-0.7741883749649034,-0.6727995140846876,3
13192.0,216,1,447.62,5.37989735354046,0.6931471805599453,6.106176204239879,0.6720962953050397,-0.7741883749649034,-0.12434465078528528,3
13193.0,92,1,117.88,4.532599493153256,0.6931471805599453,4.778114580969449,0.04674630212701821,-0.7741883749649034,-1.2659523179464103,3
13198.0,33,3,1824.44,3.5263605246161616,1.3862943611198906,7.509576332848059,-0.6959105149485876,0.5389081788515271,1.0820243300219927,1
13199.0,122,13,2863.76,4.812184355372417,2.6390573296152584,7.960239856006461,0.25309450605324024,2.9121396985285304,1.4694166952049703,0
13200.0,217,1,319.32,5.384495062789089,0.6931471805599453,5.769320496126856,0.6754896444230828,-0.7741883749649034,-0.41390731291674787,3
13203.0,33,2,309.86,3.5263605246161616,1.0986122886681098,5.739342650054752,-0.6959105149485876,-0.006076131156111717,-0.4396764024840027,1
13207.0,4,1,197.52,1.6094379124341003,0.6931471805599453,5.29088985071924,-2.1106993377399443,-0.7741883749649034,-0.8251684196545354,2
13208.0,1,4,692.14,0.6931471805599453,1.6094379124341003,6.54123199898859,-2.7869696668833854,0.9616308508248114,0.2496312417677604,2
13209.0,91,4,2330.79,4.5217885770490405,1.6094379124341003,7.754391491957531,0.03876728243619778,0.9616308508248114,1.292468527625113,1
13210.0,155,1,353.48,5.049856007249537,0.6931471805599453,5.8706519268912345,0.4285085756840135,-0.7741883749649034,-0.32680236518085065,3
13211.0,215,1,775.94,5.375278407684165,0.6931471805599453,6.655363127308804,0.6686872724634108,-0.7741883749649034,0.34773886634564094,3
13212.0,92,2,291.47,4.532599493153256,1.0986122886681098,5.67836209730929,0.04674630212701821,-0.006076131156111717,-0.49209555634111757,3
13213.0,96,2,548.6,4.574710978503383,1.0986122886681098,6.309190740908139,0.077826773715113,-0.006076131156111717,0.05016754619765264,1
13217.0,94,2,137.02,4.553876891600541,1.0986122886681098,4.927398602192456,0.06245013143655385,-0.006076131156111717,-1.1376271105715066,3
13218.0,247,1,62.64,5.5134287461649825,0.6931471805599453,4.153242203469586,0.7706494244592157,-0.7741883749649034,-1.8030953877042395,3
13220.0,158,2,643.09,5.0689042022202315,1.0986122886681098,6.46783846789281,0.4425671366126743,-0.006076131156111717,0.18654183661452547,1
13224.0,34,2,2155.95,3.5553480614894135,1.0986122886681098,7.676450465777419,-0.6745162015277419,-0.006076131156111717,1.2254700755092336,1
13225.0,62,3,3428.0,4.143134726391533,1.3862943611198906,8.14002395246292,-0.24069899972494663,0.5389081788515271,1.6239599026526086,1
13226.0,38,1,108.21,3.6635616461296463,0.6931471805599453,4.693272634209637,-0.594648934560239,-0.7741883749649034,-1.3388828320285526,3
13230.0,60,7,1567.12,4.110873864173311,2.0794415416798357,7.35763272859428,-0.26450919789877697,1.8520047326679574,0.9514129332668819,0
13232.0,5,3,473.83,1.791759469228055,1.3862943611198906,6.162956845238193,-1.9761365238492044,0.5389081788515271,-0.07553575971111035,2
13233.0,163,1,304.24,5.099866427824199,0.6931471805599453,5.721098352421432,0.4654188732633121,-0.7741883749649034,-0.45535928172335444,3
13235.0,36,1,1031.07,3.6109179126442243,0.6931471805599453,6.939321773198559,-0.6335027543502829,-0.7741883749649034,0.5918309789587207,1
13240.0,246,2,334.11,5.5093883366279774,1.0986122886681098,5.8144588361362635,0.7676673915820786,-0.006076131156111717,-0.3751061954574771,3
13242.0,67,2,104.0,4.219507705176107,1.0986122886681098,4.653960350157523,-0.18433175982646136,-0.006076131156111717,-1.3726758459227362,3
13244.0,124,1,121.74,4.8283137373023015,0.6931471805599453,4.810068296960951,0.26499883079118963,-0.7741883749649034,-1.2384847618247619,3
13248.0,156,2,465.68,5.056245805348308,1.0986122886681098,6.145643797955656,0.4332245798004987,-0.006076131156111717,-0.09041813201473524,1
13249.0,124,2,419.57,4.8283137373023015,1.0986122886681098,6.041610934048554,0.26499883079118963,-0.006076131156111717,-0.17984524367286137,1
13253.0,187,2,1030.4,5.236441962829949,1.0986122886681098,6.9386723816168585,0.5662187381952272,-0.006076131156111717,0.5912727590721815,1
13255.0,698,1,225.7,6.54965074223381,0.6931471805599453,5.423627557513483,1.5354352789595793,-0.7741883749649034,-0.7110664976183191,3
13259.0,92,1,292.32,4.532599493153256,0.6931471805599453,5.681264163225599,0.04674630212701821,-0.7741883749649034,-0.4896009275960249,3
13260.0,92,1,557.62,4.532599493153256,0.6931471805599453,6.325469456665338,0.04674630212701821,-0.7741883749649034,0.0641608025302851,3
13263.0,6,13,2727.1,1.9459101490553132,2.6390573296152584,7.911360675183001,-1.8623652857933086,2.9121396985285304,1.4273999343748487,0
13265.0,2,4,1802.3,1.0986122886681098,1.6094379124341003,7.497373598713226,-2.48771527897133,0.9616308508248114,1.071534805586862,2
13266.0,61,5,1601.99,4.127134385045092,1.791759469228055,7.379625914286913,-0.2525080857850369,1.3070204226603186,0.970318373324836,1
13267.0,10,11,2592.29,2.3978952727983707,2.4849066497880004,7.860682618853154,-1.528776701112921,2.6201169764767496,1.3838368521735074,0
13268.0,7,3,843.88,2.0794415416798357,1.3862943611198906,6.739194605438219,-1.7638121566391332,0.5389081788515271,0.4198007771072192,2
13269.0,2,8,2941.99,1.0986122886681098,2.1972245773362196,7.987181350334394,-2.48771527897133,2.0751326664691105,1.4925757233333536,0
13270.0,486,1,590.0,6.18826412308259,0.6931471805599453,6.3818160174060985,1.2687131138433259,-0.7741883749649034,0.11259655628801056,3
13271.0,303,1,217.38,5.717027701406222,0.6931471805599453,5.38623666458592,0.9209160676594919,-0.7741883749649034,-0.7432078751720133,3
13272.0,32,2,276.56,3.4965075614664802,1.0986122886681098,5.626037126031348,-0.7179435580787399,-0.006076131156111717,-0.5370743339431572,1
13276.0,154,2,590.93,5.043425116919247,1.0986122886681098,6.3833883846494786,0.4237622433584039,-0.006076131156111717,0.1139481701507885,1
13280.0,94,2,422.85,4.553876891600541,1.0986122886681098,6.049379619054415,0.06245013143655385,-0.006076131156111717,-0.1731672475535171,1
13282.0,281,1,344.7,5.641907070938114,0.6931471805599453,5.845571346927579,0.8654731261072822,-0.7741883749649034,-0.3483617430603565,3
13283.0,31,2,93.66,3.4657359027997265,1.0986122886681098,4.5502915244781015,-0.7406546463948805,-0.006076131156111717,-1.461790028704237,3
13285.0,338,1,796.83,5.82600010738045,0.6931471805599453,6.681895542173692,1.0013433843311454,-0.7741883749649034,0.37054624795152286,3
13291.0,157,1,361.11,5.062595033026967,0.6931471805599453,5.8919480330707374,0.43791064083188236,-0.7741883749649034,-0.30849613776699863,3
13292.0,334,1,329.37,5.814130531825066,0.6931471805599453,5.800213238492865,0.9925830187742288,-0.7741883749649034,-0.3873517744336605,3
13294.0,251,2,873.74,5.529429087511423,1.0986122886681098,6.773926699344786,0.7824585105193059,-0.006076131156111717,0.44965663921899046,1
13297.0,276,2,1638.9,5.6240175061873385,1.0986122886681098,7.4023905433494,0.8522696946838361,-0.006076131156111717,0.9898869495282627,1
13298.0,121,1,360.0,4.804021044733257,0.6931471805599453,5.8888779583328805,0.24706955722334933,-0.7741883749649034,-0.31113518764095277,3
13301.0,248,2,306.99,5.517452896464707,1.0986122886681098,5.7300673149140255,0.7736194571715965,-0.006076131156111717,-0.44764952174790157,3
13302.0,156,1,63.75,5.056245805348308,0.6931471805599453,4.1705337005796475,0.4332245798004987,-0.7741883749649034,-1.788231540024544,3
13305.0,38,6,1086.21,3.6635616461296463,1.9459101490553132,6.991370060734295,-0.594648934560239,1.5990431447121,0.6365719179876498,0
13307.0,33,1,15.0,3.5263605246161616,0.6931471805599453,2.772588722239781,-0.6959105149485876,-0.7741883749649034,-2.9899112494435807,3
13309.0,2,3,1007.09,1.0986122886681098,1.3862943611198906,6.9158127303598675,-2.48771527897133,0.5389081788515271,0.5716225013685174,2
13310.0,29,1,314.38,3.4011973816621555,0.6931471805599453,5.753778260977441,-0.7882874395836372,-0.7741883749649034,-0.42726748724939617,3
13311.0,4,2,598.57,1.6094379124341003,1.0986122886681098,6.396212731621162,-2.1106993377399443,-0.006076131156111717,0.12497203574006419,2
13313.0,128,3,934.04,4.859812404361672,1.3862943611198906,6.84058930912228,0.2882464892022382,0.5389081788515271,0.5069601145257693,1
13314.0,121,2,276.32,4.804021044733257,1.0986122886681098,5.62517207407429,0.24706955722334933,-0.006076131156111717,-0.5378179364457569,3
13316.0,303,1,1514.17,5.717027701406222,0.6931471805599453,7.323282922869383,0.9209160676594919,-0.7741883749649034,0.9218856877732052,1
13317.0,245,1,959.7,5.5053315359323625,0.6931471805599453,6.867662185415693,0.7646732611753665,-0.7741883749649034,0.5302320791749359,3
13318.0,120,3,640.76,4.795790545596741,1.3862943611198906,6.464214402021743,0.2409950197796698,0.5389081788515271,0.18342657350307517,1
13319.0,61,15,6712.74,4.127134385045092,2.772588722239781,8.811911451738016,-0.2525080857850369,3.165101286484388,2.2015173798073984,0
13320.0,67,2,508.61,4.219507705176107,1.0986122886681098,6.233645727299329,-0.18433175982646136,-0.006076131156111717,-0.014771282875076074,1
13323.0,153,3,530.25,5.0369526024136295,1.3862943611198906,6.275232720238627,0.41898519022140823,0.5389081788515271,0.0209770808768748,1
13324.0,32,5,4649.83,3.4965075614664802,1.791759469228055,8.444800977276788,-0.7179435580787399,1.3070204226603186,1.8859475862099842,0
13327.0,158,4,2084.42,5.0689042022202315,1.6094379124341003,7.642725552795742,0.4425671366126743,0.9616308508248114,1.1964799905917773,1
13329.0,122,2,789.0,4.812184355372417,1.0986122886681098,6.672032945461067,0.25309450605324024,-0.006076131156111717,0.3620683160333311,1
13330.0,124,2,805.11,4.8283137373023015,1.0986122886681098,6.692220209621367,0.26499883079118963,-0.006076131156111717,0.37942137792488195,1
13334.0,162,2,2731.84,5.093750200806762,1.0986122886681098,7.9130966404894725,0.46090477886694337,-0.006076131156111717,1.4288921778589372,1
13338.0,218,1,487.02,5.389071729816501,0.6931471805599453,6.190356388619899,0.6788674632848729,-0.7741883749649034,-0.05198299058263984,3
13340.0,130,1,3678.03,4.875197323201151,0.6931471805599453,8.210404409461308,0.2996013613683453,-0.7741883749649034,1.6844592559354814,1
13344.0,161,3,2543.72,5.087596335232384,1.3862943611198906,7.841775903285653,0.4563629052533389,0.5389081788515271,1.3675845555371944,1
13348.0,183,1,233.76,5.214935757608986,0.6931471805599453,5.458563715690134,0.550346037558324,-0.7741883749649034,-0.6810352209540609,3
13351.0,245,1,373.94,5.5053315359323625,0.6931471805599453,5.926766013169045,0.7646732611753665,-0.7741883749649034,-0.27856644750352383,3
13352.0,62,1,397.98,4.143134726391533,0.6931471805599453,5.988911290320265,-0.24069899972494663,-0.7741883749649034,-0.22514609137654104,3
13355.0,94,1,674.7,4.553876891600541,0.6931471805599453,6.515749190558129,0.06245013143655385,-0.7741883749649034,0.22772610651253497,3
13359.0,154,1,439.56,5.043425116919247,0.6931471805599453,6.088046644954226,0.4237622433584039,-0.7741883749649034,-0.1399289004316126,3
13362.0,129,1,768.83,4.867534450455582,0.6931471805599453,6.6461697112516305,0.2939457617932729,-0.7741883749649034,0.3398361650896359,3
13365.0,183,2,2225.37,5.214935757608986,1.0986122886681098,7.708127735453272,0.550346037558324,-0.006076131156111717,1.2526999971506934,1
13368.0,193,1,35.4,5.267858159063328,0.6931471805599453,3.594568774642695,0.5894055288372393,-0.7741883749649034,-2.2833335472991143,3
13369.0,455,1,308.28,6.1224928095143865,0.6931471805599453,5.734247015460021,1.220170455571547,-0.7741883749649034,-0.4440566326031981,3
13370.0,639,1,754.87,6.461468176353717,0.6931471805599453,6.62786940372116,1.4703519481149387,-0.7741883749649034,0.32410513949404324,3
13372.0,32,1,378.64,3.4965075614664802,0.6931471805599453,5.939223435262291,-0.7179435580787399,-0.7741883749649034,-0.26785799216867956,3
13373.0,62,3,3312.25,4.143134726391533,1.3862943611198906,8.105684859760789,-0.24069899972494663,0.5389081788515271,1.59444186612086,1
13375.0,2,1,778.65,1.0986122886681098,0.6931471805599453,6.658845101030894,-2.48771527897133,-0.7741883749649034,0.35073198641502684,2
13376.0,336,1,249.76,5.820082930352362,0.6931471805599453,5.5244963064057675,0.9969761992039964,-0.7741883749649034,-0.6243592732737046,3
13379.0,304,1,299.53,5.720311776607412,0.6931471805599453,5.705547582602867,0.9233398863667901,-0.7741883749649034,-0.4687267924954929,3
13381.0,32,2,1177.98,3.4965075614664802,1.0986122886681098,7.072404936865075,-0.7179435580787399,-0.006076131156111717,0.7062298572559642,1
13382.0,252,1,222.99,5.53338948872752,0.6931471805599453,5.411601408001375,0.785381493084536,-0.7741883749649034,-0.7214042291278252,3
13384.0,91,2,1305.44,4.5217885770490405,1.0986122886681098,7.175061159681089,0.03876728243619778,-0.006076131156111717,0.79447360212073,1
13394.0,34,4,1218.27,3.5553480614894135,1.6094379124341003,7.106007597982384,-0.6745162015277419,0.9616308508248114,0.7351148539280841,1
13395.0,158,1,307.72,5.0689042022202315,0.6931471805599453,5.7324347172293635,0.4425671366126743,-0.7741883749649034,-0.4456144922077893,3
13396.0,61,1,973.72,4.127134385045092,0.6931471805599453,6.882150250266743,-0.2525080857850369,-0.7741883749649034,0.5426860840392255,1
13397.0,96,2,678.62,4.574710978503383,1.0986122886681098,6.521533818440677,0.077826773715113,-0.006076131156111717,0.23269859832065498,1
13402.0,247,2,621.23,5.5134287461649825,1.0986122886681098,6.433309799308897,0.7706494244592157,-0.006076131156111717,0.15686083981319374,1
13404.0,36,2,252.49,3.6109179126442243,1.0986122886681098,5.5353243745214,-0.6335027543502829,-0.006076131156111717,-0.6150514178513725,3
13408.0,4,22,10221.25,1.6094379124341003,3.1354942159291497,9.23232199608257,-2.1106993377399443,3.852588686692241,2.562904150096893,0
13410.0,219,1,140.4,5.393627546352362,0.6931471805599453,4.951592753462473,0.6822298933968988,-0.7741883749649034,-1.1168297107322653,3
13414.0,218,1,467.7,5.389071729816501,0.6931471805599453,6.14996290492866,0.6788674632848729,-0.7741883749649034,-0.0867054084864936,3
13417.0,213,1,404.83,5.365976015021851,0.6931471805599453,6.005934352702543,0.6618216217166248,-0.7741883749649034,-0.21051299138053772,3
13418.0,36,11,3642.99,3.6109179126442243,2.4849066497880004,8.20083451413898,-0.6335027543502829,2.6201169764767496,1.6762329314318076,0
13419.0,154,1,221.06,5.043425116919247,0.6931471805599453,5.40294761562612,0.4237622433584039,-0.7741883749649034,-0.7288430674712474,3
13422.0,184,1,2626.3,5.220355825078324,0.6931471805599453,7.8737119818711125,0.5543463299152838,-0.7741883749649034,1.3950369504663092,1
13426.0,32,5,2017.32,3.4965075614664802,1.791759469228055,7.61002076118661,-0.7179435580787399,1.3070204226603186,1.168366806534889,0
13427.0,33,2,464.86,3.5263605246161616,1.0986122886681098,6.143885159803208,-0.6959105149485876,-0.006076131156111717,-0.09192986517787914,1
13429.0,62,1,165.72,4.143134726391533,0.6931471805599453,5.116315758565002,-0.24069899972494663,-0.7741883749649034,-0.9752330842746866,3
13431.0,2,2,1269.1,1.0986122886681098,1.0986122886681098,7.146850916510274,-2.48771527897133,-0.006076131156111717,0.7702239518545202,2
13434.0,246,1,72.84,5.5093883366279774,0.6931471805599453,4.301900590194597,0.7676673915820786,-0.7741883749649034,-1.6753079785212555,3
13435.0,217,3,1137.28,5.384495062789089,1.3862943611198906,7.037273630116199,0.6754896444230828,0.5389081788515271,0.6760308300126784,1
13436.0,121,1,196.89,4.804021044733257,0.6931471805599453,5.287711320760812,0.24706955722334933,-0.7741883749649034,-0.8279006981175682,3
13437.0,122,4,2374.81,4.812184355372417,1.6094379124341003,7.7730937109550915,0.25309450605324024,0.9616308508248114,1.3085450381020627,1
13441.0,93,1,296.64,4.543294782270004,0.6931471805599453,5.69588470252906,0.05463998307310084,-0.7741883749649034,-0.47703304710433536,3
13447.0,183,2,654.01,5.214935757608986,1.0986122886681098,6.484650502694282,0.550346037558324,-0.006076131156111717,0.20099353636523173,1
13448.0,220,4,1423.26,5.3981627015177525,1.6094379124341003,7.261407659575105,0.6855770743403773,0.9616308508248114,0.8686974367563487,1
13450.0,32,4,1289.34,3.4965075614664802,1.6094379124341003,7.1626610285198025,-0.7179435580787399,0.9616308508248114,0.7838143943253355,1
13451.0,5,3,1852.51,1.791759469228055,1.3862943611198906,7.524836417774506,-1.9761365238492044,0.5389081788515271,1.0951419667703999,2
13455.0,486,1,692.94,6.18826412308259,0.6931471805599453,6.542385501437915,1.2687131138433259,-0.7741883749649034,0.2506227975940593,3
13456.0,154,2,884.76,5.043425116919247,1.0986122886681098,6.786446033549195,0.4237622433584039,-0.006076131156111717,0.46041831447944315,1
13458.0,7,8,5803.16,2.0794415416798357,2.1972245773362196,8.666330180819148,-1.7638121566391332,2.0751326664691105,2.0763750730319255,0
13460.0,61,1,75.98,4.127134385045092,0.6931471805599453,4.3435456478556,-0.2525080857850369,-0.7741883749649034,-1.639509702076754,3
13461.0,334,1,560.8,5.814130531825066,0.6931471805599453,6.331145914670143,0.9925830187742288,-0.7741883749649034,0.0690403110312878,3
13462.0,341,1,151.5,5.834810737062605,0.6931471805599453,5.0271645960474665,1.007846088361475,-0.7741883749649034,-1.0518678193525044,3
13464.0,1,1,674.68,0.6931471805599453,0.6931471805599453,6.515719591185634,-2.7869696668833854,-0.7741883749649034,0.22770066276053458,2
13466.0,127,1,307.9,4.852030263919617,0.6931471805599453,5.733017599924536,0.2825028638493717,-0.7741883749649034,-0.44511344365536903,3
13467.0,275,1,782.46,5.62040086571715,0.6931471805599453,6.663720007525375,0.8496004254703785,-0.7741883749649034,0.3549224776793461,3
13468.0,1,21,3397.3,0.6931471805599453,3.091042453358316,8.13103058556257,-2.7869696668833854,3.7683793616313284,1.616229164539907,0
13470.0,336,1,49.5,5.820082930352362,0.6931471805599453,3.9219733362813143,0.9969761992039964,-0.7741883749649034,-2.001895132634477,3
13471.0,121,2,985.18,4.804021044733257,1.0986122886681098,6.89383889372229,0.24706955722334933,-0.006076131156111717,0.552733693844187,1
13473.0,40,2,422.64,3.713572066704308,1.0986122886681098,6.048884037975468,-0.5577386369809405,-0.006076131156111717,-0.1735932512490627,1
13475.0,189,2,525.26,5.247024072160486,1.0986122886681098,6.265795387191345,0.5740288865586801,-0.006076131156111717,0.012864707493327571,1
13476.0,283,1,727.6,5.648974238161206,0.6931471805599453,6.591124884574463,0.8706890639508278,-0.7741883749649034,0.29251938771189406,3
13477.0,6,2,421.59,1.9459101490553132,1.0986122886681098,6.046402441863648,-1.8623652857933086,-0.006076131156111717,-0.17572644228358286,2
13483.0,215,1,140.34,5.375278407684165,0.6931471805599453,4.951168335262708,0.6686872724634108,-0.7741883749649034,-1.1171945425009453,3
13484.0,7,1,313.8,2.0794415416798357,0.6931471805599453,5.751937516543248,-1.7638121566391332,-0.7741883749649034,-0.4288497993368308,2
13486.0,157,2,819.61,5.062595033026967,1.0986122886681098,6.71004796613905,0.43791064083188236,-0.006076131156111717,0.394746196572039,1
13487.0,67,1,215.65,4.219507705176107,0.6931471805599453,5.378283148185918,-0.18433175982646136,-0.7741883749649034,-0.7500447531783019,3
13488.0,10,4,4038.12,2.3978952727983707,1.6094379124341003,8.303782125446407,-1.528776701112921,0.9616308508248114,1.7647271551373818,0
13489.0,218,1,51.36,5.389071729816501,0.6931471805599453,3.9581429410416993,0.6788674632848729,-0.7741883749649034,-1.970803579811077,3
13491.0,40,5,655.48,3.713572066704308,1.791759469228055,6.486892228693876,-0.5577386369809405,1.3070204226603186,0.2029205339864033,1
13492.0,97,2,676.1,4.584967478670572,1.0986122886681098,6.517818972491599,0.08539660554102044,-0.006076131156111717,0.22950530025113786,1
13493.0,99,1,439.28,4.605170185988092,0.6931471805599453,6.0874108881551905,0.10030725676987509,-0.7741883749649034,-0.14047539979844306,3
13494.0,343,1,316.26,5.840641657373398,0.6931471805599453,5.759721626980309,1.0121496115344357,-0.7741883749649034,-0.4221585434483467,3
13495.0,244,3,1483.39,5.501258210544727,1.3862943611198906,7.302759192435106,0.7616669346844612,0.5389081788515271,0.9042433979788347,1
13497.0,311,2,348.05,5.7430031878094825,1.0986122886681098,5.855215178416411,0.9400873308061398,-0.006076131156111717,-0.340071862699723,3
13499.0,61,1,323.62,4.127134385045092,0.6931471805599453,5.782655267476924,-0.2525080857850369,-0.7741883749649034,-0.40244468426583396,3
13500.0,94,2,668.8,4.553876891600541,1.0986122886681098,6.506979160360104,0.06245013143655385,-0.006076131156111717,0.22018734962063366,1
13502.0,69,1,74.56,4.248495242049359,0.6931471805599453,4.324927042633309,-0.16293744640561536,-0.7741883749649034,-1.6555143377812866,3
13504.0,184,1,295.93,5.220355825078324,0.6931471805599453,5.693496420787701,0.5543463299152838,-0.7741883749649034,-0.47908602469174744,3
13506.0,578,1,301.12,6.361302477572996,0.6931471805599453,5.710824289445247,1.396424440472501,-0.7741883749649034,-0.46419091186836675,3
13507.0,182,2,842.69,5.209486152841421,1.0986122886681098,6.737785128547114,0.5463239451354044,-0.006076131156111717,0.4185891845143924,1
13508.0,68,1,110.97,4.23410650459726,0.6931471805599453,4.718230978272105,-0.17355708477387338,-0.7741883749649034,-1.317428528672362,3
13509.0,38,3,265.3,3.6635616461296463,1.3862943611198906,5.584623492819887,-0.594648934560239,0.5389081788515271,-0.5726736769034467,1
13510.0,96,3,1239.67,4.574710978503383,1.3862943611198906,7.123406835258043,0.077826773715113,0.5389081788515271,0.7500713155324295,1
13513.0,217,1,205.1,5.384495062789089,0.6931471805599453,5.328361487896413,0.6754896444230828,-0.7741883749649034,-0.7929576339854203,3
13515.0,190,1,203.4,5.25227342804663,0.6931471805599453,5.320078858329549,0.5779031848675285,-0.7741883749649034,-0.8000774191310089,3
13517.0,31,1,516.24,3.4657359027997265,0.6931471805599453,6.248506983427651,-0.7406546463948805,-0.7741883749649034,-0.001996481132097884,3
13520.0,1,3,1592.45,0.6931471805599453,1.3862943611198906,7.373656755894132,-2.7869696668833854,0.5389081788515271,0.9651872582709147,2
13521.0,121,2,805.77,4.804021044733257,1.0986122886681098,6.693038621452177,0.24706955722334933,-0.006076131156111717,0.3801248883679045,1
13522.0,91,1,125.8,4.5217885770490405,0.6931471805599453,4.842611042003125,0.03876728243619778,-0.7741883749649034,-1.2105108737162198,3
13523.0,183,2,1545.79,5.214935757608986,1.0986122886681098,7.343937094752326,0.550346037558324,-0.006076131156111717,0.9396401056159307,1
13524.0,250,1,159.2,5.5254529391317835,0.6931471805599453,5.076423034634259,0.7795239057264338,-0.7741883749649034,-1.0095250468653447,3
13525.0,221,1,282.88,5.402677381872279,0.6931471805599453,5.648551613656782,0.6889091438060244,-0.7741883749649034,-0.5177207804294996,3
13527.0,32,3,921.09,3.4965075614664802,1.3862943611198906,6.826642832675532,-0.7179435580787399,0.5389081788515271,0.4949716614581452,1
13531.0,486,1,305.45,6.18826412308259,0.6931471805599453,5.725054609931741,1.2687131138433259,-0.7741883749649034,-0.45195846520408023,3
13532.0,183,1,210.31,5.214935757608986,0.6931471805599453,5.353326249578836,0.550346037558324,-0.7741883749649034,-0.7714978140146261,3
13533.0,66,1,124.15,4.204692619390966,0.6931471805599453,4.829513017877783,-0.19526606549133826,-0.7741883749649034,-1.221769993401743,3
13534.0,131,7,1746.18,4.882801922586371,2.0794415416798357,7.465758338598623,0.3052139521655124,1.8520047326679574,1.0443581876395376,1
13536.0,121,2,1009.0,4.804021044733257,1.0986122886681098,6.917705609835305,0.24706955722334933,-0.006076131156111717,0.5732496289688539,1
13538.0,33,4,728.55,3.5263605246161616,1.6094379124341003,6.592427905710031,-0.6959105149485876,0.9616308508248114,0.29363947046466143,1
13539.0,284,1,164.1,5.652489180268651,0.6931471805599453,5.1065513509260825,0.8732832744707352,-0.7741883749649034,-0.9836266124292211,3
13548.0,68,2,682.41,4.23410650459726,1.0986122886681098,6.527094972292893,-0.17355708477387338,-0.006076131156111717,0.23747899086021124,1
13549.0,4,3,370.2,1.6094379124341003,1.3862943611198906,5.916741000912046,-2.1106993377399443,0.5389081788515271,-0.2871839925446883,2
13552.0,125,3,909.34,4.836281906951478,1.3862943611198906,6.81381815610357,0.2708797553971797,0.5389081788515271,0.4839475125430068,1
13557.0,30,2,584.06,3.4339872044851463,1.0986122886681098,6.371714406075083,-0.7640868409071632,-0.006076131156111717,0.10391316634276779,1
13558.0,92,3,445.93,4.532599493153256,1.3862943611198906,6.102401982798006,0.04674630212701821,0.5389081788515271,-0.1275889882920009,1
13560.0,302,1,174.37,5.713732805509369,0.6931471805599453,5.166898027681201,0.9184842627146785,-0.7741883749649034,-0.9317523411874348,3
13561.0,128,1,141.86,4.859812404361672,0.6931471805599453,4.961865129726826,0.2882464892022382,-0.7741883749649034,-1.1079995304922314,3
13562.0,129,1,603.27,4.867534450455582,0.6931471805599453,6.404021117918749,0.2939457617932729,-0.7741883749649034,0.1316841592660262,3
13564.0,546,1,540.0,6.304448802421981,0.6931471805599453,6.293419278846481,1.3544634642561975,-0.7741883749649034,0.03661032739360955,3
13565.0,101,1,110.18,4.624972813284271,0.6931471805599453,4.711150509525323,0.11492262808559309,-0.7741883749649034,-1.3235149310401346,3
13569.0,517,1,118.32,6.249975242259483,0.6931471805599453,4.781808959646548,1.314259136984046,-0.7741883749649034,-1.2627766136347482,3
13570.0,68,1,239.49,4.23410650459726,0.6931471805599453,5.482678508639762,-0.17355708477387338,-0.7741883749649034,-0.6603060378793285,3
13571.0,124,5,983.75,4.8283137373023015,1.791759469228055,6.892387801851015,0.26499883079118963,1.3070204226603186,0.551486328829661,1
13575.0,1,1,147.41,0.6931471805599453,0.6931471805599453,4.999978713907727,-2.7869696668833854,-0.7741883749649034,-1.0752369243288518,2
13576.0,61,8,3233.78,4.127134385045092,2.1972245773362196,8.081716198440095,-0.2525080857850369,2.0751326664691105,1.5738382984430965,0
13577.0,7,2,728.45,2.0794415416798357,1.0986122886681098,6.592290825517905,-1.7638121566391332,-0.006076131156111717,0.2935216357229557,2
13579.0,578,1,164.7,6.361302477572996,0.6931471805599453,5.1101789244325175,1.396424440472501,-0.7741883749649034,-0.9805083341388368,3
13581.0,284,1,118.0,5.652489180268651,0.6931471805599453,4.77912349311153,0.8732832744707352,-0.7741883749649034,-1.2650850525901123,3
13583.0,157,1,781.03,5.062595033026967,0.6931471805599453,6.661893102980819,0.43791064083188236,-0.7741883749649034,0.3533520624224842,3
13584.0,192,1,142.4,5.262690188904886,0.6931471805599453,4.96563792816552,0.5855912974383196,-0.7741883749649034,-1.104756416205366,3
13587.0,154,1,712.4,5.043425116919247,0.6931471805599453,6.570042272924791,0.4237622433584039,-0.7741883749649034,0.27439668114367244,3
13588.0,30,4,1043.85,3.4339872044851463,1.6094379124341003,6.951628613426107,-0.7640868409071632,0.9616308508248114,0.6024099934533174,1
13590.0,4,2,513.41,1.6094379124341003,1.0986122886681098,6.24302061285887,-2.1106993377399443,-0.006076131156111717,-0.006712589629220323,2
13591.0,184,1,340.9,5.220355825078324,0.6931471805599453,5.834518296645255,0.5543463299152838,-0.7741883749649034,-0.3578629941519624,3
13592.0,67,2,138.39,4.219507705176107,1.0986122886681098,4.937275759741795,-0.18433175982646136,-0.006076131156111717,-1.129136662093433,3
13593.0,163,1,559.85,5.099866427824199,0.6931471805599453,6.3294534900912325,0.4654188732633121,-0.7741883749649034,0.06758549534990488,3
13596.0,243,1,285.44,5.497168225293202,0.6931471805599453,5.657529090138739,0.7586483123454756,-0.7741883749649034,-0.5100037017909923,3
13599.0,7,11,3283.43,2.0794415416798357,2.4849066497880004,8.096948399881336,-1.7638121566391332,2.6201169764767496,1.5869319664238353,0
13601.0,6,1,373.2,1.9459101490553132,0.6931471805599453,5.92479041383999,-1.8623652857933086,-0.7741883749649034,-0.28026468145725725,2
13602.0,184,1,428.89,5.220355825078324,0.6931471805599453,6.063529362008149,0.5543463299152838,-0.7741883749649034,-0.16100406569410697,3
13606.0,60,3,280.54,4.110873864173311,1.3862943611198906,5.640274533399819,-0.26450919789877697,0.5389081788515271,-0.5248357953636615,1
13610.0,68,2,235.2,4.23410650459726,1.0986122886681098,5.464678903763262,-0.17355708477387338,-0.006076131156111717,-0.6757785781386291,3
13611.0,32,1,535.08,3.4965075614664802,0.6931471805599453,6.284283403664915,-0.7179435580787399,-0.7741883749649034,0.028757088529723616,3
13614.0,32,1,302.15,3.4965075614664802,0.6931471805599453,5.71422773251774,-0.7179435580787399,-0.7741883749649034,-0.4612652970940038,3
13617.0,5,1,131.11,1.791759469228055,0.6931471805599453,4.883634908890262,-1.9761365238492044,-0.7741883749649034,-1.1752465756186483,2
13623.0,91,2,342.85,4.5217885770490405,1.0986122886681098,5.840205515765845,0.03876728243619778,-0.006076131156111717,-0.3529742353480579,3
13626.0,341,1,257.23,5.834810737062605,0.6931471805599453,5.5538506606638975,1.007846088361475,-0.7741883749649034,-0.5991261400376715,3
13627.0,31,1,304.29,3.4657359027997265,0.6931471805599453,5.721262144536846,-0.7406546463948805,-0.7741883749649034,-0.4552184852938058,3
13629.0,91,5,3604.0,4.5217885770490405,1.791759469228055,8.190077049719049,0.03876728243619778,1.3070204226603186,1.666985767259738,1
13630.0,127,3,984.7,4.852030263919617,1.3862943611198906,6.893352048671393,0.2825028638493717,0.5389081788515271,0.5523151996771362,1
13631.0,336,1,52.5,5.820082930352362,0.6931471805599453,3.979681653901961,0.9969761992039964,-0.7741883749649034,-1.9522888066174164,3
13632.0,68,1,261.58,4.23410650459726,0.6931471805599453,5.570555797505964,-0.17355708477387338,-0.7741883749649034,-0.5847663302474329,3
13634.0,37,2,466.29,3.6375861597263857,1.0986122886681098,6.146950049948197,-0.6138201977068869,-0.006076131156111717,-0.08929527200297076,1
13635.0,276,1,1071.03,5.6240175061873385,0.6931471805599453,6.977309326313799,0.8522696946838361,-0.7741883749649034,0.6244852482585557,3
13636.0,94,3,657.27,4.553876891600541,1.3862943611198906,6.489615181507706,0.06245013143655385,0.5389081788515271,0.2052611963134505,1
13637.0,219,1,262.25,5.393627546352362,0.6931471805599453,5.573104151014085,0.6822298933968988,-0.7741883749649034,-0.5825757542586898,3
13642.0,128,1,354.8,4.859812404361672,0.6931471805599453,5.874368775231734,0.2882464892022382,-0.7741883749649034,-0.32360734584677736,3
13643.0,122,3,519.44,4.812184355372417,1.3862943611198906,6.254674607635275,0.25309450605324024,0.5389081788515271,0.003305236017331557,1
13645.0,33,1,252.1,3.5263605246161616,0.6931471805599453,5.533784667551078,-0.6959105149485876,-0.7741883749649034,-0.6163749567984373,3
13649.0,486,1,197.8,6.18826412308259,0.6931471805599453,5.292299294222474,1.2687131138433259,-0.7741883749649034,-0.8239568557620708,3
13650.0,2,3,792.58,1.0986122886681098,1.3862943611198906,6.676554354040194,-2.48771527897133,0.5389081788515271,0.36595493892029324,2
13651.0,244,1,15.0,5.501258210544727,0.6931471805599453,2.772588722239781,0.7616669346844612,-0.7741883749649034,-2.9899112494435807,3
13652.0,547,1,308.8,6.306275286948016,0.6931471805599453,5.735926927982768,1.3558115050565998,-0.7741883749649034,-0.44261257234083945,3
13654.0,37,2,798.24,3.6375861597263857,1.0986122886681098,6.683661276131932,-0.6138201977068869,-0.006076131156111717,0.3720640807008273,1
13655.0,7,1,383.65,2.0794415416798357,0.6931471805599453,5.952333829904943,-1.7638121566391332,-0.7741883749649034,-0.2565882387315591,2
13656.0,193,1,162.7,5.267858159063328,0.6931471805599453,5.098035484377089,0.5894055288372393,-0.7741883749649034,-0.9909468891200809,3
13662.0,36,1,305.24,3.6109179126442243,0.6931471805599453,5.72436910826459,-0.6335027543502829,-0.7741883749649034,-0.4525477254803801,3
13666.0,62,1,20.6,4.143134726391533,0.6931471805599453,3.0726933146901194,-0.24069899972494663,-0.7741883749649034,-2.731940009488695,3
13668.0,37,9,2249.39,3.6375861597263857,2.302585092994046,7.7188588135113125,-0.6138201977068869,2.2747274046412427,1.261924479488942,0
13672.0,39,2,186.39,3.6888794541139363,1.0986122886681098,5.233192006587575,-0.575963072373566,-0.006076131156111717,-0.8747657426139714,3
13673.0,153,1,213.6,5.0369526024136295,0.6931471805599453,5.368775830196598,0.41898519022140823,-0.7741883749649034,-0.758217285928717,3
13675.0,34,1,178.38,3.5553480614894135,0.6931471805599453,5.189506460689857,-0.6745162015277419,-0.7741883749649034,-0.9123180318052984,3
13678.0,34,1,232.6,3.5553480614894135,0.6931471805599453,5.453610250954072,-0.6745162015277419,-0.7741883749649034,-0.6852932412315949,3
13680.0,121,3,3029.97,4.804021044733257,1.3862943611198906,8.016637979285298,0.24706955722334933,0.5389081788515271,1.517896772349333,1
13681.0,157,2,531.08,5.062595033026967,1.0986122886681098,6.276793853976166,0.43791064083188236,-0.006076131156111717,0.022319038368161695,1
13682.0,219,1,59.5,5.393627546352362,0.6931471805599453,4.102643365036796,0.6822298933968988,-0.7741883749649034,-1.8465903738495906,3
13685.0,62,5,2519.15,4.143134726391533,1.791759469228055,7.832073702543521,-0.24069899972494663,1.3070204226603186,1.3592445007073004,1
13686.0,66,1,72.0,4.204692619390966,0.6931471805599453,4.290459441148391,-0.19526606549133826,-0.7741883749649034,-1.6851428410332208,3
13689.0,154,1,910.0,5.043425116919247,0.6931471805599453,6.814542897259958,0.4237622433584039,-0.7741883749649034,0.48457050325845497,3
13690.0,31,1,172.25,3.4657359027997265,0.6931471805599453,5.1547356380700124,-0.7406546463948805,-0.7741883749649034,-0.942207185290935,3
13692.0,67,1,14.95,4.219507705176107,0.6931471805599453,2.7694588292308535,-0.18433175982646136,-0.7741883749649034,-2.992601719368904,3
13694.0,67,18,19940.56,4.219507705176107,2.9444389791664403,9.900561275159767,-0.18433175982646136,3.490654049983437,3.137325600973657,0
13695.0,3,9,1724.47,1.3862943611198906,2.302585092994046,7.453254756122065,-2.275390911761259,2.2747274046412427,1.0336100526342737,0
13697.0,334,1,151.3,5.814130531825066,0.6931471805599453,5.025852259901116,0.9925830187742288,-0.7741883749649034,-1.0529959093298933,3
13699.0,157,1,308.58,5.062595033026967,0.6931471805599453,5.735216540145731,0.43791064083188236,-0.7741883749649034,-0.44322322487925275,3
13700.0,7,3,719.98,2.0794415416798357,1.3862943611198906,6.580611397649169,-1.7638121566391332,0.5389081788515271,0.28348194767732854,2
13704.0,1,3,650.53,0.6931471805599453,1.3862943611198906,6.479323443087244,-2.7869696668833854,0.5389081788515271,0.1964143722780692,2
13705.0,302,2,507.32,5.713732805509369,1.0986122886681098,6.231111170521206,0.9184842627146785,-0.006076131156111717,-0.016949999133464032,3
13706.0,70,1,330.79,4.2626798770413155,0.6931471805599453,5.8045022386644325,-0.1524684462934248,-0.7741883749649034,-0.38366493084559,3
13709.0,182,8,3079.64,5.209486152841421,2.1972245773362196,8.032892646589602,0.5463239451354044,2.0751326664691105,1.5318693565250965,0
13710.0,122,1,180.48,4.812184355372417,0.6931471805599453,5.201145454795763,0.25309450605324024,-0.7741883749649034,-0.902313100801701,3
13711.0,220,2,252.06,5.3981627015177525,1.0986122886681098,5.5336266147611175,0.6855770743403773,-0.006076131156111717,-0.6165108196783473,3
13712.0,160,1,228.84,5.081404364984463,0.6931471805599453,5.437383414671034,0.4517929084041481,-0.7741883749649034,-0.6992419017379248,3
13715.0,224,5,1079.34,5.41610040220442,1.791759469228055,6.985031085389294,0.6988160325939846,1.3070204226603186,0.6311229066398347,1
13717.0,153,2,389.25,5.0369526024136295,1.0986122886681098,5.9667875593955415,0.41898519022140823,-0.006076131156111717,-0.2441637486955423,3
13718.0,160,1,192.5,5.081404364984463,0.6931471805599453,5.2652775124698366,0.4517929084041481,-0.7741883749649034,-0.8471848993171579,3
13719.0,183,1,330.79,5.214935757608986,0.6931471805599453,5.8045022386644325,0.550346037558324,-0.7741883749649034,-0.38366493084559,3
13721.0,275,1,524.14,5.62040086571715,0.6931471805599453,6.263664893709055,0.8496004254703785,-0.7741883749649034,0.011033325837835903,3
13722.0,311,1,1463.47,5.7430031878094825,0.6931471805599453,7.2892486812508706,0.9400873308061398,-0.7741883749649034,0.8926297025862914,1
13723.0,189,1,199.85,5.247024072160486,0.6931471805599453,5.302558360805291,0.5740288865586801,-0.7741883749649034,-0.8151381165833727,3
13725.0,162,2,1168.63,5.093750200806762,1.0986122886681098,7.0644427384613655,0.46090477886694337,-0.006076131156111717,0.6993855161607454,1
13726.0,334,1,786.98,5.814130531825066,0.6931471805599453,6.669472708825124,0.9925830187742288,-0.7741883749649034,0.3598675252551573,3
13727.0,30,2,333.48,3.4339872044851463,1.0986122886681098,5.81257708704831,-0.7640868409071632,-0.006076131156111717,-0.37672375532732033,1
13728.0,275,2,377.7,5.62040086571715,1.0986122886681098,5.9367443349077496,0.8496004254703785,-0.006076131156111717,-0.2699890378391638,3
13730.0,338,1,306.75,5.82600010738045,0.6931471805599453,5.729287765064563,1.0013433843311454,-0.7741883749649034,-0.44831962625923377,3
13731.0,160,2,610.59,5.081404364984463,1.0986122886681098,6.416062123365316,0.4517929084041481,-0.006076131156111717,0.1420346610027452,1
13732.0,30,1,491.86,3.4339872044851463,0.6931471805599453,6.200225158054739,-0.7640868409071632,-0.7741883749649034,-0.04349975256502875,3
13736.0,243,1,374.37,5.497168225293202,0.6931471805599453,5.927912206201462,0.7586483123454756,-0.7741883749649034,-0.27758117488444783,3
13741.0,96,2,363.13,4.574710978503383,1.0986122886681098,5.897510946733554,0.077826773715113,-0.006076131156111717,-0.3037142324864378,3
13742.0,32,5,954.87,3.4965075614664802,1.791759469228055,6.86262192054124,-0.7179435580787399,1.3070204226603186,0.5258994451131007,1
13743.0,2,4,916.68,1.0986122886681098,1.6094379124341003,6.821848745973012,-2.48771527897133,0.9616308508248114,0.4908506432457871,2
13744.0,216,1,263.2,5.37989735354046,0.6931471805599453,5.576706392088225,0.6720962953050397,-0.7741883749649034,-0.579479251839567,3
13747.0,698,1,79.6,6.54965074223381,0.6931471805599453,4.389498649512583,1.5354352789595793,-0.7741883749649034,-1.600008297848618,3
13748.0,160,4,800.8,5.081404364984463,1.6094379124341003,6.686859200208406,0.4517929084041481,0.9616308508248114,0.37481303043383124,1
13750.0,163,1,325.44,5.099866427824199,0.6931471805599453,5.788246164601042,0.4654188732633121,-0.7741883749649034,-0.39763872427770897,3
13752.0,97,5,887.29,4.584967478670572,1.791759469228055,6.789298266254224,0.08539660554102044,1.3070204226603186,0.46287010637488984,1
13754.0,34,1,126.6,3.5553480614894135,0.6931471805599453,4.848900370910689,-0.6745162015277419,-0.7741883749649034,-1.2051045386664259,3
13755.0,154,3,759.66,5.043425116919247,1.3862943611198906,6.634186477473612,0.4237622433584039,0.5389081788515271,0.3295353241356736,1
13756.0,62,8,3326.64,4.143134726391533,2.1972245773362196,8.110018623013048,-0.24069899972494663,2.0751326664691105,1.5981671882518136,0
13758.0,101,5,1784.37,4.624972813284271,1.791759469228055,7.48738095564677,0.11492262808559309,1.3070204226603186,1.0629450852455882,1
13759.0,183,1,99.0,5.214935757608986,0.6931471805599453,4.605170185988092,0.550346037558324,-0.7741883749649034,-1.4146160876418743,3
13762.0,220,1,306.72,5.3981627015177525,0.6931471805599453,5.729190278590734,0.6855770743403773,-0.7741883749649034,-0.4484034260649191,3
13763.0,154,1,1714.96,5.043425116919247,0.6931471805599453,7.447727969752915,0.4237622433584039,-0.7741883749649034,1.0288592025357324,1
13764.0,193,1,499.89,5.267858159063328,0.6931471805599453,6.216386516099603,0.5894055288372393,-0.7741883749649034,-0.029607377442917197,3
13767.0,34,17,8407.1,3.5553480614894135,2.8903717578961645,9.036950805920885,-0.6745162015277419,3.3882292202855404,2.394962207702886,0
13769.0,94,6,1670.8,4.553876891600541,1.9459101490553132,7.421656169265056,0.06245013143655385,1.5990431447121,1.0064477670931962,1
13771.0,184,3,2041.2,5.220355825078324,1.3862943611198906,7.621782937121438,0.5543463299152838,0.5389081788515271,1.1784776251854803,1
13772.0,183,2,903.71,5.214935757608986,1.0986122886681098,6.8076144503584715,0.550346037558324,-0.006076131156111717,0.47861477954378406,1
13777.0,90,18,12215.31,4.51085950651685,2.9444389791664403,9.410527223131826,0.030701058617782478,3.490654049983437,2.7160901543928655,0
13780.0,302,1,243.73,5.713732805509369,0.6931471805599453,5.5001555620349105,0.9184842627146785,-0.7741883749649034,-0.6452826851932139,3
13781.0,282,1,127.84,5.645446897643238,0.6931471805599453,4.858571324462998,0.8680857027575868,-0.7741883749649034,-1.196791344059622,3
13782.0,156,2,269.14,5.056245805348308,1.0986122886681098,5.598940343132618,0.4332245798004987,-0.006076131156111717,-0.5603668488163859,3
13784.0,40,6,1123.47,3.713572066704308,1.9459101490553132,7.025067092519704,-0.5577386369809405,1.5990431447121,0.665538036105018,0
13786.0,517,1,230.4,6.249975242259483,0.6931471805599453,5.444147814759576,1.314259136984046,-0.7741883749649034,-0.6934271933919305,3
13787.0,425,1,106.4,6.054439346269371,0.6931471805599453,4.676560182074764,1.1699434518628828,-0.7741883749649034,-1.353248930076963,3
13790.0,213,1,348.8,5.365976015021851,0.6931471805599453,5.857361562584502,0.6618216217166248,-0.7741883749649034,-0.3382268213401724,3
13791.0,247,1,579.0,5.5134287461649825,0.6931471805599453,6.363028103540465,0.7706494244592157,-0.7741883749649034,0.09644638212203173,3
13792.0,245,1,120.95,5.5053315359323625,0.6931471805599453,4.80361112466193,0.7646732611753665,-0.7741883749649034,-1.2440353757989766,3
13798.0,2,29,21790.46,1.0986122886681098,3.4011973816621555,9.989273428906534,-2.48771527897133,4.355936202266465,3.2135829621631866,0
13800.0,284,1,558.32,5.652489180268651,0.6931471805599453,6.32672176017265,0.8732832744707352,-0.7741883749649034,0.06523728818464751,3
13801.0,245,1,324.8,5.5053315359323625,0.6931471805599453,5.786283696167945,0.7646732611753665,-0.7741883749649034,-0.3993256708549835,3
13802.0,343,1,969.74,5.840641657373398,0.6931471805599453,6.8780586672453,1.0121496115344357,-0.7741883749649034,0.5391689411098164,3
13804.0,91,4,862.25,4.5217885770490405,1.6094379124341003,6.760704336270102,0.03876728243619778,0.9616308508248114,0.4382906372206226,1
13805.0,306,1,500.24,5.726847747587197,0.6931471805599453,6.217085028297085,0.9281637736899004,-0.7741883749649034,-0.029006933256986365,3
13806.0,154,1,256.38,5.043425116919247,0.6931471805599453,5.550553592065519,0.4237622433584039,-0.7741883749649034,-0.6019603148418466,3
13807.0,517,1,112.6,6.249975242259483,0.6931471805599453,4.732683506287051,1.314259136984046,-0.7741883749649034,-1.3050050714301498,3
13808.0,155,4,1591.56,5.049856007249537,1.6094379124341003,7.373098063345678,0.4285085756840135,0.9616308508248114,0.9647070036760035,1
13809.0,162,1,155.05,5.093750200806762,0.6931471805599453,5.0501764687167885,0.46090477886694337,-0.7741883749649034,-1.0320867114470287,3
13810.0,30,1,246.01,3.4339872044851463,0.6931471805599453,5.509428821638408,-0.7640868409071632,-0.7741883749649034,-0.6373113500703312,3
13811.0,96,1,333.0,4.574710978503383,0.6931471805599453,5.811140992976701,0.077826773715113,-0.7741883749649034,-0.3779582281666728,3
13812.0,184,1,139.88,5.220355825078324,0.6931471805599453,4.94790846418795,0.5543463299152838,-0.7741883749649034,-1.1199967421486816,3
13813.0,32,1,292.24,3.4965075614664802,0.6931471805599453,5.680991386355386,-0.7179435580787399,-0.7741883749649034,-0.48983540780462614,3
13814.0,124,1,961.58,4.8283137373023015,0.6931471805599453,6.86961717959104,0.26499883079118963,-0.7741883749649034,0.5319126008470669,1
13816.0,184,1,371.69,5.220355825078324,0.6931471805599453,5.920746974893695,0.5543463299152838,-0.7741883749649034,-0.2837404395259383,3
13817.0,60,1,254.28,4.110873864173311,0.6931471805599453,5.542360981969988,-0.26450919789877697,-0.7741883749649034,-0.6090027188502449,3
13819.0,39,2,732.05,3.6888794541139363,1.0986122886681098,6.597213912384273,-0.575963072373566,-0.006076131156111717,0.2977535430488416,1
13822.0,243,1,163.62,5.497168225293202,0.6931471805599453,5.103639787544498,0.7586483123454756,-0.7741883749649034,-0.9861294052376278,3
13823.0,93,1,650.42,4.543294782270004,0.6931471805599453,6.479154595471815,0.05463998307310084,-0.7741883749649034,0.19626923011826428,3
13824.0,7,3,1371.28,2.0794415416798357,1.3862943611198906,7.22422886909666,-1.7638121566391332,0.5389081788515271,0.836738383409524,2
13831.0,220,2,719.3,5.3981627015177525,1.0986122886681098,6.579667791895317,0.6855770743403773,-0.006076131156111717,0.28267081998227334,1
13833.0,279,1,384.8,5.634789603169249,0.6931471805599453,5.955319100471629,0.8602200638386365,-0.7741883749649034,-0.2540220868996238,3
13835.0,128,2,537.34,4.859812404361672,1.0986122886681098,6.2884903308128965,0.2882464892022382,-0.006076131156111717,0.0323733817823643,1
13837.0,6,1,157.54,1.9459101490553132,0.6931471805599453,5.06600692740901,-1.8623652857933086,-0.7741883749649034,-1.0184787788774439,2
13838.0,243,2,450.25,5.497168225293202,1.0986122886681098,6.11202150964709,0.7586483123454756,-0.006076131156111717,-0.11932000030759272,3
13841.0,341,1,85.0,5.834810737062605,0.6931471805599453,4.454347296253507,1.007846088361475,-0.7741883749649034,-1.5442641132209838,3
13842.0,1,6,2137.09,0.6931471805599453,1.9459101490553132,7.6676681861152804,-2.7869696668833854,1.5990431447121,1.2179207889235995,0
13845.0,184,1,312.98,5.220355825078324,0.6931471805599453,5.749329289612172,0.5543463299152838,-0.7741883749649034,-0.43109184278574864,3
13846.0,37,1,252.53,3.6375861597263857,0.6931471805599453,5.5354821592245,-0.6138201977068869,-0.7741883749649034,-0.6149157854201178,3
13848.0,124,2,640.0,4.8283137373023015,1.0986122886681098,6.46302945692067,0.26499883079118963,-0.006076131156111717,0.18240798943374634,1
13850.0,306,1,1595.48,5.726847747587197,0.6931471805599453,7.375556484672672,0.9281637736899004,-0.7741883749649034,0.9668202735626056,1
13851.0,216,2,2405.14,5.37989735354046,1.0986122886681098,7.78577908270545,0.6720962953050397,-0.006076131156111717,1.319449439974121,1
13854.0,2,11,3696.87,1.0986122886681098,2.4849066497880004,8.215512257191778,-2.48771527897133,2.6201169764767496,1.6888499845203764,0
13856.0,96,1,124.6,4.574710978503383,0.6931471805599453,4.833102254034098,0.077826773715113,-0.7741883749649034,-1.2186846700677167,3
13860.0,121,1,319.45,4.804021044733257,0.6931471805599453,5.769726257950236,0.24706955722334933,-0.7741883749649034,-0.41355851825203094,3
13862.0,40,3,1026.16,3.713572066704308,1.3862943611198906,6.934552991367515,-0.5577386369809405,0.5389081788515271,0.5877317129262215,1
13863.0,190,1,305.78,5.25227342804663,0.6931471805599453,5.726130878319963,0.5779031848675285,-0.7741883749649034,-0.45103330011957765,3
13865.0,1,2,277.44,0.6931471805599453,1.0986122886681098,5.629202596300466,-2.7869696668833854,-0.006076131156111717,-0.5343532816470321,2
13867.0,122,2,561.3,4.812184355372417,1.0986122886681098,6.332035515298156,0.25309450605324024,-0.006076131156111717,0.06980501568042079,1
13868.0,302,2,3192.54,5.713732805509369,1.0986122886681098,8.068885298365506,0.9184842627146785,-0.006076131156111717,1.562808799777472,1
13869.0,125,1,1519.99,4.836281906951478,0.6931471805599453,7.327116717615721,0.2708797553971797,-0.7741883749649034,0.9251812347569084,1
13870.0,152,1,152.75,5.030437921392435,0.6931471805599453,5.035327906686628,0.41417701599764817,-0.7741883749649034,-1.0448506012868735,3
13871.0,69,3,1392.0,4.248495242049359,1.3862943611198906,7.239214973779806,-0.16293744640561536,0.5389081788515271,0.8496205055244819,1
13873.0,3,3,389.6,1.3862943611198906,1.3862943611198906,5.967684018442578,-2.275390911761259,0.5389081788515271,-0.2433931485189684,2
13875.0,39,2,724.85,3.6888794541139363,1.0986122886681098,6.587343381907437,-0.575963072373566,-0.006076131156111717,0.28926879123171223,1
13876.0,154,1,122.7,5.043425116919247,0.6931471805599453,4.8178592793984425,0.4237622433584039,-0.7741883749649034,-1.2317875987342004,3
13880.0,188,4,837.74,5.241747015059643,1.6094379124341003,6.731900765711092,0.5701341433092347,0.9616308508248114,0.413530960097503,1
13881.0,37,9,9414.78,3.6375861597263857,2.302585092994046,9.150142284181177,-0.6138201977068869,2.2747274046412427,2.492262104917775,0
13882.0,91,3,435.34,4.5217885770490405,1.3862943611198906,6.078421755963878,0.03876728243619778,0.5389081788515271,-0.1482024977364563,1
13883.0,220,3,762.37,5.3981627015177525,1.3862943611198906,6.637742841661033,0.6855770743403773,0.5389081788515271,0.33259239057930623,1
13884.0,32,5,787.6,3.4965075614664802,1.791759469228055,6.670259221443527,-0.7179435580787399,1.3070204226603186,0.36054361499358173,1
13885.0,280,1,107.65,5.638354669333745,0.6931471805599453,4.688131706702439,0.8628512685257675,-0.7741883749649034,-1.343301996136378,3
13888.0,3,2,605.63,1.3862943611198906,1.0986122886681098,6.407919050015748,-2.275390911761259,-0.006076131156111717,0.13503483900108945,2
13889.0,124,1,416.9,4.8283137373023015,0.6931471805599453,6.03524216945387,0.26499883079118963,-0.7741883749649034,-0.18531986199195105,3
13890.0,121,5,913.15,4.804021044733257,1.791759469228055,6.817994671774514,0.24706955722334933,1.3070204226603186,0.48753766395497766,1
13892.0,160,2,395.73,5.081404364984463,1.0986122886681098,5.983255948558093,0.4517929084041481,-0.006076131156111717,-0.23000744826163247,3
13894.0,312,1,160.85,5.746203190540153,0.6931471805599453,5.086669980372253,0.9424490996472412,-0.7741883749649034,-1.0007167268186656,3
13895.0,30,2,1655.77,3.4339872044851463,1.0986122886681098,7.412625202722845,-0.7640868409071632,-0.006076131156111717,0.9986847081614315,1
13899.0,69,1,298.5,4.248495242049359,0.6931471805599453,5.702114417555504,-0.16293744640561536,-0.7741883749649034,-0.47167795641140237,3
13900.0,95,1,8.5,4.564348191467836,0.6931471805599453,2.2512917986064953,0.07017849663930051,-0.7741883749649034,-3.4380203992447447,3
13901.0,248,1,1561.09,5.517452896464707,0.6931471805599453,7.353779947177653,0.7736194571715965,-0.7741883749649034,0.9481010652571087,1
13904.0,303,1,131.52,5.717027701406222,0.6931471805599453,4.886733577431695,0.9209160676594919,-0.7741883749649034,-1.1725829463842012,3
13908.0,97,3,1461.61,4.584967478670572,1.3862943611198906,7.287977789952818,0.08539660554102044,0.5389081788515271,0.8915372387844899,1
13911.0,128,3,867.47,4.859812404361672,1.3862943611198906,6.766733042770225,0.2882464892022382,0.5389081788515271,0.4434729400919729,1
13914.0,275,1,321.07,5.62040086571715,0.6931471805599453,5.77476891322269,0.8496004254703785,-0.7741883749649034,-0.4092238293934611,3
13917.0,339,1,65.38,5.8289456176102075,0.6931471805599453,4.195395806291828,1.0035173244391058,-0.7741883749649034,-1.7668599635815008,3
13919.0,31,2,384.81,3.4657359027997265,1.0986122886681098,5.955345020301596,-0.7406546463948805,-0.006076131156111717,-0.2539998060987151,1
13924.0,121,2,474.73,4.804021044733257,1.0986122886681098,6.164850466406631,0.24706955722334933,-0.006076131156111717,-0.07390799454817734,1
13925.0,64,3,298.13,4.174387269895637,1.3862943611198906,5.700878261508811,-0.21763299332885333,0.5389081788515271,-0.4727405616369314,1
13928.0,122,1,131.22,4.812184355372417,0.6931471805599453,4.884467201905432,0.25309450605324024,-0.7741883749649034,-1.1745311328479264,3
13931.0,216,2,1237.53,5.37989735354046,1.0986122886681098,7.121680471486267,0.6720962953050397,-0.006076131156111717,0.7485873255701901,1
13938.0,244,1,71.66,5.501258210544727,0.6931471805599453,4.2857910267930555,0.7616669346844612,-0.7741883749649034,-1.6891558307380297,3
13939.0,343,1,184.5,5.840641657373398,0.6931471805599453,5.22305488204749,1.0121496115344357,-0.7741883749649034,-0.8834796598713877,3
13940.0,184,1,225.24,5.220355825078324,0.6931471805599453,5.421596382708208,0.5543463299152838,-0.7741883749649034,-0.7128125044981324,3
13941.0,32,2,2123.16,3.4965075614664802,1.0986122886681098,7.661131709091555,-0.7179435580787399,-0.006076131156111717,1.2123020042559638,1
13947.0,215,1,90.6,5.375278407684165,0.6931471805599453,4.517431271680085,0.6686872724634108,-0.7741883749649034,-1.4900368478892454,3
13949.0,152,3,1359.04,5.030437921392435,1.3862943611198906,7.215269390062286,0.41417701599764817,0.5389081788515271,0.8290367754568576,1
13950.0,160,1,179.31,5.081404364984463,0.6931471805599453,5.194677591788277,0.4517929084041481,-0.7741883749649034,-0.9078729045563729,3
13952.0,189,1,1208.31,5.247024072160486,0.6931471805599453,7.097805228003711,0.5740288865586801,-0.7741883749649034,0.7280640602808093,1
13953.0,69,2,911.32,4.248495242049359,1.0986122886681098,6.815990805724307,-0.16293744640561536,-0.006076131156111717,0.4858151318022552,1
13954.0,121,1,212.51,4.804021044733257,0.6931471805599453,5.36368366997929,0.24706955722334933,-0.7741883749649034,-0.7625945294576553,3
13955.0,126,2,322.96,4.844187086458591,1.0986122886681098,5.780620051380789,0.2767141899944595,-0.006076131156111717,-0.4041941650572116,3
13956.0,68,2,330.45,4.23410650459726,1.0986122886681098,5.8034769686874,-0.17355708477387338,-0.006076131156111717,-0.3845462574694312,3
13959.0,282,2,337.44,5.645446897643238,1.0986122886681098,5.8243468240563,0.8680857027575868,-0.006076131156111717,-0.3666064371446721,3
13962.0,129,1,117.6,4.867534450455582,0.6931471805599453,4.775756486563625,0.2939457617932729,-0.7741883749649034,-1.2679793463661824,3
13963.0,253,3,548.86,5.537334267018537,1.3862943611198906,6.309663700369779,0.7882929451165858,0.5389081788515271,0.05057410425053438,1
13969.0,31,9,4016.98,3.4657359027997265,2.302585092994046,8.298534567761696,-0.7406546463948805,2.2747274046412427,1.7602163312555916,0
13971.0,31,2,703.36,3.4657359027997265,1.0986122886681098,6.557289589092577,-0.7406546463948805,-0.006076131156111717,0.2634344175072263,1
13975.0,122,5,2374.52,4.812184355372417,1.791759469228055,7.7729716398716855,0.25309450605324024,1.3070204226603186,1.3084401052568444,1
13980.0,62,1,200.14,4.143134726391533,0.6931471805599453,5.304001183016334,-0.24069899972494663,-0.7741883749649034,-0.8138978602054938,3
13982.0,455,1,428.6,6.1224928095143865,0.6931471805599453,6.062854543194655,1.220170455571547,-0.7741883749649034,-0.1615841429419772,3
13983.0,1,7,1279.38,0.6931471805599453,2.0794415416798357,7.1549121878549995,-2.7869696668833854,1.8520047326679574,0.7771534564896613,0
13984.0,217,3,689.38,5.384495062789089,1.3862943611198906,6.537242170635828,0.6754896444230828,0.5389081788515271,0.24620156760327874,1
13985.0,1,8,3181.1,0.6931471805599453,2.1972245773362196,8.065296635179534,-2.7869696668833854,2.0751326664691105,1.5597239689712956,0
13989.0,215,1,369.41,5.375278407684165,0.6931471805599453,5.914610500247762,0.6686872724634108,-0.7741883749649034,-0.2890153803738529,3
13990.0,67,1,311.3,4.219507705176107,0.6931471805599453,5.7439642642890325,-0.18433175982646136,-0.7741883749649034,-0.4357036423710171,3
13992.0,91,1,76.8,4.5217885770490405,0.6931471805599453,4.354141431184346,0.03876728243619778,-0.7741883749649034,-1.6304015196884345,3
13993.0,32,2,845.3,3.4965075614664802,1.0986122886681098,6.74087390667606,-0.7179435580787399,-0.006076131156111717,0.42124431190635875,1
13994.0,182,2,924.21,5.209486152841421,1.0986122886681098,6.830020738772716,0.5463239451354044,-0.006076131156111717,0.497875324535164,1
13995.0,129,1,310.45,4.867534450455582,0.6931471805599453,5.741238811700154,0.2939457617932729,-0.7741883749649034,-0.4380464535157933,3
13999.0,30,5,1586.57,3.4339872044851463,1.791759469228055,7.369959824282902,-0.7640868409071632,1.3070204226603186,0.9620093594457404,0
14000.0,6,1,635.66,1.9459101490553132,0.6931471805599453,6.456235761113554,-1.8623652857933086,-0.7741883749649034,0.1765680983580107,2
14001.0,698,1,301.24,6.54965074223381,0.6931471805599453,5.7112214037532,1.5354352789595793,-0.7741883749649034,-0.46384955064630085,3
14002.0,187,1,224.79,5.236441962829949,0.6931471805599453,5.419605363755236,0.5662187381952272,-0.7741883749649034,-0.7145239932290383,3
14004.0,246,2,957.0,5.5093883366279774,1.0986122886681098,6.86484777797086,0.7676673915820786,-0.006076131156111717,0.5278128020410753,1
14005.0,128,1,187.16,4.859812404361672,0.6931471805599453,5.237292664710262,0.2882464892022382,-0.7741883749649034,-0.8712407986872445,3
14006.0,7,1,357.65,2.0794415416798357,0.6931471805599453,5.882346982572443,-1.7638121566391332,-0.7741883749649034,-0.316749243398244,2
14012.0,161,1,328.8,5.087596335232384,0.6931471805599453,5.7984864101254985,0.4563629052533389,-0.7741883749649034,-0.3888361637643319,3
14013.0,99,1,118.5,4.605170185988092,0.6931471805599453,4.783316371371566,0.10030725676987509,-0.7741883749649034,-1.261480835823918,3
14016.0,338,1,976.58,5.82600010738045,0.6931471805599453,6.885080129942919,1.0013433843311454,-0.7741883749649034,0.5452046216157769,3
14019.0,305,1,416.24,5.723585101952381,0.6931471805599453,6.033661595807771,0.9257557711197745,-0.7741883749649034,-0.18667853011493787,3
14020.0,2,1,331.14,1.0986122886681098,0.6931471805599453,5.805556566778607,-2.48771527897133,-0.7741883749649034,-0.38275862571806024,2
14021.0,6,2,433.0,1.9459101490553132,1.0986122886681098,6.073044534100405,-1.8623652857933086,-0.006076131156111717,-0.15282478152194057,2
14023.0,282,2,584.07,5.645446897643238,1.0986122886681098,6.371731498193053,0.8680857027575868,-0.006076131156111717,0.10392785880325343,1
14024.0,64,2,327.7,4.174387269895637,1.0986122886681098,5.795145480670174,-0.21763299332885333,-0.006076131156111717,-0.39170804155585404,3
14027.0,62,1,104.82,4.143134726391533,0.6931471805599453,4.661739537475985,-0.24069899972494663,-0.7741883749649034,-1.3659888219688554,3
14029.0,154,1,302.46,5.043425116919247,0.6931471805599453,5.715249806097095,0.4237622433584039,-0.7741883749649034,-0.460386718107796,3
14030.0,32,7,1816.81,3.4965075614664802,2.0794415416798357,7.5053877588247815,-0.7179435580787399,1.8520047326679574,1.078423813196824,0
14031.0,192,8,7549.67,5.262690188904886,2.1972245773362196,8.92939158002761,0.5855912974383196,2.0751326664691105,2.3025038196265117,0
14032.0,7,5,1202.68,2.0794415416798357,1.791759469228055,7.0931388098119115,-1.7638121566391332,1.3070204226603186,0.7240527864870374,2
14034.0,218,2,473.91,5.389071729816501,1.0986122886681098,6.163125312398025,0.6788674632848729,-0.006076131156111717,-0.07539094459262544,3
14035.0,30,1,300.32,3.4339872044851463,0.6931471805599453,5.7081728229574935,-0.7640868409071632,-0.7741883749649034,-0.46647012423216216,3
14037.0,425,1,111.8,6.054439346269371,0.6931471805599453,4.725616339063959,1.1699434518628828,-0.7741883749649034,-1.3110800397491078,3
14039.0,183,1,152.2,5.214935757608986,0.6931471805599453,5.0317442573064906,0.550346037558324,-0.7741883749649034,-1.0479311222032954,3
14040.0,10,5,2148.57,2.3978952727983707,1.791759469228055,7.673023101119042,-1.528776701112921,1.3070204226603186,1.2225238976334467,0
14044.0,284,1,173.74,5.652489180268651,0.6931471805599453,5.163299154869948,0.8732832744707352,-0.7741883749649034,-0.9348459482328266,3
14045.0,193,3,1251.75,5.267858159063328,1.3862943611198906,7.133096413839834,0.5894055288372393,0.5389081788515271,0.7584005202972596,1
14047.0,163,3,647.37,5.099866427824199,1.3862943611198906,6.474461521055171,0.4654188732633121,0.5389081788515271,0.19223504251527865,1
14048.0,162,1,409.93,5.093750200806762,0.6931471805599453,6.018422883689063,0.46090477886694337,-0.7741883749649034,-0.1997777947029297,3
14049.0,248,1,226.93,5.517452896464707,0.6931471805599453,5.429038564271046,0.7736194571715965,-0.7741883749649034,-0.7064151721878901,3
14050.0,122,1,260.38,4.812184355372417,0.6931471805599453,5.5659752871688895,0.25309450605324024,-0.7741883749649034,-0.5887037572679036,3
14051.0,31,10,6933.57,3.4657359027997265,2.3978952727983707,8.8442743265007,-0.7406546463948805,2.4552828078148976,2.2293366506251746,0
14053.0,156,2,260.25,5.056245805348308,1.0986122886681098,5.565477803279021,0.4332245798004987,-0.006076131156111717,-0.5891313966281653,3
14054.0,215,1,92.46,5.375278407684165,0.6931471805599453,4.53753353727228,0.6686872724634108,-0.7741883749649034,-1.4727568511441802,3
14056.0,36,11,3969.87,3.6109179126442243,2.4849066497880004,8.286740493249615,-0.6335027543502829,2.6201169764767496,1.7500780924463835,0
14057.0,32,5,1160.15,3.4965075614664802,1.791759469228055,7.057166172318833,-0.7179435580787399,1.3070204226603186,0.6931305476010303,1
14060.0,71,6,1970.12,4.276666119016055,1.9459101490553132,7.586357188100046,-0.14214587057077066,1.5990431447121,1.1480254940575927,0
14062.0,93,2,1965.5,4.543294782270004,1.0986122886681098,7.5840105918718645,0.05463998307310084,-0.006076131156111717,1.1460083495223663,1
14064.0,6,3,722.87,1.9459101490553132,1.3862943611198906,6.584611818252197,-1.8623652857933086,0.5389081788515271,0.2869207269871623,2
14067.0,154,2,374.7,5.043425116919247,1.0986122886681098,5.928790952579924,0.4237622433584039,-0.006076131156111717,-0.276825800596415,3
14071.0,122,3,307.11,4.812184355372417,1.3862943611198906,5.730456862070388,0.25309450605324024,0.5389081788515271,-0.4473146652829367,1
14073.0,153,1,151.04,5.0369526024136295,0.6931471805599453,5.024143644121048,0.41898519022140823,-0.7741883749649034,-1.0544646430396705,3
14075.0,213,1,316.78,5.365976015021851,0.6931471805599453,5.761359319460221,0.6618216217166248,-0.7741883749649034,-0.42075077572224157,3
14076.0,306,1,122.47,5.726847747587197,0.6931471805599453,4.815998211579652,0.9281637736899004,-0.7741883749649034,-1.2333873808932587,3
14077.0,66,2,227.9,4.204692619390966,1.0986122886681098,5.433285226958521,-0.19526606549133826,-0.006076131156111717,-0.7027647220890988,3
14078.0,67,3,491.46,4.219507705176107,1.3862943611198906,6.199413239039649,-0.18433175982646136,0.5389081788515271,-0.04419768175483361,1
14079.0,156,1,375.1,5.056245805348308,0.6931471805599453,5.929855065476291,0.4332245798004987,-0.7741883749649034,-0.275911084426674,3
14080.0,153,1,45.6,5.0369526024136295,0.6931471805599453,3.8416005411316,0.41898519022140823,-0.7741883749649034,-2.0709839441522244,3
14081.0,70,2,934.52,4.2626798770413155,1.0986122886681098,6.84110252442736,-0.1524684462934248,-0.006076131156111717,0.5074012766803846,1
14082.0,425,1,182.25,6.054439346269371,0.6931471805599453,5.2108513407667605,1.1699434518628828,-0.7741883749649034,-0.8939698781327136,3
14083.0,38,5,811.3,3.6635616461296463,1.791759469228055,6.699869730056908,-0.594648934560239,1.3070204226603186,0.38599693965056003,1
14085.0,99,6,1338.71,4.605170185988092,1.9459101490553132,7.200208451612774,0.10030725676987509,1.5990431447121,0.8160903259041147,1
14087.0,152,1,194.42,5.030437921392435,0.6931471805599453,5.275151088516197,0.41417701599764817,-0.7741883749649034,-0.8386975295149447,3
14088.0,278,4,12777.66,5.631211781821365,1.6094379124341003,9.455531871104037,0.8575794451611989,0.9616308508248114,2.7547763495834494,1
14092.0,276,4,1013.25,5.6240175061873385,1.6094379124341003,6.9219047020865565,0.8522696946838361,0.9616308508248114,0.5768591873094836,1
14096.0,61,6,19798.67,4.127134385045092,1.9459101490553132,9.893420549877069,-0.2525080857850369,1.5990431447121,3.1311874018201085,0
14098.0,275,1,147.35,5.62040086571715,0.6931471805599453,4.999574346736831,0.8496004254703785,-0.7741883749649034,-1.0755845201441019,3
14099.0,33,4,1206.43,3.5263605246161616,1.6094379124341003,7.096249412831851,-0.6959105149485876,0.9616308508248114,0.7267266746521909,1
14102.0,243,2,467.8,5.497168225293202,1.0986122886681098,6.1501762382628025,0.7586483123454756,-0.006076131156111717,-0.08652202620539287,3
14104.0,126,1,104.95,4.844187086458591,0.6931471805599453,4.662967284714308,0.2767141899944595,-0.7741883749649034,-1.364933444992331,3
14107.0,246,3,1288.15,5.5093883366279774,1.3862943611198906,7.161738365447318,0.7676673915820786,0.5389081788515271,0.783021269052157,1
14108.0,91,1,306.58,4.5217885770490405,0.6931471805599453,5.728735216011778,0.03876728243619778,-0.7741883749649034,-0.4487945998779948,3
14110.0,2,6,2853.15,1.0986122886681098,1.9459101490553132,7.9565293544692635,-2.48771527897133,1.5990431447121,1.4662271316111917,0
14111.0,7,2,142.5,2.0794415416798357,1.0986122886681098,4.966335035199676,-1.7638121566391332,-0.006076131156111717,-1.1041571799040677,2
14112.0,99,2,1365.42,4.605170185988092,1.0986122886681098,7.219949459929527,0.10030725676987509,-0.006076131156111717,0.8330597842914443,1
14113.0,182,1,471.9,5.209486152841421,0.6931471805599453,6.15888394964983,0.5463239451354044,-0.7741883749649034,-0.07903683884008272,3
14114.0,38,1,191.4,3.6635616461296463,0.6931471805599453,5.259576538231606,-0.594648934560239,-0.7741883749649034,-0.8520854820812507,3
14116.0,64,4,1169.82,4.174387269895637,1.6094379124341003,7.065459637008693,-0.21763299332885333,0.9616308508248114,0.700259646666448,1
14121.0,31,3,2251.67,3.4657359027997265,1.3862943611198906,7.719871458332761,-0.7406546463948805,0.5389081788515271,1.262794953472995,1
14125.0,30,1,1111.08,3.4339872044851463,0.6931471805599453,7.013987414668837,-0.7640868409071632,-0.7741883749649034,0.6560138958372821,1
14126.0,302,1,62.5,5.713732805509369,0.6931471805599453,4.151039905898646,0.9184842627146785,-0.7741883749649034,-1.8049884924731012,3
14127.0,94,2,572.11,4.553876891600541,1.0986122886681098,6.351077670367247,0.06245013143655385,-0.006076131156111717,0.08617373671357079,1
14128.0,62,1,331.96,4.143134726391533,0.6931471805599453,5.808022362645325,-0.24069899972494663,-0.7741883749649034,-0.38063901664437383,3
14129.0,121,3,519.91,4.804021044733257,1.3862943611198906,6.25557728210959,0.24706955722334933,0.5389081788515271,0.004081179002786174,1
14132.0,4,7,2261.71,1.6094379124341003,2.0794415416798357,7.724318488946345,-2.1106993377399443,1.8520047326679574,1.2666176407305836,0
14133.0,306,2,287.64,5.726847747587197,1.0986122886681098,5.665180236874259,0.9281637736899004,-0.006076131156111717,-0.5034267420906324,3
14135.0,40,10,3307.25,3.713572066704308,2.3978952727983707,8.104174627653158,-0.5577386369809405,2.4552828078148976,1.593143663896615,0
14138.0,121,2,982.38,4.804021044733257,1.0986122886681098,6.890995617166797,0.24706955722334933,-0.006076131156111717,0.5502896006946413,1
14140.0,122,2,935.05,4.812184355372417,1.0986122886681098,6.841668893854277,0.25309450605324024,-0.006076131156111717,0.5078881303541031,1
14141.0,31,2,425.82,3.4657359027997265,1.0986122886681098,6.056362378685825,-0.7406546463948805,-0.006076131156111717,-0.16716483637508817,1
14142.0,698,1,311.81,6.54965074223381,0.6931471805599453,5.745595977469612,1.5354352789595793,-0.7741883749649034,-0.4343010144771624,3
14145.0,187,3,2851.2,5.236441962829949,1.3862943611198906,7.955845905302667,0.5662187381952272,0.5389081788515271,1.4656396356734804,1
14146.0,333,1,1225.16,5.811140992976701,0.6931471805599453,7.111642613690652,0.9903765832503902,-0.7741883749649034,0.7399587384470049,1
14149.0,281,1,446.62,5.641907070938114,0.6931471805599453,6.103944658191983,0.8654731261072822,-0.7741883749649034,-0.12626289767478394,3
14150.0,244,1,352.46,5.501258210544727,0.6931471805599453,5.867770324761651,0.7616669346844612,-0.7741883749649034,-0.3292794031640278,3
14156.0,1,24,37347.95,0.6931471805599453,3.2188758248682006,10.528060077716002,-2.7869696668833854,4.010546630430957,3.6767263573696978,0
14159.0,216,3,1231.43,5.37989735354046,1.3862943611198906,7.116743109172095,0.6720962953050397,0.5389081788515271,0.7443431470059971,1
14161.0,128,3,1110.52,4.859812404361672,1.3862943611198906,7.013483726944571,0.2882464892022382,0.5389081788515271,0.6555809236334312,1
14163.0,65,1,909.6,4.189654742026425,0.6931471805599453,6.814103722900682,-0.2063648029566139,-0.7741883749649034,0.48419298702954994,1
14165.0,99,1,122.54,4.605170185988092,0.6931471805599453,4.816564990267753,0.10030725676987509,-0.7741883749649034,-1.2329001754168096,3
14167.0,10,1,148.35,2.3978952727983707,0.6931471805599453,5.006292544662119,-1.528776701112921,-0.7741883749649034,-1.069809527382751,2
14171.0,305,1,363.79,5.723585101952381,0.6931471805599453,5.899321845543751,0.9257557711197745,-0.7741883749649034,-0.30215757582988695,3
14173.0,250,1,114.04,5.5254529391317835,0.6931471805599453,4.745279893972737,0.7795239057264338,-0.7741883749649034,-1.2941771606551205,3
14174.0,183,1,134.46,5.214935757608986,0.6931471805599453,4.908676393786758,0.550346037558324,-0.7741883749649034,-1.1537208040324323,3
14175.0,31,1,2016.31,3.4657359027997265,0.6931471805599453,7.609520219748923,-0.7406546463948805,-0.7741883749649034,1.1679365388929488,1
14176.0,517,1,159.55,6.249975242259483,0.6931471805599453,5.078605420535523,1.314259136984046,-0.7741883749649034,-1.0076490582561322,3
14177.0,216,2,191.33,5.37989735354046,1.0986122886681098,5.259212646667276,0.6720962953050397,-0.006076131156111717,-0.8523982848854093,3
14178.0,30,5,1243.56,3.4339872044851463,1.791759469228055,7.126537332778866,-0.7640868409071632,1.3070204226603186,0.7527623050988617,1
14180.0,61,11,2091.27,4.127134385045092,2.4849066497880004,7.646004879954403,-0.2525080857850369,2.6201169764767496,1.1992989147756101,0
14184.0,245,1,452.89,5.5053315359323625,0.6931471805599453,6.1178548779353035,0.7646732611753665,-0.7741883749649034,-0.11430561103038465,3
14185.0,10,1,197.65,2.3978952727983707,0.6931471805599453,5.291544482260608,-1.528776701112921,-0.7741883749649034,-0.8246056954754032,2
14188.0,91,4,1426.76,4.5217885770490405,1.6094379124341003,7.26386206154776,0.03876728243619778,0.9616308508248114,0.8708072515881173,1
14189.0,61,6,1974.68,4.127134385045092,1.9459101490553132,7.58866792187374,-0.2525080857850369,1.5990431447121,1.1500118110677333,0
14191.0,64,5,1584.07,4.174387269895637,1.791759469228055,7.368383849374033,-0.21763299332885333,1.3070204226603186,0.9606546444176923,1
14193.0,276,1,430.85,5.6240175061873385,0.6931471805599453,6.068078305726295,0.8522696946838361,-0.7741883749649034,-0.15709377347940412,3
14194.0,31,4,1602.2,3.4657359027997265,1.6094379124341003,7.379756910890546,-0.7406546463948805,0.9616308508248114,0.9704309785868652,1
14195.0,341,1,828.4,5.834810737062605,0.6931471805599453,6.720702547812281,1.007846088361475,-0.7741883749649034,0.4039049222783071,3
14199.0,220,1,185.4,5.3981627015177525,0.6931471805599453,5.2278949022514904,0.6855770743403773,-0.7741883749649034,-0.8793191570172388,3
14201.0,62,3,355.12,4.143134726391533,1.3862943611198906,5.87526775270547,-0.24069899972494663,0.5389081788515271,-0.32283458081943256,1
14204.0,152,1,161.03,5.030437921392435,0.6931471805599453,5.087781503272909,0.41417701599764817,-0.7741883749649034,-0.999761256798766,3
14208.0,185,1,151.74,5.225746673713202,0.6931471805599453,5.0287371294602385,0.5583250572491445,-0.7741883749649034,-1.0505160626497794,3
14209.0,40,3,1017.23,3.713572066704308,1.3862943611198906,6.925821104793763,-0.5577386369809405,0.5389081788515271,0.5802257444630796,1
14210.0,254,2,668.61,5.541263545158426,1.0986122886681098,6.5066954533528785,0.7911929572290339,-0.006076131156111717,0.21994347381773335,1
14211.0,246,1,220.04,5.5093883366279774,0.6931471805599453,5.398343680615161,0.7676673915820786,-0.7741883749649034,-0.7328006304453805,3
14212.0,32,1,1070.48,3.4965075614664802,0.6931471805599453,6.976796149317125,-0.7179435580787399,-0.7741883749649034,0.6240441190340164,1
14214.0,91,3,765.4,4.5217885770490405,1.3862943611198906,6.641704226656651,0.03876728243619778,0.5389081788515271,0.3359976147077152,1
14215.0,188,2,342.16,5.241747015059643,1.0986122886681098,5.838196810704765,0.5701341433092347,-0.006076131156111717,-0.3547009271360097,3
14216.0,182,3,1046.36,5.209486152841421,1.3862943611198906,6.954027991312816,0.5463239451354044,0.5389081788515271,0.6044725093365326,1
14217.0,40,9,973.69,3.713572066704308,2.302585092994046,6.882119471723488,-0.5577386369809405,2.2747274046412427,0.5426596266668056,0
14219.0,213,1,89.94,5.365976015021851,0.6931471805599453,4.510199948396864,0.6618216217166248,-0.7741883749649034,-1.4962529254862444,3
14220.0,190,1,319.42,5.25227342804663,0.6931471805599453,5.769632635218568,0.5779031848675285,-0.7741883749649034,-0.4136389967678013,3
14221.0,254,3,1102.8,5.541263545158426,1.3862943611198906,7.006514051005401,0.7911929572290339,0.5389081788515271,0.6495897592549355,1
14223.0,124,2,686.23,4.8283137373023015,1.0986122886681098,6.532669025130447,0.26499883079118963,-0.006076131156111717,0.24227047142482747,1
14224.0,128,1,251.02,4.859812404361672,0.6931471805599453,5.529508449441547,0.2882464892022382,-0.7741883749649034,-0.6200508128692366,3
14226.0,30,2,337.02,3.4339872044851463,1.0986122886681098,5.823105065330082,-0.7640868409071632,-0.006076131156111717,-0.3676738584583939,1
14227.0,129,1,304.33,4.867534450455582,0.6931471805599453,5.721393158915862,0.2939457617932729,-0.7741883749649034,-0.45510586475197845,3
14229.0,71,1,456.97,4.276666119016055,0.6931471805599453,6.126803679785417,-0.14214587057077066,-0.7741883749649034,-0.1066131812327087,3
14231.0,96,1,307.76,4.574710978503383,0.6931471805599453,5.732564276081653,0.077826773715113,-0.7741883749649034,-0.4455031228431979,3
14232.0,188,1,310.79,5.241747015059643,0.6931471805599453,5.7423298842684405,0.5701341433092347,-0.7741883749649034,-0.437108562692386,3
14233.0,6,2,858.25,1.9459101490553132,1.0986122886681098,6.756059915729943,-1.8623652857933086,-0.006076131156111717,0.4342982727058576,2
14234.0,91,1,209.48,4.5217885770490405,0.6931471805599453,5.349390636732037,0.03876728243619778,-0.7741883749649034,-0.774880884289497,3
14235.0,218,2,1538.31,5.389071729816501,1.0986122886681098,7.339089543054357,0.6788674632848729,-0.006076131156111717,0.9354731286561309,1
14236.0,666,1,189.3,6.502790045915623,0.6931471805599453,5.248601774302104,1.5008496420862563,-0.7741883749649034,-0.8615194378764266,3
14237.0,698,1,161.0,6.54965074223381,0.6931471805599453,5.087596335232384,1.5354352789595793,-0.7741883749649034,-0.999920428068437,3
14239.0,160,5,1161.3,5.081404364984463,1.791759469228055,7.058156079649662,0.4517929084041481,1.3070204226603186,0.693981476337207,1
14240.0,91,1,663.49,4.5217885770490405,0.6931471805599453,6.49901982913111,0.03876728243619778,-0.7741883749649034,0.21334547316152877,3
14241.0,96,1,213.7,4.574710978503383,0.6931471805599453,5.369241704884735,0.077826773715113,-0.7741883749649034,-0.7578168179785897,3
14243.0,129,5,1184.56,4.867534450455582,1.791759469228055,7.077970515781044,0.2939457617932729,1.3070204226603186,0.7110140535999669,1
14245.0,250,1,688.35,5.5254529391317835,0.6931471805599453,6.535749124617638,0.7795239057264338,-0.7741883749649034,0.24491813861781278,3
14246.0,129,1,449.64,4.867534450455582,0.6931471805599453,6.110668794586458,0.2939457617932729,-0.7741883749649034,-0.12048280017895621,3
14247.0,191,1,136.77,5.2574953720277815,0.6931471805599453,4.925585628056508,0.5817572517614268,-0.7741883749649034,-1.1391855511872864,3
14250.0,32,3,1904.05,3.4965075614664802,1.3862943611198906,7.552263533935522,-0.7179435580787399,0.5389081788515271,1.1187184375823715,1
14251.0,121,1,482.28,4.804021044733257,0.6931471805599453,6.180596195830486,0.24706955722334933,-0.7741883749649034,-0.060372895633827806,3
14256.0,425,1,523.86,6.054439346269371,0.6931471805599453,6.263131560363079,1.1699434518628828,-0.7741883749649034,0.010574870125954776,3
14257.0,125,4,2479.58,4.836281906951478,1.6094379124341003,7.816247682783218,0.2708797553971797,0.9616308508248114,1.3456403838632984,1
14258.0,32,5,7609.18,3.4965075614664802,1.791759469228055,8.937242103664044,-0.7179435580787399,1.3070204226603186,2.309252164596011,0
14262.0,61,3,1124.36,4.127134385045092,1.3862943611198906,7.02585826344944,-0.2525080857850369,0.5389081788515271,0.6662181301485445,1
14264.0,126,2,333.97,4.844187086458591,1.0986122886681098,5.814040975576219,0.2767141899944595,-0.006076131156111717,-0.37546539024994163,3
14270.0,10,1,492.65,2.3978952727983707,0.6931471805599453,6.201826764057459,-1.528776701112921,-0.7741883749649034,-0.042123004934919654,2
14273.0,37,2,218.7,3.6375861597263857,1.0986122886681098,5.392262979390565,-0.6138201977068869,-0.006076131156111717,-0.7380276282127136,3
14276.0,5,2,778.54,1.791759469228055,1.0986122886681098,6.6587040021267425,-1.9761365238492044,-0.006076131156111717,0.35061069717062343,2
14277.0,36,1,1637.43,3.6109179126442243,0.6931471805599453,7.401493745224427,-0.6335027543502829,-0.7741883749649034,0.9891160578787902,1
14282.0,122,4,1178.4,4.812184355372417,1.6094379124341003,7.072761113566404,0.25309450605324024,0.9616308508248114,0.7065360283296378,1
14284.0,91,1,343.15,4.5217885770490405,0.6931471805599453,5.841077608844373,0.03876728243619778,-0.7741883749649034,-0.3522245802661843,3
14285.0,303,1,300.6,5.717027701406222,0.6931471805599453,5.709101636133801,0.9209160676594919,-0.7741883749649034,-0.4656717123024341,3
14286.0,37,1,2050.08,3.6375861597263857,0.6931471805599453,7.626121762674929,-0.6138201977068869,-0.7741883749649034,1.1822072988930468,1
14287.0,333,1,93.35,5.811140992976701,0.6931471805599453,4.547011271814559,0.9903765832503902,-0.7741883749649034,-1.4646097484561746,3
14288.0,67,1,426.6,4.219507705176107,0.6931471805599453,6.05818817915089,-0.18433175982646136,-0.7741883749649034,-0.16559537018985815,3
14289.0,7,2,225.78,2.0794415416798357,1.0986122886681098,5.423980384543694,-1.7638121566391332,-0.006076131156111717,-0.7107632059368092,2
14290.0,276,1,728.5,5.6240175061873385,0.6931471805599453,6.592359367962841,0.8522696946838361,-0.7741883749649034,0.2935805551129099,3
14291.0,33,5,2478.31,3.5263605246161616,1.791759469228055,7.815735574640596,-0.6959105149485876,1.3070204226603186,1.3452001734304468,0
14292.0,2,4,1430.06,1.0986122886681098,1.6094379124341003,7.266170707398641,-2.48771527897133,0.9616308508248114,0.8727917738105385,2
14293.0,162,3,815.17,5.093750200806762,1.3862943611198906,6.704622666599065,0.46090477886694337,0.5389081788515271,0.390082585002389,1
14297.0,62,2,710.1,4.143134726391533,1.0986122886681098,6.566813066889472,-0.24069899972494663,-0.006076131156111717,0.27162084129997255,1
14298.0,91,10,16044.25,4.5217885770490405,2.3978952727983707,9.683168134600509,0.03876728243619778,2.4552828078148976,2.9504534922536316,0
14299.0,1,4,1647.72,0.6931471805599453,1.6094379124341003,7.407754508263253,-2.7869696668833854,0.9616308508248114,0.9944978375810016,2
14304.0,340,1,383.45,5.831882477283517,0.6931471805599453,5.9518137414781895,1.0056848799854274,-0.7741883749649034,-0.2570353090520776,3
14307.0,2,4,1895.36,1.0986122886681098,1.6094379124341003,7.547691538209013,-2.48771527897133,0.9616308508248114,1.1147883297589423,2
14309.0,30,5,1446.41,3.4339872044851463,1.791759469228055,7.277531031348329,-0.7640868409071632,1.3070204226603186,0.882557158710722,1
14311.0,37,1,310.26,3.6375861597263857,0.6931471805599453,5.740628575776864,-0.6138201977068869,-0.7741883749649034,-0.4385710150245358,3
14312.0,38,5,1047.19,3.6635616461296463,1.791759469228055,6.954820146158467,-0.594648934560239,1.3070204226603186,0.6051534491585476,1
14315.0,126,3,652.35,4.844187086458591,1.3862943611198906,6.4821129734351555,0.2767141899944595,0.5389081788515271,0.19881226494897708,1
14317.0,184,1,508.58,5.220355825078324,0.6931471805599453,6.233586857019973,0.5543463299152838,-0.7741883749649034,-0.014821888028559473,3
14320.0,40,1,352.51,3.713572066704308,0.6931471805599453,5.867911773479654,-0.5577386369809405,-0.7741883749649034,-0.32915781321808457,3
14321.0,71,1,326.82,4.276666119016055,0.6931471805599453,5.792464677261214,-0.14214587057077066,-0.7741883749649034,-0.39401247206735657,3
14326.0,37,1,183.85,3.6375861597263857,0.6931471805599453,5.219544685382641,-0.6138201977068869,-0.7741883749649034,-0.8864970405076612,3
14329.0,38,1,578.02,3.6635616461296463,0.6931471805599453,6.361337019290758,-0.594648934560239,-0.7741883749649034,0.0949927185935829,3
14331.0,156,1,79.0,5.056245805348308,0.6931471805599453,4.382026634673881,0.4332245798004987,-0.7741883749649034,-1.606431274975235,3
14332.0,245,1,466.3,5.5053315359323625,0.6931471805599453,6.14697144970638,0.7646732611753665,-0.7741883749649034,-0.08927687667583431,3
14333.0,276,1,415.2,5.6240175061873385,0.6931471805599453,6.031165913959534,0.8522696946838361,-0.7741883749649034,-0.18882382931101377,3
14334.0,69,3,1017.01,4.248495242049359,1.3862943611198906,6.925605020244932,-0.16293744640561536,0.5389081788515271,0.5800399972256186,1
14335.0,246,1,359.25,5.5093883366279774,0.6931471805599453,5.886798234879631,0.7676673915820786,-0.7741883749649034,-0.31292292715409203,3
14336.0,130,2,764.45,4.875197323201151,1.0986122886681098,6.64046389617809,0.2996013613683453,-0.006076131156111717,0.33493142112202073,1
14338.0,338,1,8.25,5.82600010738045,0.6931471805599453,2.224623551524334,1.0013433843311454,-0.7741883749649034,-3.4609445428276087,3
14339.0,37,1,309.52,3.6375861597263857,0.6931471805599453,5.73824831153748,-0.6138201977068869,-0.7741883749649034,-0.44061710073165716,3
14340.0,220,1,134.7,5.3981627015177525,0.6931471805599453,4.9104465668408235,0.6855770743403773,-0.7741883749649034,-1.1521991554166497,3
14341.0,128,3,688.81,4.859812404361672,1.3862943611198906,6.5364161973533,0.2882464892022382,0.5389081788515271,0.245491557302791,1
14342.0,122,1,91.04,4.812184355372417,0.6931471805599453,4.522223265167165,0.25309450605324024,-0.7741883749649034,-1.4859176290141713,3
14344.0,99,4,604.13,4.605170185988092,1.6094379124341003,6.405443310981351,0.10030725676987509,0.9616308508248114,0.13290668273632406,1
14345.0,334,1,108.98,5.814130531825066,0.6931471805599453,4.700298531079668,0.9925830187742288,-0.7741883749649034,-1.3328433398883015,3
14346.0,33,1,759.14,3.5263605246161616,0.6931471805599453,6.6335026268420165,-0.6959105149485876,-0.7741883749649034,0.3289474830968668,1
14350.0,69,1,282.93,4.248495242049359,0.6931471805599453,5.6487277289070565,-0.16293744640561536,-0.7741883749649034,-0.5175693909785172,3
14352.0,38,3,464.94,3.6635616461296463,1.3862943611198906,6.144056870471156,-0.594648934560239,0.5389081788515271,-0.09178226192541897,1
14353.0,128,1,90.6,4.859812404361672,0.6931471805599453,4.517431271680085,0.2882464892022382,-0.7741883749649034,-1.4900368478892454,3
14354.0,91,2,163.62,4.5217885770490405,1.0986122886681098,5.103639787544498,0.03876728243619778,-0.006076131156111717,-0.9861294052376278,3
14355.0,455,1,174.4,6.1224928095143865,0.6931471805599453,5.1670690799380825,1.220170455571547,-0.7741883749649034,-0.93160530390805,3
14360.0,122,4,2128.23,4.812184355372417,1.6094379124341003,7.663515690998327,0.25309450605324024,0.9616308508248114,1.2143512856864762,1
14364.0,6,3,1763.8,1.9459101490553132,1.3862943611198906,7.475792648499238,-1.8623652857933086,0.5389081788515271,1.0529837249764293,2
14367.0,34,9,4814.65,3.5553480614894135,2.302585092994046,8.479626309929138,-0.6745162015277419,2.2747274046412427,1.9158835967615546,0
14375.0,158,1,257.68,5.0689042022202315,0.6931471805599453,5.555591776578392,0.4425671366126743,-0.7741883749649034,-0.5976294690680604,3
14377.0,339,1,302.45,5.8289456176102075,0.6931471805599453,5.7152168522818645,1.0035173244391058,-0.7741883749649034,-0.4604150453536633,3
14383.0,184,2,1005.6,5.220355825078324,1.0986122886681098,6.91433359434226,0.5543463299152838,-0.006076131156111717,0.5703510294813042,1
14387.0,153,1,840.82,5.0369526024136295,0.6931471805599453,6.735566214666736,0.41898519022140823,-0.7741883749649034,0.4166817962921717,3
14388.0,64,6,2281.92,4.174387269895637,1.9459101490553132,7.73321060430391,-0.21763299332885333,1.5990431447121,1.2742613425676104,0
14389.0,215,2,1043.46,5.375278407684165,1.0986122886681098,6.9512552844279885,0.6686872724634108,-0.006076131156111717,0.6020890781891779,1
14390.0,6,3,1097.16,1.9459101490553132,1.3862943611198906,7.001391330943404,-1.8623652857933086,0.5389081788515271,0.6451862463478354,2
14393.0,219,1,67.95,5.393627546352362,0.6931471805599453,4.233381604239311,0.6822298933968988,-0.7741883749649034,-1.7342072030316622,3
14395.0,61,6,2135.23,4.127134385045092,1.9459101490553132,7.666797872185858,-0.2525080857850369,1.5990431447121,1.2171726632061952,0
14396.0,215,2,487.99,5.375278407684165,1.0986122886681098,6.192342039368019,0.6686872724634108,-0.006076131156111717,-0.050276116384456546,1
14397.0,5,8,1405.1,1.791759469228055,2.1972245773362196,7.24857519359677,-1.9761365238492044,2.0751326664691105,0.8576665920329123,0
14401.0,66,5,1718.14,4.204692619390966,1.791759469228055,7.449579444765816,-0.19526606549133826,1.3070204226603186,1.030450738676262,1
14403.0,189,3,1180.01,5.247024072160486,1.3862943611198906,7.074125283562022,0.5740288865586801,0.5389081788515271,0.7077086749139686,1
14404.0,183,2,260.28,5.214935757608986,1.0986122886681098,5.565592629222155,0.550346037558324,-0.006076131156111717,-0.5890326917376886,3
14406.0,3,1,156.75,1.3862943611198906,0.6931471805599453,5.061011501421323,-2.275390911761259,-0.7741883749649034,-1.022772869233158,2
14407.0,130,1,357.18,4.875197323201151,0.6931471805599453,5.881035653338594,0.2996013613683453,-0.7741883749649034,-0.31787646782917695,3
14408.0,185,3,1459.14,5.225746673713202,1.3862943611198906,7.286287600516149,0.5583250572491445,0.5389081788515271,0.8900843444413008,1
14409.0,94,3,519.6,4.553876891600541,1.3862943611198906,6.254981992560465,0.06245013143655385,0.5389081788515271,0.0035694654636295813,1
14410.0,124,4,354.22,4.8283137373023015,1.6094379124341003,5.8727373158391805,0.26499883079118963,0.9616308508248114,-0.3250097555833189,1
14411.0,312,1,1063.0,5.746203190540153,0.6931471805599453,6.96979066990159,0.9424490996472412,-0.7741883749649034,0.6180221778282912,3
14413.0,364,1,122.7,5.8998973535824915,0.6931471805599453,4.8178592793984425,1.0558834045162586,-0.7741883749649034,-1.2317875987342004,3
14414.0,93,2,359.9,4.543294782270004,1.0986122886681098,5.8886009116487426,0.05463998307310084,-0.006076131156111717,-0.311373338200559,3
14415.0,66,7,3283.72,4.204692619390966,2.0794415416798357,8.097036691365071,-0.19526606549133826,1.8520047326679574,1.587007862175215,0
14418.0,182,1,897.35,5.209486152841421,0.6931471805599453,6.800559747378581,0.5463239451354044,-0.7741883749649034,0.47255052554361604,3
14419.0,62,4,607.66,4.143134726391533,1.6094379124341003,6.411259819524301,-0.24069899972494663,0.9616308508248114,0.1379065793016569,1
14420.0,335,1,387.52,5.817111159963204,0.6931471805599453,5.962344648534129,0.9947828777293771,-0.7741883749649034,-0.2479828945958743,3
14421.0,6,1,455.18,1.9459101490553132,0.6931471805599453,6.1228874684684005,-1.8623652857933086,-0.7741883749649034,-0.1099795738664479,2
14422.0,90,1,382.01,4.51085950651685,0.6931471805599453,5.948061098500369,0.030701058617782478,-0.7741883749649034,-0.26026109761529864,3
14423.0,220,1,265.2,5.3981627015177525,0.6931471805599453,5.5842479059610115,0.6855770743403773,-0.7741883749649034,-0.5729965330347165,3
14426.0,130,3,1719.33,4.875197323201151,1.3862943611198906,7.45027141186975,0.2996013613683453,0.5389081788515271,1.0310455566707226,1
14427.0,154,1,321.74,5.043425116919247,0.6931471805599453,5.776847045513207,0.4237622433584039,-0.7741883749649034,-0.407437457650871,3
14428.0,275,2,710.71,5.62040086571715,1.0986122886681098,6.567670525070641,0.8496004254703785,-0.006076131156111717,0.2723579161591055,1
14431.0,70,1,470.36,4.2626798770413155,0.6931471805599453,6.1556221332742656,-0.1524684462934248,-0.7741883749649034,-0.08184071067702842,3
14432.0,32,3,671.28,3.4965075614664802,1.3862943611198906,6.510674920408365,-0.7179435580787399,0.5389081788515271,0.2233642413650792,1
14434.0,62,3,552.0,4.143134726391533,1.3862943611198906,6.315358001522335,-0.24069899972494663,0.5389081788515271,0.05546895080055701,1
14436.0,305,1,89.06,5.723585101952381,0.6931471805599453,4.500476114873425,0.9257557711197745,-0.7741883749649034,-1.504611575950987,3
14437.0,455,1,63.0,6.1224928095143865,0.6931471805599453,4.1588830833596715,1.220170455571547,-0.7741883749649034,-1.798246462308595,3
14438.0,192,1,131.9,5.262690188904886,0.6931471805599453,4.8895969657192,0.5855912974383196,-0.7741883749649034,-1.1701215651005337,3
14440.0,333,2,1273.95,5.811140992976701,1.0986122886681098,7.150662241137297,0.9903765832503902,-0.006076131156111717,0.7735001834239075,1
14441.0,90,2,646.26,4.51085950651685,1.0986122886681098,6.472748068492985,0.030701058617782478,-0.006076131156111717,0.19076215108612046,1
14443.0,312,2,608.4,5.746203190540153,1.0986122886681098,6.412474866551609,0.9424490996472412,-0.006076131156111717,0.13895103912041126,1
14446.0,30,3,657.4,3.4339872044851463,1.3862943611198906,6.48981264936286,-0.7640868409071632,0.5389081788515271,0.2054309405583796,1
14447.0,252,1,265.0,5.53338948872752,0.6931471805599453,5.583496308781699,0.785381493084536,-0.7741883749649034,-0.5736426093066946,3
14448.0,424,1,102.35,6.052089168924417,0.6931471805599453,4.638121286127777,1.1682088984604202,-0.7741883749649034,-1.3862911756786593,3
14449.0,160,3,714.7,5.081404364984463,1.3862943611198906,6.573261084744552,0.4517929084041481,0.5389081788515271,0.277163586073535,1
14450.0,5,2,322.22,1.791759469228055,1.0986122886681098,5.7783332059204975,-1.9761365238492044,-0.006076131156111717,-0.40615994756710205,2
14451.0,62,1,302.59,4.143134726391533,0.6931471805599453,5.715678106902588,-0.24069899972494663,-0.7741883749649034,-0.46001854883399546,3
14452.0,155,1,127.37,5.049856007249537,0.6931471805599453,4.854916719096835,0.4285085756840135,-0.7741883749649034,-1.199932859056634,3
14453.0,308,1,119.93,5.733341276897746,0.6931471805599453,4.795211865797184,0.9329563368485013,-0.7741883749649034,-1.2512554160067886,3
14456.0,32,3,1465.0,3.4965075614664802,1.3862943611198906,7.290292882446597,-0.7179435580787399,0.5389081788515271,0.8935273025697652,1
14457.0,312,1,113.64,5.746203190540153,0.6931471805599453,4.741796783519916,0.9424490996472412,-0.7741883749649034,-1.2971712578632884,3
14459.0,157,1,1837.92,5.062595033026967,0.6931471805599453,7.516933721754878,0.43791064083188236,-0.7741883749649034,1.0883487741886924,1
14460.0,312,1,30.0,5.746203190540153,0.6931471805599453,3.4339872044851463,0.9424490996472412,-0.7741883749649034,-2.421370177892498,3
14462.0,33,7,1446.82,3.5263605246161616,2.0794415416798357,7.2778142558263434,-0.6959105149485876,1.8520047326679574,0.8828006197293702,0
14463.0,305,1,220.2,5.723585101952381,0.6931471805599453,5.39906726964818,0.9257557711197745,-0.7741883749649034,-0.7321786301002959,3
14465.0,70,3,1058.62,4.2626798770413155,1.3862943611198906,6.965665632266971,-0.1524684462934248,0.5389081788515271,0.6144762771648771,1
14466.0,61,5,1832.45,4.127134385045092,1.791759469228055,7.513954716891382,-0.2525080857850369,1.3070204226603186,1.0857880083830345,1
14472.0,65,3,651.16,4.189654742026425,1.3862943611198906,6.480289930594306,-0.2063648029566139,0.5389081788515271,0.19724516922976462,1
14473.0,311,1,85.0,5.7430031878094825,0.6931471805599453,4.454347296253507,0.9400873308061398,-0.7741883749649034,-1.5442641132209838,3
14475.0,131,2,622.17,4.882801922586371,1.0986122886681098,6.434819354758556,0.3052139521655124,-0.006076131156111717,0.15815846037924244,1
14477.0,127,1,358.0,4.852030263919617,0.6931471805599453,5.883322388488279,0.2825028638493717,-0.7741883749649034,-0.3159107801427739,3
14479.0,455,1,174.4,6.1224928095143865,0.6931471805599453,5.1670690799380825,1.220170455571547,-0.7741883749649034,-0.93160530390805,3
14482.0,91,3,827.27,4.5217885770490405,1.3862943611198906,6.719339188186985,0.03876728243619778,0.5389081788515271,0.40273297229190264,1
14483.0,283,1,137.1,5.648974238161206,0.6931471805599453,4.9279780604152466,0.8706890639508278,-0.7741883749649034,-1.1371290057107486,3
14485.0,334,1,165.75,5.814130531825066,0.6931471805599453,5.1164956847957335,0.9925830187742288,-0.7741883749649034,-0.9750784188879852,3
14487.0,32,2,555.32,3.4965075614664802,1.0986122886681098,6.321343668259551,-0.7179435580787399,-0.006076131156111717,0.060614256500642116,1
14488.0,276,1,1064.28,5.6240175061873385,0.6931471805599453,6.97099295438666,0.8522696946838361,-0.7741883749649034,0.6190556669090803,3
14491.0,667,1,127.2,6.504288173536645,0.6931471805599453,4.853591544486569,1.501955338372516,-0.7741883749649034,-1.2010719850345994,3
14493.0,91,3,1602.54,4.5217885770490405,1.3862943611198906,7.379968964253945,0.03876728243619778,0.5389081788515271,0.9706132605994332,1
14495.0,64,1,40.6,4.174387269895637,0.6931471805599453,3.728100167267218,-0.21763299332885333,-0.7741883749649034,-2.1685493693997007,3
14496.0,343,2,538.81,5.840641657373398,1.0986122886681098,6.2912172257920815,1.0121496115344357,-0.006076131156111717,0.03471743281225153,3
14497.0,284,1,475.37,5.652489180268651,0.6931471805599453,6.166194863206115,0.8732832744707352,-0.7741883749649034,-0.0727523450910243,3
14498.0,188,1,147.02,5.241747015059643,0.6931471805599453,4.99734739976932,0.5701341433092347,-0.7741883749649034,-1.0774988136436845,3
14499.0,191,1,126.02,5.2574953720277815,0.6931471805599453,4.844344554374829,0.5817572517614268,-0.7741883749649034,-1.209020738785747,3
14500.0,2,2,305.85,1.0986122886681098,1.0986122886681098,5.726359028835106,-2.48771527897133,-0.006076131156111717,-0.45083718092390884,2
14501.0,96,1,184.28,4.574710978503383,0.6931471805599453,5.221868194384631,0.077826773715113,-0.7741883749649034,-0.8844997418545633,3
14502.0,183,3,943.53,5.214935757608986,1.3862943611198906,6.850687449274616,0.550346037558324,0.5389081788515271,0.5156405206304091,1
14503.0,182,2,770.87,5.209486152841421,1.0986122886681098,6.648816142062568,0.5463239451354044,-0.006076131156111717,0.3421110487632849,1
14504.0,68,2,408.15,4.23410650459726,1.0986122886681098,6.014081836973391,-0.17355708477387338,-0.006076131156111717,-0.203509377731368,1
14505.0,67,4,2969.98,4.219507705176107,1.6094379124341003,7.996647143699795,-0.18433175982646136,0.9616308508248114,1.5007125613327028,1
14506.0,245,3,1250.45,5.5053315359323625,1.3862943611198906,7.132058158016194,0.7646732611753665,0.5389081788515271,0.7575080309820249,1
14507.0,128,3,615.31,4.859812404361672,1.3862943611198906,6.423750083700587,0.2882464892022382,0.5389081788515271,0.14864326583688128,1
14508.0,32,1,137.56,3.4965075614664802,0.6931471805599453,4.931303444814125,-0.7179435580787399,-0.7741883749649034,-1.1342704905187586,3
14511.0,124,3,875.33,4.8283137373023015,1.3862943611198906,6.775742732326885,0.26499883079118963,0.5389081788515271,0.45121770923250076,1
14512.0,219,1,148.96,5.393627546352362,0.6931471805599453,5.010368591867711,0.6822298933968988,-0.7741883749649034,-1.066305739109617,3
14514.0,10,2,907.49,2.3978952727983707,1.0986122886681098,6.811783880620996,-1.528776701112921,-0.006076131156111717,0.48219884030722215,2
14515.0,220,3,1349.07,5.3981627015177525,1.3862943611198906,7.207911721940066,0.6855770743403773,0.5389081788515271,0.8227120912753597,1
14517.0,183,1,78.0,5.214935757608986,0.6931471805599453,4.3694478524670215,0.550346037558324,-0.7741883749649034,-1.6172440520025078,3
14518.0,184,1,174.37,5.220355825078324,0.6931471805599453,5.166898027681201,0.5543463299152838,-0.7741883749649034,-0.9317523411874348,3
14520.0,121,1,105.6,4.804021044733257,0.6931471805599453,4.669083511731744,0.24706955722334933,-0.7741883749649034,-1.3596759090957602,3
14522.0,124,1,482.07,4.8283137373023015,0.6931471805599453,6.180161570687824,0.26499883079118963,-0.7741883749649034,-0.06074650133593481,3
14524.0,122,2,321.95,4.812184355372417,1.0986122886681098,5.777497512478481,0.25309450605324024,-0.006076131156111717,-0.4068783133598373,3
14525.0,32,2,1451.63,3.4965075614664802,1.0986122886681098,7.281130985581688,-0.7179435580787399,-0.006076131156111717,0.8856516953513575,1
14527.0,2,19,3456.48,1.0986122886681098,2.995732273553991,8.148295278995791,-2.48771527897133,3.5878239584576725,1.631069971659998,0
14528.0,303,1,364.22,5.717027701406222,0.6931471805599453,5.900499911733888,0.9209160676594919,-0.7741883749649034,-0.30114490490293694,3
14529.0,62,1,261.62,4.143134726391533,0.6931471805599453,5.570708120430859,-0.24069899972494663,-0.7741883749649034,-0.5846353927849709,3
14530.0,155,3,1399.21,5.049856007249537,1.3862943611198906,7.244377504354475,0.4285085756840135,0.5389081788515271,0.8540582397250098,1
14533.0,32,4,1062.08,3.4965075614664802,1.6094379124341003,6.968925634211941,-0.7179435580787399,0.9616308508248114,0.6172785893092291,1
14534.0,3,10,2442.42,1.3862943611198906,2.3978952727983707,7.801153976252004,-2.275390911761259,2.4552828078148976,1.3326657667220536,0
14535.0,62,3,2864.19,4.143134726391533,1.3862943611198906,7.96038994457645,-0.24069899972494663,0.5389081788515271,1.4695457120060362,1
14538.0,184,1,281.75,5.220355825078324,0.6931471805599453,5.64456311499623,0.5543463299152838,-0.7741883749649034,-0.521149311584654,3
14540.0,284,1,195.9,5.652489180268651,0.6931471805599453,5.28269598564508,0.8732832744707352,-0.7741883749649034,-0.8322119024481348,3
14541.0,1,3,319.1,0.6931471805599453,1.3862943611198906,5.768633446975818,-2.7869696668833854,0.5389081788515271,-0.4144979034170667,2
14542.0,158,1,103.25,5.0689042022202315,0.6931471805599453,4.646791860678911,0.4425671366126743,-0.7741883749649034,-1.3788379113023495,3
14543.0,30,8,1633.68,3.4339872044851463,2.1972245773362196,7.399202345521524,-0.7640868409071632,2.0751326664691105,0.9871463605217328,0
14546.0,221,2,1061.28,5.402677381872279,1.0986122886681098,6.968172820535405,0.6889091438060244,-0.006076131156111717,0.6166314673308368,1
14547.0,182,3,957.6,5.209486152841421,1.3862943611198906,6.865473886725531,0.5463239451354044,0.5389081788515271,0.5283510079061379,1
14548.0,4,1,326.4,1.6094379124341003,0.6931471805599453,5.791182664937034,-2.1106993377399443,-0.7741883749649034,-0.395114495552588,2
14549.0,343,1,289.24,5.840641657373398,0.6931471805599453,5.670708166926771,1.0121496115344357,-0.7741883749649034,-0.4986749088767957,3
14552.0,34,1,165.07,3.5553480614894135,0.6931471805599453,5.112409386218662,-0.6745162015277419,-0.7741883749649034,-0.9785910192855531,3
14553.0,183,4,717.79,5.214935757608986,1.6094379124341003,6.577569242736948,0.550346037558324,0.9616308508248114,0.28086689780943874,1
14555.0,70,1,197.94,4.2626798770413155,0.6931471805599453,5.293003271724268,-0.1524684462934248,-0.7741883749649034,-0.8233517135762906,3
14560.0,60,10,1027.95,4.110873864173311,2.3978952727983707,6.936294143788558,-0.26450919789877697,2.4552828078148976,0.5892284152770235,0
14561.0,127,1,222.07,4.852030263919617,0.6931471805599453,5.40748562354869,0.2825028638493717,-0.7741883749649034,-0.7249421757149699,3
14562.0,61,8,1974.31,4.127134385045092,2.1972245773362196,7.588480627043289,-0.2525080857850369,2.0751326664691105,1.1498508116000006,0
14565.0,216,1,538.8,5.37989735354046,0.6931471805599453,6.291198700583904,0.6720962953050397,-0.7741883749649034,0.03470150846106155,3
14567.0,337,1,800.76,5.823045895483019,0.6931471805599453,6.686809311211414,0.9991630219387977,-0.7741883749649034,0.3747701456305395,3
14569.0,121,1,227.39,4.804021044733257,0.6931471805599453,5.431054693986231,0.24706955722334933,-0.7741883749649034,-0.7046820981343095,3
14570.0,252,2,218.06,5.53338948872752,1.0986122886681098,5.3893456648956,0.785381493084536,-0.006076131156111717,-0.7405353647037134,3
14572.0,182,1,135.05,5.209486152841421,0.6931471805599453,4.913022465229256,0.5463239451354044,-0.7741883749649034,-1.1499849017265078,3
14573.0,36,4,1016.47,3.6109179126442243,1.6094379124341003,6.925074432852604,-0.6335027543502829,0.9616308508248114,0.5795839019476833,1
14576.0,666,1,35.4,6.502790045915623,0.6931471805599453,3.594568774642695,1.5008496420862563,-0.7741883749649034,-2.2833335472991143,3
14577.0,364,1,346.9,5.8998973535824915,0.6931471805599453,5.8519150821578965,1.0558834045162586,-0.7741883749649034,-0.34290864009399197,3
14578.0,182,1,168.63,5.209486152841421,0.6931471805599453,5.133619594507631,0.5463239451354044,-0.7741883749649034,-0.9603586300797392,3
14583.0,158,2,404.73,5.0689042022202315,1.0986122886681098,6.005687913744225,0.4425671366126743,-0.006076131156111717,-0.2107248314031487,3
14584.0,95,1,354.01,4.564348191467836,0.6931471805599453,5.872145958092761,0.07017849663930051,-0.7741883749649034,-0.3255180893274149,3
14586.0,130,1,237.36,4.875197323201151,0.6931471805599453,5.473782135878778,0.2996013613683453,-0.7741883749649034,-0.6679533993992348,3
14587.0,10,7,1293.47,2.3978952727983707,2.0794415416798357,7.165856623952017,-1.528776701112921,1.8520047326679574,0.7865613423453961,0
14589.0,639,1,39.75,6.461468176353717,0.6931471805599453,3.7074558396868715,1.4703519481149387,-0.7741883749649034,-2.186295325036211,3
14591.0,67,1,250.22,4.219507705176107,0.6931471805599453,5.526329049259107,-0.18433175982646136,-0.7741883749649034,-0.6227838393806941,3
14592.0,183,2,425.25,5.214935757608986,1.0986122886681098,6.055026028597727,0.550346037558324,-0.006076131156111717,-0.16831356884341114,3
14594.0,302,2,379.83,5.713732805509369,1.0986122886681098,5.942353081326715,0.9184842627146785,-0.006076131156111717,-0.2651677345179477,3
14595.0,92,1,141.75,4.532599493153256,0.6931471805599453,4.96109484853612,0.04674630212701821,-0.7741883749649034,-1.1086616676233496,3
14597.0,339,1,165.1,5.8289456176102075,0.6931471805599453,5.112590016619249,1.0035173244391058,-0.7741883749649034,-0.9784357485913178,3
14600.0,162,1,393.33,5.093750200806762,0.6931471805599453,5.977188122189173,0.46090477886694337,-0.7741883749649034,-0.2352233787458693,3
14603.0,69,1,660.0,4.248495242049359,0.6931471805599453,6.493753839851686,-0.16293744640561536,-0.7741883749649034,0.20881880539909856,3
14606.0,6,38,5057.57,1.9459101490553132,3.6635616461296463,8.528839113644496,-1.8623652857933086,4.852958510340399,1.9581871413106375,0
14607.0,275,1,1000.0,5.62040086571715,0.6931471805599453,6.90875477931522,0.8496004254703785,-0.7741883749649034,0.5655554553174651,3
14608.0,60,3,1198.2,4.110873864173311,1.3862943611198906,7.089409946788388,-0.26450919789877697,0.5389081788515271,0.7208474392780991,1
14616.0,37,1,158.4,3.6375861597263857,0.6931471805599453,5.071416766356115,-0.6138201977068869,-0.7741883749649034,-1.013828457302069,3
14618.0,193,1,211.8,5.267858159063328,0.6931471805599453,5.360352757467489,0.5894055288372393,-0.7741883749649034,-0.7654577966400546,3
14619.0,129,1,394.44,4.867534450455582,0.6931471805599453,5.979999068998704,0.2939457617932729,-0.7741883749649034,-0.23280707638947729,3
14620.0,342,1,235.35,5.8377304471659395,0.6931471805599453,5.465313757239246,1.0100009866310964,-0.7741883749649034,-0.6752328552723043,3
14621.0,91,4,1482.66,4.5217885770490405,1.6094379124341003,7.302267286965374,0.03876728243619778,0.9616308508248114,0.9038205538532872,1
14622.0,127,1,320.58,4.852030263919617,0.6931471805599453,5.773246346316266,0.2825028638493717,-0.7741883749649034,-0.4105326346655084,3
14623.0,153,2,367.52,5.0369526024136295,1.0986122886681098,5.909494984240731,0.41898519022140823,-0.006076131156111717,-0.29341270064332253,3
14624.0,31,1,210.25,3.4657359027997265,0.6931471805599453,5.353042266237283,-0.7406546463948805,-0.7741883749649034,-0.7717419273557408,3
14626.0,94,2,1595.3,4.553876891600541,1.0986122886681098,7.375443730270433,0.06245013143655385,-0.006076131156111717,0.966723349377879,1
14628.0,37,2,671.96,3.6375861597263857,1.0986122886681098,6.511685892514335,-0.6138201977068869,-0.006076131156111717,0.22423327747548133,1
14629.0,213,1,354.18,5.365976015021851,0.6931471805599453,5.87262470322645,0.6618216217166248,-0.7741883749649034,-0.3251065578851549,3
14636.0,275,1,309.66,5.62040086571715,0.6931471805599453,5.738699066559761,0.8496004254703785,-0.7741883749649034,-0.4402296297134222,3
14639.0,33,2,754.1,3.5263605246161616,1.0986122886681098,6.62685019080938,-0.6959105149485876,-0.006076131156111717,0.3232290195503824,1
14640.0,31,2,802.31,3.4657359027997265,1.0986122886681098,6.688740691751605,-0.7406546463948805,-0.006076131156111717,0.3764303689170595,1
14642.0,1,1,96.12,0.6931471805599453,0.6931471805599453,4.575947327311188,-2.7869696668833854,-0.7741883749649034,-1.4397361866925236,2
14644.0,276,1,643.26,5.6240175061873385,0.6931471805599453,6.468102371336729,0.8522696946838361,-0.7741883749649034,0.18676868918649153,3
14645.0,99,2,597.09,4.605170185988092,1.0986122886681098,6.393741244298632,0.10030725676987509,-0.006076131156111717,0.12284753426569474,1
14646.0,3,28,87617.39,1.3862943611198906,3.367295829986474,11.380746186398797,-2.275390911761259,4.291713174426396,4.409699121808841,0
14649.0,36,3,1098.21,3.6109179126442243,1.3862943611198906,7.002347018952176,-0.6335027543502829,0.5389081788515271,0.6460077600028579,1
14651.0,6,2,654.6,1.9459101490553132,1.0986122886681098,6.485550846869675,-1.8623652857933086,-0.006076131156111717,0.20176747621538801,2
14653.0,121,4,1229.72,4.804021044733257,1.6094379124341003,7.1153546429603605,0.24706955722334933,0.9616308508248114,0.7431496152864322,1
14655.0,333,2,1173.47,5.811140992976701,1.0986122886681098,7.0685722609885815,0.9903765832503902,-0.006076131156111717,0.702935272057746,1
14656.0,342,1,133.11,5.8377304471659395,0.6931471805599453,4.898660358722849,1.0100009866310964,-0.7741883749649034,-1.1623306322385623,3
14657.0,156,2,222.86,5.056245805348308,1.0986122886681098,5.411020856461121,0.4332245798004987,-0.006076131156111717,-0.7219032738091283,3
14658.0,243,1,124.01,5.497168225293202,0.6931471805599453,4.828393734102471,0.7586483123454756,-0.7741883749649034,-1.2227321347039504,3
14659.0,189,4,840.82,5.247024072160486,1.6094379124341003,6.735566214666736,0.5740288865586801,0.9616308508248114,0.4166817962921717,1
14662.0,30,2,514.82,3.4339872044851463,1.0986122886681098,6.245757867414408,-0.7640868409071632,-0.006076131156111717,-0.004359633461509566,1
14664.0,183,1,389.04,5.214935757608986,0.6931471805599453,5.966249297966918,0.550346037558324,-0.7741883749649034,-0.24462644060914515,3
14665.0,32,3,1498.44,3.4965075614664802,1.3862943611198906,7.312846984050729,-0.7179435580787399,0.5389081788515271,0.9129149084353748,1
14667.0,69,13,4831.65,4.248495242049359,2.6390573296152584,8.483150250435214,-0.16293744640561536,2.9121396985285304,1.918912791664762,0
14669.0,7,3,1269.99,2.0794415416798357,1.3862943611198906,7.147551403337889,-1.7638121566391332,0.5389081788515271,0.7708260934412805,2
14670.0,252,2,411.53,5.53338948872752,1.0986122886681098,6.022308930402963,0.785381493084536,-0.006076131156111717,-0.19643733169594235,3
14672.0,163,1,285.28,5.099866427824199,0.6931471805599453,5.656970352870396,0.4654188732633121,-0.7741883749649034,-0.5104839948273188,3
14673.0,182,3,1044.94,5.209486152841421,1.3862943611198906,6.952671281602968,0.5463239451354044,0.5389081788515271,0.6033062756469694,1
14676.0,122,2,933.6,4.812184355372417,1.0986122886681098,6.840118630266326,0.25309450605324024,-0.006076131156111717,0.5065555168916586,1
14680.0,64,7,13441.85,4.174387269895637,2.0794415416798357,9.506202645168388,-0.21763299332885333,1.8520047326679574,2.7983331719170415,0
14681.0,6,1,393.95,1.9459101490553132,0.6931471805599453,5.9787591746104285,-1.8623652857933086,-0.7741883749649034,-0.233872895110027,2
14682.0,219,1,31.2,5.393627546352362,0.6931471805599453,3.4719664525503626,0.6822298933968988,-0.7741883749649034,-2.388723047650533,3
14684.0,128,2,519.26,4.859812404361672,1.0986122886681098,6.254328686617124,0.2882464892022382,-0.006076131156111717,0.0030078807744469936,1
14688.0,4,10,3229.3,1.6094379124341003,2.3978952727983707,8.080330291160656,-2.1106993377399443,2.4552828078148976,1.5726469663930935,0
14690.0,34,1,216.71,3.5553480614894135,0.6931471805599453,5.383163901958155,-0.6745162015277419,-0.7741883749649034,-0.7458492355680649,3
14691.0,36,3,1619.94,3.6109179126442243,1.3862943611198906,7.390761506861862,-0.6335027543502829,0.5389081788515271,0.9798905781376213,1
14696.0,3,5,1465.45,1.3862943611198906,1.791759469228055,7.290599793052768,-2.275390911761259,1.3070204226603186,0.893791124289329,2
14697.0,220,2,188.61,5.3981627015177525,1.0986122886681098,5.2449693310461125,0.6855770743403773,-0.006076131156111717,-0.8646419022251485,3
14698.0,121,1,157.16,4.804021044733257,0.6931471805599453,5.063607178862362,0.24706955722334933,-0.7741883749649034,-1.0205416133815886,3
14699.0,97,1,109.13,4.584967478670572,0.6931471805599453,4.701661486176852,0.08539660554102044,-0.7741883749649034,-1.3316717376360583,3
14700.0,153,2,1513.75,5.0369526024136295,1.0986122886681098,7.323005687825098,0.41898519022140823,-0.006076131156111717,0.9216473752983804,1
14701.0,190,2,528.89,5.25227342804663,1.0986122886681098,6.272669437835462,0.5779031848675285,-0.006076131156111717,0.01877367194367601,1
14702.0,101,9,1666.21,4.624972813284271,2.302585092994046,7.418906849621673,0.11492262808559309,2.2747274046412427,1.0040844397224127,0
14704.0,5,1,110.12,1.791759469228055,0.6931471805599453,4.7106106984460885,-1.9761365238492044,-0.7741883749649034,-1.3239789550402825,2
14708.0,126,3,1126.37,4.844187086458591,1.3862943611198906,7.027642765394543,0.2767141899944595,0.5389081788515271,0.6677520959426737,1
14709.0,91,7,2611.89,4.5217885770490405,2.0794415416798357,7.868212167428224,0.03876728243619778,1.8520047326679574,1.3903092855553214,0
14710.0,31,1,172.91,3.4657359027997265,0.6931471805599453,5.158537924019751,-0.7406546463948805,-0.7741883749649034,-0.938938723408668,3
14711.0,93,4,964.91,4.543294782270004,1.6094379124341003,6.873070662170274,0.05463998307310084,0.9616308508248114,0.5348812298035704,1
14712.0,61,1,495.6,4.127134385045092,0.6931471805599453,6.207784873074067,-0.2525080857850369,-0.7741883749649034,-0.03700138797380946,3
14713.0,61,7,1908.9,4.127134385045092,2.0794415416798357,7.554806163649109,-0.2525080857850369,1.8520047326679574,1.1209040933719228,0
14715.0,10,2,485.25,2.3978952727983707,1.0986122886681098,6.1867228949326565,-1.528776701112921,-0.006076131156111717,-0.055106357886728664,2
14719.0,62,3,947.1,4.143134726391533,1.3862943611198906,6.854459981923913,-0.24069899972494663,0.5389081788515271,0.5188834064435291,1
14720.0,32,3,663.81,3.4965075614664802,1.3862943611198906,6.499501285546037,-0.7179435580787399,0.5389081788515271,0.21375933523317794,1
14723.0,275,3,419.39,5.62040086571715,1.3862943611198906,6.041182851850236,0.8496004254703785,0.5389081788515271,-0.18021322503096457,1
14727.0,69,1,268.58,4.248495242049359,0.6931471805599453,5.596865192310124,-0.16293744640561536,-0.7741883749649034,-0.5621506576758284,3
14729.0,698,1,313.49,6.54965074223381,0.6931471805599453,5.750952279132591,1.5354352789595793,-0.7741883749649034,-0.4296967137888957,3
14730.0,121,4,1378.02,4.804021044733257,1.6094379124341003,7.229128380951365,0.24706955722334933,0.9616308508248114,0.8409500255507256,1
14731.0,36,1,127.66,3.6109179126442243,0.6931471805599453,4.857173265982854,-0.6335027543502829,-0.7741883749649034,-1.197993121335696,3
14732.0,2,7,2367.39,1.0986122886681098,2.0794415416798357,7.769965678388954,-2.48771527897133,1.8520047326679574,1.3058561674216205,0
14733.0,40,3,3901.83,3.713572066704308,1.3862943611198906,8.269457209993224,-0.5577386369809405,0.5389081788515271,1.7352213054317673,1
14735.0,182,3,767.29,5.209486152841421,1.3862943611198906,6.644167266039827,0.5463239451354044,0.5389081788515271,0.3381148542959127,1
14737.0,182,2,730.55,5.209486152841421,1.0986122886681098,6.595165570824172,0.5463239451354044,-0.006076131156111717,0.2959927795503693,1
14738.0,6,3,630.33,1.9459101490553132,1.3862943611198906,6.44782870523293,-1.8623652857933086,0.5389081788515271,0.16934135580073575,2
14739.0,185,6,3392.32,5.225746673713202,1.9459101490553132,8.1295640721556,0.5583250572491445,1.5990431447121,1.6149685431048355,1
14740.0,342,1,521.1,5.8377304471659395,0.6931471805599453,6.257859140416507,1.0100009866310964,-0.7741883749649034,0.006042674533495735,3
14741.0,667,1,184.5,6.504288173536645,0.6931471805599453,5.22305488204749,1.501955338372516,-0.7741883749649034,-0.8834796598713877,3
14744.0,31,2,308.75,3.4657359027997265,1.0986122886681098,5.7357655205092515,-0.7406546463948805,-0.006076131156111717,-0.4427513189216268,1
14745.0,127,1,341.07,4.852030263919617,0.6931471805599453,5.83501539448142,0.2825028638493717,-0.7741883749649034,-0.3574356866451783,3
14747.0,251,1,328.2,5.529429087511423,0.6931471805599453,5.796665468802915,0.7824585105193059,-0.7741883749649034,-0.39040145300911333,3
14748.0,36,5,1415.75,3.6109179126442243,1.791759469228055,7.256120795049728,-0.6335027543502829,1.3070204226603186,0.8641528245398242,1
14755.0,101,1,488.46,4.624972813284271,0.6931471805599453,6.193302742594856,0.11492262808559309,-0.7741883749649034,-0.049450291625720906,3
14759.0,213,1,755.12,5.365976015021851,0.6931471805599453,6.628200093741964,0.6618216217166248,-0.7741883749649034,0.32438940210399186,3
14761.0,1,2,255.9,0.6931471805599453,1.0986122886681098,5.548686904115838,-2.7869696668833854,-0.006076131156111717,-0.6035649280903684,2
14765.0,60,1,158.61,4.110873864173311,0.6931471805599453,5.072733339694467,-0.26450919789877697,-0.7741883749649034,-1.012696725015625,3
14766.0,67,3,960.07,4.219507705176107,1.3862943611198906,6.8680472471083736,-0.18433175982646136,0.5389081788515271,0.5305630799154075,1
14768.0,247,1,133.2,5.5134287461649825,0.6931471805599453,4.8993312245375815,0.7706494244592157,-0.7741883749649034,-1.1617539530059762,3
14769.0,152,1,341.97,5.030437921392435,0.6931471805599453,5.837642979783928,0.41417701599764817,-0.7741883749649034,-0.3551770026542379,3
14775.0,1,2,717.0,0.6931471805599453,1.0986122886681098,6.576469569048224,-2.7869696668833854,-0.006076131156111717,0.279921613424719,2
14776.0,219,1,214.56,5.393627546352362,0.6931471805599453,5.373239293065296,0.6822298933968988,-0.7741883749649034,-0.7543804734316831,3
14778.0,247,2,730.86,5.5134287461649825,1.0986122886681098,6.595589238838791,0.7706494244592157,-0.006076131156111717,0.2963569664565681,1
14779.0,252,1,38.0,5.53338948872752,0.6931471805599453,3.6635616461296463,0.785381493084536,-0.7741883749649034,-2.2240269686819207,3
14788.0,302,1,310.99,5.713732805509369,0.6931471805599453,5.742971136013778,0.9184842627146785,-0.7741883749649034,-0.4365573398453205,3
14789.0,30,1,197.64,3.4339872044851463,0.6931471805599453,5.2914941411999115,-0.7640868409071632,-0.7741883749649034,-0.8246489688746624,3
14790.0,3,2,428.62,1.3862943611198906,1.0986122886681098,6.062901097045831,-2.275390911761259,-0.006076131156111717,-0.16154412504483529,2
14792.0,154,1,6.2,5.043425116919247,0.6931471805599453,1.9740810260220096,0.4237622433584039,-0.7741883749649034,-3.676312010008101,3
14794.0,91,3,531.11,4.5217885770490405,1.3862943611198906,6.276850234885605,0.03876728243619778,0.5389081788515271,0.022367503648212862,1
14796.0,34,7,3536.66,3.5553480614894135,2.0794415416798357,8.17122077061064,-0.6745162015277419,1.8520047326679574,1.6507768260275686,0
14798.0,312,1,75.68,5.746203190540153,0.6931471805599453,4.339640918177444,0.9424490996472412,-0.7741883749649034,-1.6428662250427575,3
14800.0,31,7,2765.19,3.4657359027997265,2.0794415416798357,7.925226201116471,-0.7406546463948805,1.8520047326679574,1.439318802021887,0
14801.0,92,1,193.14,4.532599493153256,0.6931471805599453,5.26857954828408,0.04674630212701821,-0.7741883749649034,-0.8443464546721735,3
14803.0,99,1,188.64,4.605170185988092,0.6931471805599453,5.245127538033917,0.10030725676987509,-0.7741883749649034,-0.8645059067960874,3
14804.0,333,1,353.27,5.811140992976701,0.6931471805599453,5.8700593342813,0.9903765832503902,-0.7741883749649034,-0.3273117604191066,3
14808.0,65,2,443.06,4.189654742026425,1.0986122886681098,6.09595968843743,-0.2063648029566139,-0.006076131156111717,-0.1331268131242787,1
14810.0,101,3,463.64,4.624972813284271,1.3862943611198906,6.141262912196376,0.11492262808559309,0.5389081788515271,-0.09418396086191977,1
14813.0,578,2,155.43,6.361302477572996,1.0986122886681098,5.052608625573679,1.396424440472501,-0.006076131156111717,-1.0299960186155264,3
14815.0,275,2,778.5,5.62040086571715,1.0986122886681098,6.658652688497831,0.8496004254703785,-0.006076131156111717,0.3505665877474095,1
14817.0,161,1,580.79,5.087596335232384,0.6931471805599453,6.366109557876259,0.4563629052533389,-0.7741883749649034,0.09909521394889097,3
14819.0,184,1,187.35,5.220355825078324,0.6931471805599453,5.23830193413805,0.5543463299152838,-0.7741883749649034,-0.870373226206566,3
14820.0,183,1,139.1,5.214935757608986,0.6931471805599453,4.942356453342962,0.550346037558324,-0.7741883749649034,-1.1247692753186354,3
14821.0,486,1,48.8,6.18826412308259,0.6931471805599453,3.9080149840306073,1.2687131138433259,-0.7741883749649034,-2.0138937941959054,3
14823.0,5,1,110.78,1.791759469228055,0.6931471805599453,4.716532653841552,-1.9761365238492044,-0.7741883749649034,-1.3188884158924081,2
14824.0,93,2,497.41,4.543294782270004,1.0986122886681098,6.211423031477417,0.05463998307310084,-0.006076131156111717,-0.03387401085904599,1
14825.0,32,6,976.08,3.4965075614664802,1.9459101490553132,6.884568532006801,-0.7179435580787399,1.5990431447121,0.5447648497587017,0
14828.0,163,1,582.0,5.099866427824199,0.6931471805599453,6.368187186350492,0.4654188732633121,-0.7741883749649034,0.10088115260876758,3
14829.0,61,3,549.19,4.127134385045092,1.3862943611198906,6.310263673116288,-0.2525080857850369,0.5389081788515271,0.051089843486953335,1
14834.0,1,2,529.55,0.6931471805599453,1.0986122886681098,6.273914204319599,-2.7869696668833854,-0.006076131156111717,0.019843678739457783,2
14836.0,30,2,79.05,3.4339872044851463,1.0986122886681098,4.382651439442724,-0.7640868409071632,-0.006076131156111717,-1.6058941900221788,3
14837.0,32,1,303.94,3.4965075614664802,0.6931471805599453,5.720115035943761,-0.7179435580787399,-0.7741883749649034,-0.4562045449328967,3
14841.0,31,2,1169.69,3.4657359027997265,1.0986122886681098,7.065348597551135,-0.7406546463948805,-0.006076131156111717,0.7001641966557828,1
14842.0,216,3,1901.52,5.37989735354046,1.3862943611198906,7.550934602164159,0.6720962953050397,0.5389081788515271,1.117576081932047,1
14844.0,7,3,2521.01,2.0794415416798357,1.3862943611198906,7.832811481624062,-1.7638121566391332,0.5389081788515271,1.35987869888023,2
14849.0,3,15,4256.8,1.3862943611198906,2.772588722239781,8.356507873941638,-2.275390911761259,3.165101286484388,1.8100504426146133,0
14850.0,343,1,325.75,5.840641657373398,0.6931471805599453,5.789195352504331,1.0121496115344357,-0.7741883749649034,-0.3968227981422163,3
14852.0,1,3,1692.88,0.6931471805599453,1.3862943611198906,7.434777034450196,-2.7869696668833854,0.5389081788515271,1.0177265210551225,2
14853.0,6,1,214.5,1.9459101490553132,0.6931471805599453,5.372960909543803,-1.8623652857933086,-0.7741883749649034,-0.7546197731426149,2
14854.0,69,2,655.36,4.248495242049359,1.0986122886681098,6.486709418906949,-0.16293744640561536,-0.006076131156111717,0.20276338988199497,1
14855.0,3,1,339.3,1.3862943611198906,0.6931471805599453,5.82982758150686,-2.275390911761259,-0.7741883749649034,-0.3618951537088912,2
14856.0,275,2,308.11,5.62040086571715,1.0986122886681098,5.733697200604404,0.8496004254703785,-0.006076131156111717,-0.4445292558939351,3
14857.0,31,1,650.6,3.4657359027997265,0.6931471805599453,6.47943087672789,-0.7406546463948805,-0.7741883749649034,0.19650672271250944,1
14863.0,61,1,266.76,4.127134385045092,0.6931471805599453,5.590091056903071,-0.2525080857850369,-0.7741883749649034,-0.5679737345448332,3
14865.0,302,2,52.2,5.713732805509369,1.0986122886681098,3.9740583963475986,0.9184842627146785,-0.006076131156111717,-1.9571225837750406,3
14866.0,31,4,6181.32,3.4657359027997265,1.6094379124341003,8.72944888453583,-0.7406546463948805,0.9616308508248114,2.1306321909560095,0
14867.0,158,3,710.28,5.0689042022202315,1.3862943611198906,6.567066163812884,0.4425671366126743,0.5389081788515271,0.2718384045389356,1
14868.0,33,5,1806.42,3.5263605246161616,1.791759469228055,7.499655693025753,-0.6959105149485876,1.3070204226603186,1.0734965039890416,0
14869.0,333,1,334.39,5.811140992976701,0.6931471805599453,5.8152940337985335,0.9903765832503902,-0.7741883749649034,-0.3743882558392126,3
14871.0,182,1,167.63,5.209486152841421,0.6931471805599453,5.127706965682093,0.5463239451354044,-0.7741883749649034,-0.9654411520667007,3
14878.0,5,2,254.01,1.791759469228055,1.0986122886681098,5.541302760075785,-1.9761365238492044,-0.006076131156111717,-0.6099123710883729,2
14880.0,158,1,234.07,5.0689042022202315,0.6931471805599453,5.459883342129427,0.4425671366126743,-0.7741883749649034,-0.6799008642084939,3
14882.0,183,1,247.9,5.214935757608986,0.6931471805599453,5.517051209373546,0.550346037558324,-0.7741883749649034,-0.6307591117343717,3
14883.0,6,1,310.56,1.9459101490553132,0.6931471805599453,5.741591936051748,-1.8623652857933086,-0.7741883749649034,-0.437742906255503,2
14886.0,341,1,364.8,5.834810737062605,0.6931471805599453,5.9020867359567655,1.007846088361475,-0.7741883749649034,-0.299780863756403,3
14889.0,163,1,135.9,5.099866427824199,0.6931471805599453,4.919250732294404,0.4654188732633121,-0.7741883749649034,-1.1446310557075328,3
14891.0,219,1,449.38,5.393627546352362,0.6931471805599453,6.110091670866193,0.6822298933968988,-0.7741883749649034,-0.12097889829097949,3
14895.0,61,10,4899.95,4.127134385045092,2.3978952727983707,8.497184342857915,-0.2525080857850369,2.4552828078148976,1.9309765598142772,0
14896.0,455,1,257.22,6.1224928095143865,0.6931471805599453,5.553811934746573,1.220170455571547,-0.7741883749649034,-0.5991594290081235,3
14897.0,2,2,789.96,1.0986122886681098,1.0986122886681098,6.673247397588877,-2.48771527897133,-0.006076131156111717,0.36311226447383627,2
14898.0,70,2,266.85,4.2626798770413155,1.0986122886681098,5.590427122326969,-0.1524684462934248,-0.006076131156111717,-0.5676848512145213,3
14901.0,2,5,784.01,1.0986122886681098,1.791759469228055,6.665696456554773,-2.48771527897133,1.3070204226603186,0.3566214420392665,2
14903.0,156,3,1725.35,5.056245805348308,1.3862943611198906,7.45376463208261,0.4332245798004987,0.5389081788515271,1.034048344273502,1
14904.0,152,1,628.48,5.030437921392435,0.6931471805599453,6.444894081732664,0.41417701599764817,-0.7741883749649034,0.16681874041193684,3
14905.0,218,1,307.6,5.389071729816501,0.6931471805599453,5.73204593992906,0.6788674632848729,-0.7741883749649034,-0.44594868690106826,3
14907.0,30,4,2187.35,3.4339872044851463,1.6094379124341003,7.690903114186014,-0.7640868409071632,0.9616308508248114,1.2378936362423607,1
14910.0,122,2,212.44,4.812184355372417,1.0986122886681098,5.363355762727259,0.25309450605324024,-0.006076131156111717,-0.7628763999872131,3
14911.0,1,75,59175.7,0.6931471805599453,4.330733340286331,10.988283162317654,-2.7869696668833854,6.116847157616298,4.072336164008018,0
14912.0,160,1,482.79,5.081404364984463,0.6931471805599453,6.181650928264084,0.4517929084041481,-0.7741883749649034,-0.05946624295152684,3
14913.0,38,3,926.56,3.6635616461296463,1.3862943611198906,6.8325574824162345,-0.594648934560239,0.5389081788515271,0.5000559206327542,1
14915.0,93,2,307.48,4.543294782270004,1.0986122886681098,5.731657011422181,0.05463998307310084,-0.006076131156111717,-0.44628301157219136,3
14916.0,155,1,266.48,5.049856007249537,0.6931471805599453,5.589044797185778,0.4285085756840135,-0.7741883749649034,-0.5688731040425843,3
14918.0,126,1,765.42,4.844187086458591,0.6931471805599453,6.6417303223495585,0.2767141899944595,-0.7741883749649034,0.33602004668118807,3
14920.0,36,2,977.77,3.6109179126442243,1.0986122886681098,6.886296681323568,-0.6335027543502829,-0.006076131156111717,0.5462503745833419,1
14921.0,91,1,413.06,4.5217885770490405,0.6931471805599453,6.026010890860565,0.03876728243619778,-0.7741883749649034,-0.1932551100521015,3
14924.0,129,1,310.05,4.867534450455582,0.6931471805599453,5.739953670961029,0.2939457617932729,-0.7741883749649034,-0.4391511662004004,3
14929.0,152,1,223.88,5.030437921392435,0.6931471805599453,5.415566926598276,0.41417701599764817,-0.7741883749649034,-0.7179954517374023,3
14930.0,69,1,1104.13,4.248495242049359,0.6931471805599453,7.007718254090804,-0.16293744640561536,-0.7741883749649034,0.6506248975730882,1
14931.0,213,1,198.4,5.365976015021851,0.6931471805599453,5.295312857527738,0.6618216217166248,-0.7741883749649034,-0.8213663833664505,3
14932.0,455,1,363.53,6.1224928095143865,0.6931471805599453,5.89860885258863,1.220170455571547,-0.7741883749649034,-0.30277046773937033,3
14934.0,311,1,828.84,5.7430031878094825,0.6931471805599453,6.721232911123573,0.9400873308061398,-0.7741883749649034,0.4043608249351887,3
14936.0,99,6,4640.5,4.605170185988092,1.9459101490553132,8.442792868839987,0.10030725676987509,1.5990431447121,1.884221407282912,0
14937.0,337,1,759.56,5.823045895483019,0.6931471805599453,6.634055004050775,0.9991630219387977,-0.7741883749649034,0.3294223089977393,3
14944.0,61,7,2711.94,4.127134385045092,2.0794415416798357,7.905788196675341,-0.2525080857850369,1.8520047326679574,1.4226098071111986,0
14947.0,337,1,178.5,5.823045895483019,0.6931471805599453,5.190175207928333,0.9991630219387977,-0.7741883749649034,-0.9117431737102668,3
14948.0,250,2,360.76,5.5254529391317835,1.0986122886681098,5.89098100852966,0.7795239057264338,-0.006076131156111717,-0.30932739635551865,3
14952.0,2,5,3717.92,1.0986122886681098,1.791759469228055,8.221188582534788,-2.48771527897133,1.3070204226603186,1.6937293789847117,0
14958.0,129,2,392.28,4.867534450455582,1.0986122886681098,5.97452182637767,0.2939457617932729,-0.006076131156111717,-0.23751533846219378,3
14959.0,128,2,401.82,4.859812404361672,1.0986122886681098,5.998489812044735,0.2882464892022382,-0.006076131156111717,-0.2169123515792893,3
14960.0,333,1,132.97,5.811140992976701,0.6931471805599453,4.8976158942888945,0.9903765832503902,-0.7741883749649034,-1.1632284585027861,3
14961.0,93,3,2087.12,4.543294782270004,1.3862943611198906,7.644019418615487,0.05463998307310084,0.5389081788515271,1.1975922033944193,1
14963.0,96,2,604.59,4.574710978503383,1.0986122886681098,6.406203189437368,0.077826773715113,-0.006076131156111717,0.13355987763052113,1
14964.0,190,1,206.21,5.25227342804663,0.6931471805599453,5.333732771768991,0.5779031848675285,-0.7741883749649034,-0.7883404545232701,3
14965.0,246,2,599.0,5.5093883366279774,1.0986122886681098,6.396929655216146,0.7676673915820786,-0.006076131156111717,0.1255883064450238,1
14968.0,91,1,147.59,4.5217885770490405,0.6931471805599453,5.001190835268256,0.03876728243619778,-0.7741883749649034,-1.074194979426249,3
14970.0,304,2,917.06,5.720311776607412,1.0986122886681098,6.822262747961777,0.9233398863667901,-0.006076131156111717,0.49120652119325015,1
14971.0,244,2,500.21,5.501258210544727,1.0986122886681098,6.217025174937796,0.7616669346844612,-0.006076131156111717,-0.029058383470343705,3
14972.0,278,1,114.77,5.631211781821365,0.6931471805599453,4.751605464217637,0.8575794451611989,-0.7741883749649034,-1.2887396723908622,3
14974.0,303,1,114.39,5.717027701406222,0.6931471805599453,4.748317695206576,0.9209160676594919,-0.7741883749649034,-1.291565853228495,3
14976.0,69,1,115.57,4.248495242049359,0.6931471805599453,4.758491950931741,-0.16293744640561536,-0.7741883749649034,-1.2828200178395441,3
14981.0,160,1,102.12,5.081404364984463,0.6931471805599453,4.635893358630932,0.4517929084041481,-0.7741883749649034,-1.3882063120456105,3
14984.0,5,1,110.18,1.791759469228055,0.6931471805599453,4.711150509525323,-1.9761365238492044,-0.7741883749649034,-1.3235149310401346,2
14987.0,455,1,163.2,6.1224928095143865,0.6931471805599453,5.101085197018328,1.220170455571547,-0.7741883749649034,-0.9883253425947749,3
14988.0,6,1,334.54,1.9459101490553132,0.6931471805599453,5.8157411743422545,-1.8623652857933086,-0.7741883749649034,-0.374003891842794,2
14995.0,252,2,233.23,5.53338948872752,1.0986122886681098,5.456303538604819,0.785381493084536,-0.006076131156111717,-0.6829780792104297,3
14997.0,2,1,278.4,1.0986122886681098,0.6931471805599453,5.632644446822861,-2.48771527897133,-0.7741883749649034,-0.5313946516582271,2
14998.0,7,1,183.64,2.0794415416798357,0.6931471805599453,5.218407983319735,-1.7638121566391332,-0.7741883749649034,-0.8874741546472116,2
15002.0,224,2,893.15,5.41610040220442,1.0986122886681098,6.795873546334045,0.6988160325939846,-0.006076131156111717,0.46852224632180806,1
15005.0,101,11,2423.07,4.624972813284271,2.4849066497880004,7.793203224660036,0.11492262808559309,2.6201169764767496,1.3258312653570243,0
15007.0,279,1,156.91,5.634789603169249,0.6931471805599453,5.062025250478552,0.8602200638386365,-0.7741883749649034,-1.0219014460431255,3
15010.0,244,1,308.94,5.501258210544727,0.6931471805599453,5.736378730359189,0.7616669346844612,-0.7741883749649034,-0.4422242010123359,3
15012.0,698,1,191.06,6.54965074223381,0.6931471805599453,5.257807823209827,1.5354352789595793,-0.7741883749649034,-0.8536058773660067,3
15017.0,183,1,125.58,5.214935757608986,0.6931471805599453,4.840874519347159,0.550346037558324,-0.7741883749649034,-1.212003596300408,3
15018.0,334,3,496.21,5.814130531825066,1.3862943611198906,6.209012472065032,0.9925830187742288,0.5389081788515271,-0.03594613843137166,1
15021.0,187,4,941.43,5.236441962829949,1.6094379124341003,6.8484616460069425,0.5662187381952272,0.9616308508248114,0.5137272102602838,1
15023.0,130,5,3378.25,4.875197323201151,1.791759469228055,8.125409070363936,0.2996013613683453,1.3070204226603186,1.6113968851190024,1
15024.0,30,6,1072.12,3.4339872044851463,1.9459101490553132,6.978325572351427,-0.7640868409071632,1.5990431447121,0.6253588178640238,0
15025.0,183,1,377.01,5.214935757608986,0.6931471805599453,5.934920650296115,0.550346037558324,-0.7741883749649034,-0.27155668522739207,3
15026.0,161,1,108.98,5.087596335232384,0.6931471805599453,4.700298531079668,0.4563629052533389,-0.7741883749649034,-1.3328433398883015,3
15027.0,91,2,411.9,4.5217885770490405,1.0986122886681098,6.023205432892045,0.03876728243619778,-0.006076131156111717,-0.19566669417639404,1
15028.0,333,2,300.67,5.811140992976701,1.0986122886681098,5.709333704694526,0.9903765832503902,-0.006076131156111717,-0.46547222513738984,3
15031.0,90,3,557.18,4.51085950651685,1.3862943611198906,6.324681491008522,0.030701058617782478,0.5389081788515271,0.06348346375359017,1
15032.0,486,2,2770.6,6.18826412308259,1.0986122886681098,7.927180049753226,1.2687131138433259,-0.006076131156111717,1.4409983389839587,1
15033.0,125,3,380.34,4.836281906951478,1.3862943611198906,5.943691365636298,0.2708797553971797,0.5389081788515271,-0.26401733938424926,1
15034.0,30,3,1643.96,3.4339872044851463,1.3862943611198906,7.405471346794409,-0.7640868409071632,0.5389081788515271,0.9925352218465138,1
15035.0,32,1,252.73,3.4965075614664802,0.6931471805599453,5.536270709515726,-0.7179435580787399,-0.7741883749649034,-0.6142379440890893,3
15038.0,1,6,705.49,0.6931471805599453,1.9459101490553132,6.560309047742739,-2.7869696668833854,1.5990431447121,0.26602995756749237,2
15039.0,71,20,8524.26,4.276666119016055,3.044522437723423,9.05078880022037,-0.14214587057077066,3.680251942337322,2.4068574090351276,0
15043.0,122,1,537.0,4.812184355372417,0.6931471805599453,6.2878585601617845,0.25309450605324024,-0.7741883749649034,0.0318303089259852,3
15044.0,7,6,2619.79,2.0794415416798357,1.9459101490553132,7.871231078022655,-1.7638121566391332,1.5990431447121,1.3929043545044484,0
15045.0,34,1,346.76,3.5553480614894135,0.6931471805599453,5.851512586680537,-0.6745162015277419,-0.7741883749649034,-0.3432546269931692,3
15046.0,70,7,2622.5,4.2626798770413155,2.0794415416798357,7.872264583126767,-0.1524684462934248,1.8520047326679574,1.3937927600800863,0
15048.0,215,3,315.97,5.375278407684165,1.3862943611198906,5.758807132174922,0.6686872724634108,0.5389081788515271,-0.42294464724286684,1
15049.0,38,1,121.17,3.6635616461296463,0.6931471805599453,4.8054135174159684,-0.594648934560239,-0.7741883749649034,-1.242486030986061,3
15051.0,4,1,377.74,1.6094379124341003,0.6931471805599453,5.936849953834759,-2.1106993377399443,-0.7741883749649034,-0.2698982473406215,2
15053.0,187,3,697.79,5.236441962829949,1.3862943611198906,6.549350267911373,0.5662187381952272,0.5389081788515271,0.2566097417740338,1
15057.0,99,1,358.5,4.605170185988092,0.6931471805599453,5.884714177161102,0.10030725676987509,-0.7741883749649034,-0.3147143924209075,3
15058.0,68,4,767.59,4.23410650459726,1.6094379124341003,6.644557667377356,-0.17355708477387338,0.9616308508248114,0.3384504450188005,1
15059.0,101,2,381.89,4.624972813284271,1.0986122886681098,5.947747741662709,0.11492262808559309,-0.006076131156111717,-0.26053046054406787,3
15060.0,333,1,16.61,5.811140992976701,0.6931471805599453,2.8684669225081145,0.9903765832503902,-0.7741883749649034,-2.90749392285116,3
15061.0,6,28,31902.3,1.9459101490553132,3.367295829986474,10.370464731698394,-1.8623652857933086,4.291713174426396,3.541256698304053,0
15062.0,189,1,353.06,5.247024072160486,0.6931471805599453,5.8694663902971325,0.5740288865586801,-0.7741883749649034,-0.3278214577002129,3
15063.0,67,1,370.8,4.219507705176107,0.6931471805599453,5.918356075287344,-0.18433175982646136,-0.7741883749649034,-0.2857956674417196,3
15065.0,303,1,299.38,5.717027701406222,0.6931471805599453,5.705048339777434,0.9209160676594919,-0.7741883749649034,-0.4691559438445742,3
15067.0,311,1,848.05,5.7430031878094825,0.6931471805599453,6.74411807739231,0.9400873308061398,-0.7741883749649034,0.424033015456221,3
15070.0,667,1,106.2,6.504288173536645,0.6931471805599453,4.674696248636701,1.501955338372516,-0.7741883749649034,-1.3548511755350696,3
15071.0,99,2,982.07,4.605170185988092,1.0986122886681098,6.890680328191671,0.10030725676987509,-0.006076131156111717,0.5500185768919287,1
15073.0,158,2,861.96,5.0689042022202315,1.0986122886681098,6.760368340067173,0.4425671366126743,-0.006076131156111717,0.4380018133929632,1
15078.0,94,11,3272.22,4.553876891600541,2.4849066497880004,8.093529488863082,0.06245013143655385,2.6201169764767496,1.5839930553346273,0
15079.0,36,3,528.32,3.6109179126442243,1.3862943611198906,6.271593163904849,-0.6335027543502829,0.5389081788515271,0.01784850209490995,1
15081.0,215,2,191.45,5.375278407684165,1.0986122886681098,5.259836379729755,0.6686872724634108,-0.006076131156111717,-0.8518621211759011,3
15087.0,283,1,306.94,5.648974238161206,0.6931471805599453,5.7299049588017725,0.8706890639508278,-0.7741883749649034,-0.44778908378275817,3
15088.0,276,1,864.19,5.6240175061873385,0.6931471805599453,6.7629491359908425,0.8522696946838361,-0.7741883749649034,0.4402202770261368,3
15089.0,185,2,1580.61,5.225746673713202,1.0986122886681098,7.366198594547598,0.5583250572491445,-0.006076131156111717,0.9587761896676663,1
15090.0,253,1,381.32,5.537334267018537,0.6931471805599453,5.946257954269902,0.7882929451165858,-0.7741883749649034,-0.2618110884006876,3
15091.0,276,1,480.71,5.6240175061873385,0.6931471805599453,6.177342273229703,0.8522696946838361,-0.7741883749649034,-0.06316998194692702,3
15092.0,128,2,457.81,4.859812404361672,1.0986122886681098,6.1286361810072245,0.2882464892022382,-0.006076131156111717,-0.10503795504723559,1
15093.0,224,2,1844.13,5.41610040220442,1.0986122886681098,7.520305014696996,0.6988160325939846,-0.006076131156111717,1.0912467525682576,1
15097.0,213,1,248.08,5.365976015021851,0.6931471805599453,5.517774130004251,0.6618216217166248,-0.7741883749649034,-0.6301376859508835,3
15098.0,66,3,39916.5,4.204692619390966,1.3862943611198906,10.594570103213856,-0.19526606549133826,0.5389081788515271,3.733898670552315,0
15100.0,71,3,876.0,4.276666119016055,1.3862943611198906,6.776506992372183,-0.14214587057077066,0.5389081788515271,0.4518746705602959,1
15101.0,333,1,215.25,5.811140992976701,0.6931471805599453,5.376435145811989,0.9903765832503902,-0.7741883749649034,-0.7516333042229547,3
15103.0,122,1,411.68,4.812184355372417,0.6931471805599453,6.022672474232175,0.25309450605324024,-0.7741883749649034,-0.19612482780643495,3
15104.0,311,1,374.64,5.7430031878094825,0.6931471805599453,5.928631237936413,0.9400873308061398,-0.7741883749649034,-0.27696309201301406,3
15105.0,276,1,541.03,5.6240175061873385,0.6931471805599453,6.295321350461366,0.8522696946838361,-0.7741883749649034,0.03824535659782297,3
15106.0,6,2,637.38,1.9459101490553132,1.0986122886681098,6.458933717324055,-1.8623652857933086,-0.006076131156111717,0.1788872734938667,2
15107.0,40,4,243.5,3.713572066704308,1.6094379124341003,5.499215308914927,-0.5577386369809405,0.9616308508248114,-0.6460909309493121,1
15108.0,188,2,432.05,5.241747015059643,1.0986122886681098,6.070853194777054,0.5701341433092347,-0.006076131156111717,-0.1547084665325271,3
15109.0,129,1,484.95,4.867534450455582,0.6931471805599453,6.18610573794948,0.2939457617932729,-0.7741883749649034,-0.055636868769274636,3
15110.0,217,1,206.9,5.384495062789089,0.6931471805599453,5.337057194863967,0.6754896444230828,-0.7741883749649034,-0.7854827656723821,3
15111.0,61,3,1567.48,4.127134385045092,1.3862943611198906,7.357862276513416,-0.2525080857850369,0.5389081788515271,0.9516102536772264,1
15114.0,39,6,1860.49,3.6888794541139363,1.9459101490553132,7.529132521286524,-0.575963072373566,1.5990431447121,1.098834916421456,0
15117.0,33,2,675.73,3.5263605246161616,1.0986122886681098,6.517272375046999,-0.6959105149485876,-0.006076131156111717,0.22903544266119422,1
15119.0,129,1,266.4,4.867534450455582,0.6931471805599453,5.588745664667843,0.2939457617932729,-0.7741883749649034,-0.5691302396829706,3
15123.0,302,1,1129.84,5.713732805509369,0.6931471805599453,7.030715998380943,0.9184842627146785,-0.7741883749649034,0.6703938606610965,3
15124.0,339,1,90.75,5.8289456176102075,0.6931471805599453,4.51906748693468,1.0035173244391058,-0.7741883749649034,-1.4886303499925801,3
15125.0,62,2,375.0,4.143134726391533,1.0986122886681098,5.929589143389895,-0.24069899972494663,-0.006076131156111717,-0.276139672232675,1
15127.0,215,1,406.53,5.375278407684165,0.6931471805599453,6.010114549603027,0.6686872724634108,-0.7741883749649034,-0.20691967556731192,3
15128.0,62,3,1096.6,4.143134726391533,1.3862943611198906,7.000881256971621,-0.24069899972494663,0.5389081788515271,0.6447477844972673,1
15129.0,217,2,509.7,5.384495062789089,1.0986122886681098,6.2357823336535985,0.6754896444230828,-0.006076131156111717,-0.012934646567694302,1
15133.0,39,2,657.72,3.6888794541139363,1.0986122886681098,6.490298558021594,-0.575963072373566,-0.006076131156111717,0.20584862979857094,1
15134.0,67,3,505.27,4.219507705176107,1.3862943611198906,6.22707012381324,-0.18433175982646136,0.5389081788515271,-0.020423700823457982,1
15136.0,152,3,839.8,5.030437921392435,1.3862943611198906,6.734353819562742,0.41417701599764817,0.5389081788515271,0.4156396160784701,1
15139.0,163,1,122.1,5.099866427824199,0.6931471805599453,4.812997033190408,0.4654188732633121,-0.7741883749649034,-1.2359672071600867,3
15144.0,1,6,3023.9,0.6931471805599453,1.9459101490553132,8.014633312067279,-2.7869696668833854,1.5990431447121,1.5161735515092027,0
15145.0,212,2,580.59,5.3612921657094255,1.0986122886681098,6.365765732123761,0.6583646967407566,-0.006076131156111717,0.09879965980566381,1
15150.0,153,5,2067.45,5.0369526024136295,1.791759469228055,7.634554813503926,0.41898519022140823,1.3070204226603186,1.1894563868233456,1
15152.0,62,5,2079.93,4.143134726391533,1.791759469228055,7.64057018815368,-0.24069899972494663,1.3070204226603186,1.194627229576933,1
15153.0,122,1,329.25,4.812184355372417,0.6931471805599453,5.799849943402434,0.25309450605324024,-0.7741883749649034,-0.387664064506207,3
15156.0,120,3,961.49,4.795790545596741,1.3862943611198906,6.869523676497577,0.2409950197796698,0.5389081788515271,0.5318322251728288,1
15157.0,126,2,850.61,4.844187086458591,1.0986122886681098,6.747128675552541,0.2767141899944595,-0.006076131156111717,0.4266209390000078,1
15159.0,32,14,6671.65,3.4965075614664802,2.70805020110221,8.805772361355713,-0.7179435580787399,3.0428396484500335,2.196240190460887,0
15164.0,254,2,648.26,5.541263545158426,1.0986122886681098,6.475833252811612,0.7911929572290339,-0.006076131156111717,0.19341418922278245,1
15165.0,698,1,487.75,6.54965074223381,0.6931471805599453,6.1918511112995755,1.5354352789595793,-0.7741883749649034,-0.05069812033151708,3
15171.0,10,1,1289.5,2.3978952727983707,0.6931471805599453,7.162785019158669,-1.528776701112921,-0.7741883749649034,0.7839209772289492,2
15172.0,333,1,376.1,5.811140992976701,0.6931471805599453,5.9325104042643115,0.9903765832503902,-0.7741883749649034,-0.27362854341637827,3
15179.0,341,1,102.0,5.834810737062605,0.6931471805599453,4.634728988229636,1.007846088361475,-0.7741883749649034,-1.389207210011672,3
15180.0,517,1,87.5,6.249975242259483,0.6931471805599453,4.483002552013883,1.314259136984046,-0.7741883749649034,-1.5196319281571986,3
15181.0,245,1,254.48,5.5053315359323625,0.6931471805599453,5.543144128693388,0.7646732611753665,-0.7741883749649034,-0.6083295224501082,3
15182.0,126,1,252.37,4.844187086458591,0.6931471805599453,5.534850870981006,0.2767141899944595,-0.7741883749649034,-0.615458443596767,3
15184.0,61,2,406.76,4.127134385045092,1.0986122886681098,6.010678766031786,-0.2525080857850369,-0.006076131156111717,-0.2064346726203677,1
15187.0,36,8,2001.52,3.6109179126442243,2.1972245773362196,7.602161666408245,-0.6335027543502829,2.0751326664691105,1.161611093773734,0
15189.0,7,18,6206.29,2.0794415416798357,2.9444389791664403,8.733479686765772,-1.7638121566391332,3.490654049983437,2.1340970864472153,0
15192.0,3,3,1044.32,1.3862943611198906,1.3862943611198906,6.952078337618801,-2.275390911761259,0.5389081788515271,0.6027965783658631,2
15193.0,62,1,499.32,4.143134726391533,0.6931471805599453,6.215247893709531,-0.24069899972494663,-0.7741883749649034,-0.03058614230422427,3
15194.0,122,8,4224.03,4.812184355372417,2.1972245773362196,8.348781640357782,0.25309450605324024,2.0751326664691105,1.803408937926083,0
15195.0,152,1,3861.0,5.030437921392435,0.6931471805599453,8.258940462988459,0.41417701599764817,-0.7741883749649034,1.7261810630184165,1
15197.0,341,1,216.75,5.834810737062605,0.6931471805599453,5.383347615732612,1.007846088361475,-0.7741883749649034,-0.7456913143919625,3
15198.0,124,2,193.64,4.8283137373023015,1.0986122886681098,5.2711516984752675,0.26499883079118963,-0.006076131156111717,-0.8421354229490233,3
15199.0,31,3,964.65,3.4657359027997265,1.3862943611198906,6.872801449718608,-0.7406546463948805,0.5389081788515271,0.5346498135849761,1
15201.0,190,3,632.47,5.25227342804663,1.3862943611198906,6.451212642680907,0.5779031848675285,0.5389081788515271,0.17225020345367104,1
15203.0,343,1,211.94,5.840641657373398,0.6931471805599453,5.3610104358864605,1.0121496115344357,-0.7741883749649034,-0.764892453351409,3
15205.0,247,1,476.3,5.5134287461649825,0.6931471805599453,6.168145224011851,0.7706494244592157,-0.7741883749649034,-0.07107580628398077,3
15206.0,99,2,201.3,4.605170185988092,1.0986122886681098,5.3097517441737,0.10030725676987509,-0.006076131156111717,-0.8089546523055762,3
15208.0,120,3,546.6,4.795790545596741,1.3862943611198906,6.305545093414294,0.2409950197796698,0.5389081788515271,0.047033731427452326,1
15211.0,62,2,894.41,4.143134726391533,1.0986122886681098,6.797281713937488,-0.24069899972494663,-0.006076131156111717,0.46973271344514783,1
15212.0,7,1,101.8,2.0794415416798357,0.6931471805599453,4.632785353021065,-1.7638121566391332,-0.7741883749649034,-1.3908779674655352,2
15214.0,37,5,1068.19,3.6375861597263857,1.791759469228055,6.974656631433896,-0.6138201977068869,1.3070204226603186,0.622204979963415,1
15215.0,246,1,300.04,5.5093883366279774,0.6931471805599453,5.707243146285182,0.7676673915820786,-0.7741883749649034,-0.46726927842688826,3
15218.0,189,1,647.75,5.247024072160486,0.6931471805599453,6.475047434480098,0.5740288865586801,-0.7741883749649034,0.19273869629645032,3
15220.0,252,1,316.11,5.53338948872752,0.6931471805599453,5.759248716840184,0.785381493084536,-0.7741883749649034,-0.42256505910423603,3
15221.0,486,1,403.25,6.18826412308259,0.6931471805599453,6.002033498457216,1.2687131138433259,-0.7741883749649034,-0.2138661830072761,3
15223.0,251,1,300.85,5.529429087511423,0.6931471805599453,5.709930205242435,0.7824585105193059,-0.7741883749649034,-0.4649594706183017,3
15224.0,364,1,11.6,5.8998973535824915,0.6931471805599453,2.533696813957432,1.0558834045162586,-0.7741883749649034,-3.195263794340022,3
15226.0,312,1,154.41,5.746203190540153,0.6931471805599453,5.04606678592752,0.9424490996472412,-0.7741883749649034,-1.035619413017213,3
15227.0,128,3,594.33,4.859812404361672,1.3862943611198906,6.3891158736485165,0.2882464892022382,0.5389081788515271,0.11887154512098091,1
15228.0,245,2,2133.26,5.5053315359323625,1.0986122886681098,7.665875261366144,0.7646732611753665,-0.006076131156111717,1.2163795828497297,1
15234.0,130,1,197.0,4.875197323201151,0.6931471805599453,5.288267030694535,0.2996013613683453,-0.7741883749649034,-0.8274230073915209,3
15235.0,160,7,1121.97,5.081404364984463,2.0794415416798357,7.02373224022311,0.4517929084041481,1.8520047326679574,0.6643905911449213,1
15237.0,121,1,83.6,4.804021044733257,0.6931471805599453,4.437934266612178,0.24706955722334933,-0.7741883749649034,-1.5583728263646879,3
15238.0,61,3,1071.99,4.127134385045092,1.3862943611198906,6.978204422922778,-0.2525080857850369,0.5389081788515271,0.625254677277327,1
15240.0,7,3,1045.38,2.0794415416798357,1.3862943611198906,6.9530918673704285,-1.7638121566391332,0.5389081788515271,0.6036678130398272,2
15241.0,96,5,1119.71,4.574710978503383,1.791759469228055,7.0217176920127296,0.077826773715113,1.3070204226603186,0.6626588765598915,1
15244.0,215,2,631.57,5.375278407684165,1.0986122886681098,6.449790886414747,0.6686872724634108,-0.006076131156111717,0.17102805545553432,1
15245.0,219,1,486.24,5.393627546352362,0.6931471805599453,6.188756814831758,0.6822298933968988,-0.7741883749649034,-0.053357991312075144,3
15247.0,94,1,356.0,4.553876891600541,0.6931471805599453,5.877735781779639,0.06245013143655385,-0.7741883749649034,-0.32071305207070716,3
15249.0,3,7,3636.29,1.3862943611198906,2.0794415416798357,8.19899417785443,-2.275390911761259,1.8520047326679574,1.674650970191618,0
15251.0,4,4,6339.32,1.6094379124341003,1.6094379124341003,8.754684519343662,-2.1106993377399443,0.9616308508248114,2.152324854667921,0
15252.0,96,2,740.78,4.574710978503383,1.0986122886681098,6.60905270324689,0.077826773715113,-0.006076131156111717,0.30793022023148525,1
15253.0,2,2,466.75,1.0986122886681098,1.0986122886681098,6.147933965154199,-2.48771527897133,-0.006076131156111717,-0.08844949412389723,2
15254.0,247,1,300.36,5.5134287461649825,0.6931471805599453,5.708305563383786,0.7706494244592157,-0.7741883749649034,-0.46635601997243314,3
15255.0,245,1,890.85,5.5053315359323625,0.6931471805599453,6.793297957004312,0.7646732611753665,-0.7741883749649034,0.46630825829989636,3
15257.0,342,1,317.15,5.8377304471659395,0.6931471805599453,5.762522969678801,1.0100009866310964,-0.7741883749649034,-0.4197504968284402,3
15258.0,189,1,315.66,5.247024072160486,0.6931471805599453,5.757828643073288,0.5740288865586801,-0.7741883749649034,-0.4237857608185366,3
15260.0,188,3,808.38,5.241747015059643,1.3862943611198906,6.696268522474999,0.5701341433092347,0.5389081788515271,0.38290132562594736,1
15264.0,184,1,393.74,5.220355825078324,0.6931471805599453,5.978227320325962,0.5543463299152838,-0.7741883749649034,-0.234330079414069,3
15265.0,34,1,793.88,3.5553480614894135,0.6931471805599453,6.678191159865005,-0.6745162015277419,-0.7741883749649034,0.36736194447373777,1
15266.0,224,1,119.3,5.41610040220442,0.6931471805599453,4.789988622980633,0.6988160325939846,-0.7741883749649034,-1.2557453387199642,3
15267.0,1,3,1527.76,0.6931471805599453,1.3862943611198906,7.332212228271893,-2.7869696668833854,0.5389081788515271,0.9295613583379684,2
15270.0,39,3,1013.5,3.6888794541139363,1.3862943611198906,6.922151159265869,-0.575963072373566,0.5389081788515271,0.577071042994943,1
15271.0,5,8,1328.66,1.791759469228055,2.1972245773362196,7.1926785494368115,-1.9761365238492044,2.0751326664691105,0.8096175885654036,0
15274.0,213,1,332.58,5.365976015021851,0.6931471805599453,5.809882716649027,0.6618216217166248,-0.7741883749649034,-0.379039848083934,3
15275.0,303,1,615.14,5.717027701406222,0.6931471805599453,6.4234742104382585,0.9209160676594919,-0.7741883749649034,0.14840612395587174,3
15276.0,245,1,135.31,5.5053315359323625,0.6931471805599453,4.914931703582751,0.7646732611753665,-0.7741883749649034,-1.1483437119619688,3
15281.0,1,3,1025.19,0.6931471805599453,1.3862943611198906,6.93360819377124,-2.7869696668833854,0.5389081788515271,0.5869195607181285,2
15288.0,157,2,548.01,5.062595033026967,1.0986122886681098,6.308116656279888,0.43791064083188236,-0.006076131156111717,0.049244258282915815,1
15289.0,61,2,617.25,4.127134385045092,1.0986122886681098,6.426892906401526,-0.2525080857850369,-0.006076131156111717,0.15134485018285807,1
15290.0,122,7,3202.81,4.812184355372417,2.0794415416798357,8.072096005555975,0.25309450605324024,1.8520047326679574,1.5655687379320153,0
15291.0,5,10,3157.42,1.791759469228055,2.3978952727983707,8.057827181539276,-1.9761365238492044,2.4552828078148976,1.5533031934622312,0
15296.0,36,2,878.26,3.6109179126442243,1.0986122886681098,6.779080644618959,-0.6335027543502829,-0.006076131156111717,0.4540869934570982,1
15297.0,61,2,380.26,4.127134385045092,1.0986122886681098,5.94348155708583,-0.2525080857850369,-0.006076131156111717,-0.264197691745656,1
15298.0,124,5,2145.34,4.8283137373023015,1.791759469228055,7.6715193449376216,0.26499883079118963,1.3070204226603186,1.2212312621441215,1
15299.0,276,5,3307.01,5.6240175061873385,1.791759469228055,8.10410207911362,0.8522696946838361,1.3070204226603186,1.5930813008499558,1
15300.0,184,1,496.44,5.220355825078324,0.6931471805599453,6.2094749463104435,0.5543463299152838,-0.7741883749649034,-0.03554859351690733,3
15301.0,219,3,1345.28,5.393627546352362,1.3862943611198906,7.205100512344874,0.6822298933968988,0.5389081788515271,0.8202955630272464,1
15304.0,62,4,391.5,4.143134726391533,1.6094379124341003,5.972536537222463,-0.24069899972494663,0.9616308508248114,-0.23922190183350384,1
15306.0,124,2,829.73,4.8283137373023015,1.0986122886681098,6.722304832313548,0.26499883079118963,-0.006076131156111717,0.4052822531487794,1
15307.0,216,1,205.3,5.37989735354046,0.6931471805599453,5.329331420077207,0.6720962953050397,-0.7741883749649034,-0.7921238759768925,3
15308.0,69,1,310.47,4.248495242049359,0.6931471805599453,5.741303025403381,-0.16293744640561536,-0.7741883749649034,-0.4379912551314292,3
15311.0,1,41,32300.0,0.6931471805599453,3.7376696182833684,10.382853468483827,-2.7869696668833854,4.993348496153754,3.551906111443379,0
15312.0,128,1,318.16,4.859812404361672,0.6931471805599453,5.76569254444008,0.2882464892022382,-0.7741883749649034,-0.41702591629263175,3
15315.0,184,1,336.96,5.220355825078324,0.6931471805599453,5.822927545284644,0.5543463299152838,-0.7741883749649034,-0.3678264554775348,3
15318.0,182,1,312.62,5.209486152841421,0.6931471805599453,5.748182061952885,0.5463239451354044,-0.7741883749649034,-0.43207800477467473,3
15319.0,342,1,204.5,5.8377304471659395,0.6931471805599453,5.32544603393629,1.0100009866310964,-0.7741883749649034,-0.7954637711524112,3
15326.0,71,1,311.71,4.276666119016055,0.6931471805599453,5.74527624348556,-0.14214587057077066,-0.7741883749649034,-0.4345758592292804,3
15330.0,62,2,714.96,4.143134726391533,1.0986122886681098,6.5736242994783,-0.24069899972494663,-0.006076131156111717,0.27747580707111996,1
15332.0,486,4,1661.06,6.18826412308259,1.6094379124341003,7.415813075846797,1.2687131138433259,0.9616308508248114,1.0014250180510276,1
15334.0,187,1,127.53,5.236441962829949,0.6931471805599453,4.85616234012204,0.5662187381952272,-0.7741883749649034,-1.1988621176935566,3
15339.0,245,1,316.17,5.5053315359323625,0.6931471805599453,5.75943790773436,0.7646732611753665,-0.7741883749649034,-0.42240242977170833,3
15342.0,306,1,406.09,5.726847747587197,0.6931471805599453,6.0090342912180414,0.9281637736899004,-0.7741883749649034,-0.20784827047074533,3
15344.0,90,2,255.25,4.51085950651685,1.0986122886681098,5.546153530452618,0.030701058617782478,-0.006076131156111717,-0.6057426273379335,3
15346.0,40,1,252.42,3.713572066704308,0.6931471805599453,5.5350481913707625,-0.5577386369809405,-0.7741883749649034,-0.615288826113748,3
15347.0,486,1,201.6,6.18826412308259,0.6931471805599453,5.311233591814583,1.2687131138433259,-0.7741883749649034,-0.8076808494949577,3
15349.0,219,2,473.81,5.393627546352362,1.0986122886681098,6.1629147240133015,0.6822298933968988,-0.006076131156111717,-0.07557196730301975,3
15350.0,698,1,115.65,6.54965074223381,0.6931471805599453,4.759177998467439,1.5354352789595793,-0.7741883749649034,-1.282230288332218,3
15351.0,31,4,772.44,3.4657359027997265,1.6094379124341003,6.6508480975151185,-0.7406546463948805,0.9616308508248114,0.34385772669096204,1
15353.0,517,1,311.65,6.249975242259483,0.6931471805599453,5.745084354013307,1.314259136984046,-0.7741883749649034,-0.4347408082715035,3
15355.0,61,1,150.8,4.127134385045092,0.6931471805599453,5.02256386496153,-0.2525080857850369,-0.7741883749649034,-1.0558226282184648,3
15356.0,122,5,1252.49,4.812184355372417,1.791759469228055,7.133686939903981,0.25309450605324024,1.3070204226603186,0.7589081391235828,1
15358.0,2,11,5004.54,1.0986122886681098,2.4849066497880004,8.518300578037278,-2.48771527897133,2.6201169764767496,1.9491281693178897,0
15363.0,667,1,326.0,6.504288173536645,0.6931471805599453,5.7899601708972535,1.501955338372516,-0.7741883749649034,-0.39616535685632476,3
15364.0,216,1,581.39,5.37989735354046,0.6931471805599453,6.367140326405394,0.6720962953050397,-0.7741883749649034,0.09998126715253053,3
15365.0,246,1,752.67,5.5093883366279774,0.6931471805599453,6.62495460642184,0.7676673915820786,-0.7741883749649034,0.3215995667955938,3
15367.0,99,2,1416.18,4.605170185988092,1.0986122886681098,7.256424260557557,0.10030725676987509,-0.006076131156111717,0.8644136848375586,1
15370.0,31,2,217.2,3.4657359027997265,1.0986122886681098,5.38541207339897,-0.7406546463948805,-0.006076131156111717,-0.7439166974170061,3
15373.0,333,2,679.83,5.811140992976701,1.0986122886681098,6.523312642093231,0.9903765832503902,-0.006076131156111717,0.23422768302930158,1
15374.0,278,1,168.0,5.631211781821365,0.6931471805599453,5.1298987149230735,0.8575794451611989,-0.7741883749649034,-0.9635571146891008,3
15376.0,340,1,654.17,5.831882477283517,0.6931471805599453,6.484894743944791,1.0056848799854274,-0.7741883749649034,0.2012034872284539,3
15379.0,99,3,1341.37,4.605170185988092,1.3862943611198906,7.202191987429847,0.10030725676987509,0.5389081788515271,0.8177953820981815,1
15380.0,333,2,615.4,5.811140992976701,1.0986122886681098,6.42389610344596,0.9903765832503902,-0.006076131156111717,0.14876878505824437,1
15381.0,67,1,314.55,4.219507705176107,0.6931471805599453,5.754317148030249,-0.18433175982646136,-0.7741883749649034,-0.42680425754646695,3
15382.0,127,2,539.1,4.852030263919617,1.0986122886681098,6.291754307598845,0.2825028638493717,-0.006076131156111717,0.03517911071766693,1
15386.0,188,1,394.14,5.241747015059643,0.6931471805599453,5.979240132485259,0.5701341433092347,-0.7741883749649034,-0.23345946158565783,3
15392.0,2,3,1196.55,1.0986122886681098,1.3862943611198906,7.088033082066856,-2.48771527897133,0.5389081788515271,0.7196638802510156,2
15393.0,283,1,124.1,5.648974238161206,0.6931471805599453,4.829113417472866,0.8706890639508278,-0.7741883749649034,-1.2221134916837966,3
15399.0,121,1,266.64,4.804021044733257,0.6931471805599453,5.589642793914616,0.24706955722334933,-0.7741883749649034,-0.5683590633997279,3
15400.0,124,4,649.0,4.8283137373023015,1.6094379124341003,6.476972362889683,0.26499883079118963,0.9616308508248114,0.194393373302858,1
15405.0,280,1,349.1,5.638354669333745,0.6931471805599453,5.85821882796062,0.8628512685257675,-0.7741883749649034,-0.3374899122171165,3
15406.0,39,2,510.71,3.6888794541139363,1.0986122886681098,6.237758058320892,-0.575963072373566,-0.006076131156111717,-0.011236304872655421,1
15407.0,96,4,1056.44,4.574710978503383,1.6094379124341003,6.963606171722143,0.077826773715113,0.9616308508248114,0.6127059557377721,1
15410.0,306,2,727.48,5.726847747587197,1.0986122886681098,6.590960171586472,0.9281637736899004,-0.006076131156111717,0.2923777996961899,1
15411.0,66,2,382.21,4.204692619390966,1.0986122886681098,5.948583141789613,-0.19526606549133826,-0.006076131156111717,-0.25981234688630483,1
15414.0,37,2,421.5,3.6375861597263857,1.0986122886681098,6.046189446797229,-0.6138201977068869,-0.006076131156111717,-0.1759095337882478,1
15416.0,156,3,3085.13,5.056245805348308,1.3862943611198906,8.034673157764942,0.4332245798004987,0.5389081788515271,1.5333998918358218,1
15421.0,1,4,950.36,0.6931471805599453,1.6094379124341003,6.857892539809733,-2.7869696668833854,0.9616308508248114,0.5218340484406798,2
15423.0,334,1,43.5,5.814130531825066,0.6931471805599453,3.7954891891721947,0.9925830187742288,-0.7741883749649034,-2.110621467003303,3
15426.0,183,3,749.67,5.214935757608986,1.3862943611198906,6.620966141078948,0.550346037558324,0.5389081788515271,0.31817106428044767,1
15427.0,183,2,1112.11,5.214935757608986,1.0986122886681098,7.01491317837761,0.550346037558324,-0.006076131156111717,0.6568096864311797,1
15433.0,67,1,160.66,4.219507705176107,0.6931471805599453,5.085495364305698,-0.18433175982646136,-0.7741883749649034,-1.0017264320040677,3
15434.0,122,2,454.2,4.812184355372417,1.0986122886681098,6.120736882812121,0.25309450605324024,-0.006076131156111717,-0.11182822684389736,1
15442.0,221,1,594.0,5.402677381872279,0.6931471805599453,6.38856140554563,0.6889091438060244,-0.7741883749649034,0.11839492187823361,3
15443.0,121,1,379.51,4.804021044733257,0.6931471805599453,5.941512458165331,0.24706955722334933,-0.7741883749649034,-0.26589033791933653,3
15449.0,158,1,301.78,5.0689042022202315,0.6931471805599453,5.713006469183733,0.4425671366126743,-0.7741883749649034,-0.46231510047759383,3
15450.0,91,1,429.84,4.5217885770490405,0.6931471805599453,6.0657367914825695,0.03876728243619778,-0.7741883749649034,-0.15910654951823067,3
15452.0,61,1,125.4,4.127134385045092,0.6931471805599453,4.839451481712757,-0.2525080857850369,-0.7741883749649034,-1.2132268457683748,3
15453.0,121,4,910.59,4.804021044733257,1.6094379124341003,6.815190327587798,0.24706955722334933,0.9616308508248114,0.4851270372424688,1
15454.0,364,1,179.1,5.8998973535824915,0.6931471805599453,5.19351225218191,1.0558834045162586,-0.7741883749649034,-0.908874635655415,3
15456.0,342,2,204.0,5.8377304471659395,1.0986122886681098,5.3230099791384085,1.0100009866310964,-0.006076131156111717,-0.7975578146712935,3
15462.0,185,2,169.8,5.225746673713202,1.0986122886681098,5.14049328135447,0.5583250572491445,-0.006076131156111717,-0.9544499783511456,3
15463.0,61,1,126.14,4.127134385045092,0.6931471805599453,4.845288841508263,-0.2525080857850369,-0.7741883749649034,-1.208209025373778,3
15464.0,224,1,1048.85,5.41610040220442,0.6931471805599453,6.956402575803658,0.6988160325939846,-0.7741883749649034,0.6065137127065928,1
15465.0,5,7,2168.66,1.791759469228055,2.0794415416798357,7.682325752230944,-1.9761365238492044,1.8520047326679574,1.2305204978274347,0
15467.0,65,1,288.42,4.189654742026425,0.6931471805599453,5.667878920309847,-0.2063648029566139,-0.7741883749649034,-0.5011069418288637,3
15469.0,33,1,304.3,3.5263605246161616,0.6931471805599453,5.721294899740832,-0.6959105149485876,-0.7741883749649034,-0.45519032877504556,3
15471.0,152,1,469.48,5.030437921392435,0.6931471805599453,6.153753450151701,0.41417701599764817,-0.7741883749649034,-0.08344703898501843,3
15473.0,1,6,1363.2,0.6931471805599453,1.9459101490553132,7.218323455220619,-2.7869696668833854,1.5990431447121,0.8316620634251805,2
15482.0,274,2,2629.4,5.616771097666572,1.0986122886681098,7.874891204861861,0.8469214674182133,-0.006076131156111717,1.3960506157841999,1
15483.0,338,3,118.96,5.82600010738045,1.3862943611198906,4.787158353880808,1.0013433843311454,0.5389081788515271,-1.2581782506028731,3
15484.0,121,1,674.25,4.804021044733257,0.6931471805599453,6.515082992672725,0.24706955722334933,-0.7741883749649034,0.22715343985272235,3
15485.0,91,3,2575.0,4.5217885770490405,1.3862943611198906,7.853993087224244,0.03876728243619778,0.5389081788515271,1.3780865010877836,1
15488.0,124,1,91.32,4.8283137373023015,0.6931471805599453,4.52526080275979,0.26499883079118963,-0.7741883749649034,-1.4833065482147045,3
15489.0,6,1,348.26,1.9459101490553132,0.6931471805599453,5.855816630511699,-1.8623652857933086,-0.7741883749649034,-0.3395548518085265,2
15491.0,216,2,921.63,5.37989735354046,1.0986122886681098,6.827228287395407,0.6720962953050397,-0.006076131156111717,0.49547492093441803,1
15492.0,30,1,171.72,3.4339872044851463,0.6931471805599453,5.151671786206552,-0.7640868409071632,-0.7741883749649034,-0.9448408859544323,3
15493.0,153,3,1095.54,5.0369526024136295,1.3862943611198906,6.999915046900737,0.41898519022140823,0.5389081788515271,0.6439172260309423,1
15494.0,64,1,1127.38,4.174387269895637,0.6931471805599453,7.028538254759493,-0.21763299332885333,-0.7741883749649034,0.668521862576221,1
15498.0,6,12,6030.88,1.9459101490553132,2.5649493574615367,8.704814015590701,-1.8623652857933086,2.771749712715178,2.10945594824672,0
15500.0,333,1,266.26,5.811140992976701,0.6931471805599453,5.588221967352915,0.9903765832503902,-0.7741883749649034,-0.569580412219785,3
15502.0,32,10,9736.98,3.4965075614664802,2.3978952727983707,9.18378898293072,-0.7179435580787399,2.4552828078148976,2.5211849565340643,0
15503.0,364,1,147.09,5.8998973535824915,0.6931471805599453,4.997820197049412,1.0558834045162586,-0.7741883749649034,-1.0770923950027809,3
15505.0,157,2,1446.18,5.062595033026967,1.0986122886681098,7.277372114195652,0.43791064083188236,-0.006076131156111717,0.8824205528207837,1
15508.0,250,4,481.8,5.5254529391317835,1.6094379124341003,6.1796024892233765,0.7795239057264338,0.9616308508248114,-0.06122709024476069,1
15511.0,334,1,229.8,5.814130531825066,0.6931471805599453,5.441551534633945,0.9925830187742288,-0.7741883749649034,-0.6956589673138516,3
15512.0,157,1,19.8,5.062595033026967,0.6931471805599453,3.0349529867072724,0.43791064083188236,-0.7741883749649034,-2.764381762967193,3
15513.0,6,10,7650.21,1.9459101490553132,2.3978952727983707,8.942619084247676,-1.8623652857933086,2.4552828078148976,2.3138742409762734,0
15514.0,183,6,2455.31,5.214935757608986,1.9459101490553132,7.806415502800141,0.550346037558324,1.5990431447121,1.3371885983008578,1
15518.0,40,6,1698.61,3.713572066704308,1.9459101490553132,7.438154091960698,-0.5577386369809405,1.5990431447121,1.0206294546832615,0
15520.0,121,1,343.5,4.804021044733257,0.6931471805599453,5.842094090453713,0.24706955722334933,-0.7741883749649034,-0.35135080816222647,3
15521.0,36,5,1401.89,3.6109179126442243,1.791759469228055,7.246289673607512,-0.6335027543502829,1.3070204226603186,0.8557019489038065,1
15522.0,153,1,138.94,5.0369526024136295,0.6931471805599453,4.94121375931775,0.41898519022140823,-0.7741883749649034,-1.1257515401755838,3
15525.0,152,2,628.62,5.030437921392435,1.0986122886681098,6.445116462799421,0.41417701599764817,-0.006076131156111717,0.16700990016415965,1
15526.0,183,2,148.44,5.214935757608986,1.0986122886681098,5.006894974480533,0.550346037558324,-0.006076131156111717,-1.0692916760364153,3
15527.0,32,4,1485.64,3.4965075614664802,1.6094379124341003,7.304273818965395,-0.7179435580787399,0.9616308508248114,0.9055453776683056,1
15529.0,99,5,1330.8,4.605170185988092,1.791759469228055,7.194286689676522,0.10030725676987509,1.3070204226603186,0.8109999530546378,1
15530.0,160,1,553.13,5.081404364984463,0.6931471805599453,6.317399316259338,0.4517929084041481,-0.7741883749649034,0.057223674010699,3
15531.0,90,2,2007.44,4.51085950651685,1.0986122886681098,7.605113580313547,0.030701058617782478,-0.006076131156111717,1.1641485720714606,1
15533.0,32,1,449.66,3.4965075614664802,0.6931471805599453,6.1107131749259755,-0.7179435580787399,-0.7741883749649034,-0.12044465064208515,3
15539.0,302,1,538.46,5.713732805509369,0.6931471805599453,6.290568639224737,0.9184842627146785,-0.7741883749649034,0.034159904919626116,3
15544.0,3,6,2535.27,1.3862943611198906,1.9459101490553132,7.838449776766892,-2.275390911761259,1.5990431447121,1.3647254024156592,0
15545.0,638,1,135.33,6.459904454377535,0.6931471805599453,4.915078417198038,1.4691978397749372,-0.7741883749649034,-1.1482175962869476,3
15547.0,32,5,2498.76,3.4965075614664802,1.791759469228055,7.823950006247998,-0.7179435580787399,1.3070204226603186,1.352261335307324,0
15549.0,218,1,689.58,5.389071729816501,0.6931471805599453,6.537531824212178,0.6788674632848729,-0.7741883749649034,0.24645055510339745,3
15550.0,39,2,280.25,3.6888794541139363,1.0986122886681098,5.63924395351863,-0.575963072373566,-0.006076131156111717,-0.5257216864046891,3
15551.0,275,1,436.06,5.62040086571715,0.6931471805599453,6.080070485442007,0.8496004254703785,-0.7741883749649034,-0.1467852425576857,3
15552.0,189,1,90.12,5.247024072160486,0.6931471805599453,4.512177319138927,0.5740288865586801,-0.7741883749649034,-1.4945531688180258,3
15553.0,62,1,437.23,4.143134726391533,0.6931471805599453,6.082743886707506,-0.24069899972494663,-0.7741883749649034,-0.14448717496156244,3
15554.0,161,1,217.2,5.087596335232384,0.6931471805599453,5.38541207339897,0.4563629052533389,-0.7741883749649034,-0.7439166974170061,3
15555.0,1,8,2536.88,0.6931471805599453,2.1972245773362196,7.839084365832659,-2.7869696668833854,2.0751326664691105,1.3652708979937873,0
15557.0,30,1,473.65,3.4339872044851463,0.6931471805599453,6.162577690327807,-0.7640868409071632,-0.7741883749649034,-0.07586168295529838,3
15561.0,128,1,265.75,4.859812404361672,0.6931471805599453,5.586311890181863,0.2882464892022382,-0.7741883749649034,-0.5712223230356197,3
15568.0,152,1,335.77,5.030437921392435,0.6931471805599453,5.8194002047666755,0.41417701599764817,-0.7741883749649034,-0.37085857304605896,3
15569.0,40,1,288.5,3.713572066704308,0.6931471805599453,5.66815529701305,-0.5577386369809405,-0.7741883749649034,-0.5008693671878433,3
15570.0,70,5,1978.96,4.2626798770413155,1.791759469228055,7.590831921464315,-0.1524684462934248,1.3070204226603186,1.1518719947226532,1
15571.0,183,1,196.43,5.214935757608986,0.6931471805599453,5.285384091136137,0.550346037558324,-0.7741883749649034,-0.8299011950344439,3
15572.0,191,4,1071.02,5.2574953720277815,1.6094379124341003,6.977299998173131,0.5817572517614268,0.9616308508248114,0.6244772297474261,1
15573.0,122,1,196.75,4.812184355372417,0.6931471805599453,5.2870036066477635,0.25309450605324024,-0.7741883749649034,-0.8285090523109716,3
15574.0,667,1,375.65,6.504288173536645,0.6931471805599453,5.931316374271703,1.501955338372516,-0.7741883749649034,-0.2746549368988021,3
15576.0,303,1,940.67,5.717027701406222,0.6931471805599453,6.8476548947291755,0.9209160676594919,-0.7741883749649034,0.513033723280423,3
15577.0,34,3,258.88,3.5553480614894135,1.3862943611198906,5.5602199860123305,-0.6745162015277419,0.5389081788515271,-0.5936510396921704,1
15579.0,304,1,149.0,5.720311776607412,0.6931471805599453,5.0106352940962555,0.9233398863667901,-0.7741883749649034,-1.066076480689962,3
15581.0,33,6,3390.01,3.5263605246161616,1.9459101490553132,8.12888309110389,-0.6959105149485876,1.5990431447121,1.6143831687696377,0
15582.0,281,1,303.61,5.641907070938114,0.6931471805599453,5.719032269863077,0.8654731261072822,-0.7741883749649034,-0.45713529546268494,3
15587.0,32,1,344.88,3.4965075614664802,0.6931471805599453,5.846091894092229,-0.7179435580787399,-0.7741883749649034,-0.3479142784067055,3
15589.0,312,1,184.95,5.746203190540153,0.6931471805599453,5.225477820371079,0.9424490996472412,-0.7741883749649034,-0.8813968913320356,3
15594.0,91,2,702.86,4.5217885770490405,1.0986122886681098,6.556579472745684,0.03876728243619778,-0.006076131156111717,0.26282399834294545,1
15596.0,97,3,1014.54,4.584967478670572,1.3862943611198906,6.923175769708013,0.08539660554102044,0.5389081788515271,0.5779518026796665,1
15597.0,244,1,324.57,5.501258210544727,0.6931471805599453,5.785577492291319,0.7616669346844612,-0.7741883749649034,-0.3999327268424532,3
15601.0,32,5,2417.3,3.4965075614664802,1.791759469228055,7.790820092957665,-0.7179435580787399,1.3070204226603186,1.3237827147659895,0
15602.0,30,4,458.43,3.4339872044851463,1.6094379124341003,6.129986590691446,-0.7640868409071632,0.9616308508248114,-0.1038771368876692,1
15605.0,32,4,1015.48,3.4965075614664802,1.6094379124341003,6.924100957518223,-0.7179435580787399,0.9616308508248114,0.5787470982286023,1
15606.0,3,4,1384.68,1.3862943611198906,1.6094379124341003,7.233946272862025,-2.275390911761259,0.9616308508248114,0.8450915068256823,2
15607.0,163,1,104.76,5.099866427824199,0.6931471805599453,4.6611723761033765,0.4654188732633121,-0.7741883749649034,-1.3664763564026066,3
15608.0,30,4,1093.68,3.4339872044851463,1.6094379124341003,6.998217362097996,-0.7640868409071632,0.9616308508248114,0.642457888637803,1
15609.0,127,1,298.48,4.852030263919617,0.6931471805599453,5.702047637362485,0.2825028638493717,-0.7741883749649034,-0.47173536096178553,3
15611.0,101,3,304.6,4.624972813284271,1.3862943611198906,5.722277057292366,0.11492262808559309,0.5389081788515271,-0.4543460617835566,1
15612.0,92,2,195.15,4.532599493153256,1.0986122886681098,5.278879672655561,0.04674630212701821,-0.006076131156111717,-0.8354924220360678,3
15615.0,36,9,4307.32,3.6109179126442243,2.302585092994046,8.368303315926168,-0.6335027543502829,2.2747274046412427,1.8201898569092103,0
15618.0,124,3,554.02,4.8283137373023015,1.3862943611198906,6.319004149133188,0.26499883079118963,0.5389081788515271,0.05860319547355707,1
15620.0,281,1,450.52,5.641907070938114,0.6931471805599453,6.112619668664449,0.8654731261072822,-0.7741883749649034,-0.11880582016080374,3
15621.0,213,2,248.07,5.365976015021851,1.0986122886681098,5.5177339814546125,0.6618216217166248,-0.006076131156111717,-0.6301721978223884,3
15622.0,311,1,576.0,5.7430031878094825,0.6931471805599453,6.3578422665081,0.9400873308061398,-0.7741883749649034,0.09198861358700143,3
15625.0,337,1,301.14,5.823045895483019,0.6931471805599453,5.710890486115579,0.9991630219387977,-0.7741883749649034,-0.46413400891667583,3
15628.0,66,6,1872.98,4.204692619390966,1.9459101490553132,7.535819790382826,-0.19526606549133826,1.5990431447121,1.104583322624105,0
15632.0,64,4,1745.52,4.174387269895637,1.6094379124341003,7.4653805156556965,-0.21763299332885333,0.9616308508248114,1.0440334093604904,1
15636.0,32,2,724.76,3.4965075614664802,1.0986122886681098,6.587219381659278,-0.7179435580787399,-0.006076131156111717,0.2891622000679077,1
15640.0,40,7,5619.63,3.713572066704308,2.0794415416798357,8.63419903624917,-0.5577386369809405,1.8520047326679574,2.048754998516542,0
15641.0,311,1,453.79,5.7430031878094825,0.6931471805599453,6.119835773947753,0.9400873308061398,-0.7741883749649034,-0.11260282402409154,3
15643.0,311,3,664.0,5.7430031878094825,1.3862943611198906,6.499787040655854,0.9400873308061398,0.5389081788515271,0.2140049715941583,1
15646.0,160,3,447.64,5.081404364984463,1.3862943611198906,6.106220784406171,0.4517929084041481,0.5389081788515271,-0.1243063294764316,1
15649.0,163,2,816.0,5.099866427824199,1.0986122886681098,6.705639094860003,0.4654188732633121,-0.006076131156111717,0.39095631124782354,1
15651.0,275,2,418.98,5.62040086571715,1.0986122886681098,6.040207091095972,0.8496004254703785,-0.006076131156111717,-0.1810519933071226,3
15652.0,93,1,337.74,4.543294782270004,0.6931471805599453,5.825232851462975,0.05463998307310084,-0.7741883749649034,-0.365844804052463,3
15653.0,124,1,829.44,4.8283137373023015,0.6931471805599453,6.721955680808349,0.26499883079118963,-0.7741883749649034,0.4049821209648865,3
15655.0,68,1,560.67,4.23410650459726,0.6931471805599453,6.330914488818843,-0.17355708477387338,-0.7741883749649034,0.06884137634211794,3
15656.0,281,1,63.91,5.641907070938114,0.6931471805599453,4.173001695045377,0.8654731261072822,-0.7741883749649034,-1.7861100410253863,3
15658.0,284,3,583.9,5.652489180268651,1.3862943611198906,6.37144089244898,0.8732832744707352,0.5389081788515271,0.10367805281553347,1
15660.0,342,2,364.3,5.8377304471659395,1.0986122886681098,5.900718933801237,1.0100009866310964,-0.006076131156111717,-0.30095663256151756,3
15661.0,224,1,116.0,5.41610040220442,0.6931471805599453,4.762173934797756,0.6988160325939846,-0.7741883749649034,-1.279654968162515,3
15665.0,68,1,1476.22,4.23410650459726,0.6931471805599453,7.297917222014835,-0.17355708477387338,-0.7741883749649034,0.9000812187101221,1
15668.0,189,1,76.32,5.247024072160486,0.6931471805599453,4.34795265434013,0.5740288865586801,-0.7741883749649034,-1.635721419738184,3
15671.0,37,3,1315.72,3.6375861597263857,1.3862943611198906,7.182899074735813,-0.6138201977068869,0.5389081788515271,0.8012111086974172,1
15673.0,2,3,1911.07,1.0986122886681098,1.3862943611198906,7.555941703819846,-2.48771527897133,0.5389081788515271,1.1218802087438062,2
15674.0,67,3,1024.54,4.219507705176107,1.3862943611198906,6.9329745821149835,-0.18433175982646136,0.5389081788515271,0.5863749053255539,1
15675.0,156,2,225.39,5.056245805348308,1.0986122886681098,5.422259175742214,0.4332245798004987,-0.006076131156111717,-0.7122427646636971,3
15676.0,244,2,3267.84,5.501258210544727,1.0986122886681098,8.092190460894997,0.7616669346844612,-0.006076131156111717,1.5828420209487801,1
15679.0,66,3,734.66,4.204692619390966,1.3862943611198906,6.600768055472351,-0.19526606549133826,0.5389081788515271,0.30080870022561895,1
15680.0,486,1,478.89,6.18826412308259,0.6931471805599453,6.173556910972577,1.2687131138433259,-0.7741883749649034,-0.06642389614789304,3
15681.0,30,4,1183.02,3.4339872044851463,1.6094379124341003,7.076670707193176,-0.7640868409071632,0.9616308508248114,0.7098967323674642,1
15687.0,188,4,1469.42,5.241747015059643,1.6094379124341003,7.293303353249943,0.5701341433092347,0.9616308508248114,0.8961151166370082,1
15689.0,3,1,150.6,1.3862943611198906,0.6931471805599453,5.021245473208271,-2.275390911761259,-0.7741883749649034,-1.0569559236224355,2
15690.0,213,1,128.76,5.365976015021851,0.6931471805599453,4.865686590367103,0.6618216217166248,-0.7741883749649034,-1.1906750299009363,3
15691.0,341,1,136.8,5.834810737062605,0.6931471805599453,4.925803358579558,1.007846088361475,-0.7741883749649034,-1.1389983890630795,3
15692.0,30,1,191.04,3.4339872044851463,0.6931471805599453,5.25770368366274,-0.7640868409071632,-0.7741883749649034,-0.853695396183,3
15694.0,61,8,4404.57,4.127134385045092,2.1972245773362196,8.390624928409924,-0.2525080857850369,2.0751326664691105,1.8393776140948317,0
15696.0,183,3,1262.1,5.214935757608986,1.3862943611198906,7.141324295779929,0.550346037558324,0.5389081788515271,0.7654732441398318,1
15701.0,152,2,574.07,5.030437921392435,1.0986122886681098,6.354491772518179,0.41417701599764817,-0.006076131156111717,0.08910851407907942,1
15704.0,128,2,1507.32,4.859812404361672,1.0986122886681098,7.31875172764784,0.2882464892022382,-0.006076131156111717,0.9179906522449751,1
15706.0,154,2,181.8,5.043425116919247,1.0986122886681098,5.20839265902005,0.4237622433584039,-0.006076131156111717,-0.8960833718772597,3
15707.0,184,2,496.17,5.220355825078324,1.0986122886681098,6.208932019923956,0.5543463299152838,-0.006076131156111717,-0.036015295449000076,1
15708.0,101,3,1226.3,4.624972813284271,1.3862943611198906,7.112571913603462,0.11492262808559309,0.5389081788515271,0.7407575687775914,1
15709.0,342,1,133.25,5.8377304471659395,0.6931471805599453,4.899703733388974,1.0100009866310964,-0.7741883749649034,-1.161433742743603,3
15712.0,96,1,158.85,4.574710978503383,0.6931471805599453,5.074235875505851,0.077826773715113,-0.7741883749649034,-1.0114051385618006,3
15713.0,486,1,171.15,6.18826412308259,0.6931471805599453,5.148366189784533,1.2687131138433259,-0.7741883749649034,-0.9476823913136668,3
15716.0,578,1,547.1,6.361302477572996,0.6931471805599453,6.30645775205207,1.396424440472501,-0.7741883749649034,0.04781825684414276,3
15719.0,153,10,3884.94,5.0369526024136295,2.3978952727983707,8.265120189777013,0.41898519022140823,2.4552828078148976,1.7314931836001417,0
15722.0,219,3,1244.36,5.393627546352362,1.3862943611198906,7.127179923727594,0.6822298933968988,0.5389081788515271,0.7533146791311072,1
15723.0,425,1,203.1,6.054439346269371,0.6931471805599453,5.318610069815799,1.1699434518628828,-0.7741883749649034,-0.8013399962579697,3
15727.0,10,2,1339.2,2.3978952727983707,1.0986122886681098,7.20057413553907,-1.528776701112921,-0.006076131156111717,0.8164046694305765,2
15729.0,36,1,85.0,3.6109179126442243,0.6931471805599453,4.454347296253507,-0.6335027543502829,-0.7741883749649034,-1.5442641132209838,3
15730.0,124,2,653.45,4.8283137373023015,1.0986122886681098,6.483795188237728,0.26499883079118963,-0.006076131156111717,0.20025830426129443,1
15732.0,36,2,294.12,3.6109179126442243,1.0986122886681098,5.68738205328842,-0.6335027543502829,-0.006076131156111717,-0.4843419621382575,1
15733.0,311,1,162.3,5.7430031878094825,0.6931471805599453,5.095588999976419,0.9400873308061398,-0.7741883749649034,-0.9930498979718215,3
15737.0,37,4,729.73,3.6375861597263857,1.6094379124341003,6.5940440344755205,-0.6138201977068869,0.9616308508248114,0.29502870192611935,1
15738.0,96,5,1549.43,4.574710978503383,1.791759469228055,7.346287590794497,0.077826773715113,1.3070204226603186,0.9416606024485747,1
15739.0,245,1,449.12,5.5053315359323625,0.6931471805599453,6.109514213881797,0.7646732611753665,-0.7741883749649034,-0.12147528287833001,3
15743.0,127,2,460.11,4.852030263919617,1.0986122886681098,6.133636626247068,0.2825028638493717,-0.006076131156111717,-0.10073955012008574,1
15745.0,183,1,309.53,5.214935757608986,0.6931471805599453,5.738280515063768,0.550346037558324,-0.7741883749649034,-0.4405894184374954,3
15747.0,33,1,306.82,3.5263605246161616,0.6931471805599453,5.729515196551808,-0.6959105149485876,-0.7741883749649034,-0.44812412514313865,3
15749.0,40,2,22998.4,3.713572066704308,1.0986122886681098,10.043223407614494,-0.5577386369809405,-0.006076131156111717,3.259958603366129,0
15750.0,152,5,1273.01,5.030437921392435,1.791759469228055,7.149924685394867,0.41417701599764817,1.3070204226603186,0.7728661772334084,1
15752.0,155,4,1525.7,5.049856007249537,1.6094379124341003,7.330863822262897,0.4285085756840135,0.9616308508248114,0.9284022625465204,1
15753.0,131,1,79.2,4.882801922586371,0.6931471805599453,4.384523514872469,0.3052139521655124,-0.7741883749649034,-1.604284945671877,3
15754.0,160,1,91.8,5.081404364984463,0.6931471805599453,4.530446639792155,0.4517929084041481,-0.7741883749649034,-1.478848779679674,3
15755.0,2,1,330.92,1.0986122886681098,0.6931471805599453,5.804893976024612,-2.48771527897133,-0.7741883749649034,-0.38332819167170046,2
15756.0,65,4,532.96,4.189654742026425,1.6094379124341003,6.280320929787532,-0.2063648029566139,0.9616308508248114,0.025350928393715284,1
15757.0,189,2,714.42,5.247024072160486,1.0986122886681098,6.572869782822179,0.5740288865586801,-0.006076131156111717,0.2768272212039171,1
15759.0,220,1,68.0,5.3981627015177525,0.6931471805599453,4.23410650459726,0.6855770743403773,-0.7741883749649034,-1.733584075465846,3
15762.0,215,1,268.44,5.375278407684165,0.6931471805599453,5.596345731053962,0.6686872724634108,-0.7741883749649034,-0.5625971888777219,3
15763.0,122,1,564.43,4.812184355372417,0.6931471805599453,6.337586503632556,0.25309450605324024,-0.7741883749649034,0.07457666989573362,3
15764.0,1,4,1697.87,0.6931471805599453,1.6094379124341003,7.437718603147054,-2.7869696668833854,0.9616308508248114,1.0202551065657444,2
15766.0,184,1,315.06,5.220355825078324,0.6931471805599453,5.755932068980957,0.5543463299152838,-0.7741883749649034,-0.4254160643279564,3
15769.0,91,10,21802.68,4.5217885770490405,2.3978952727983707,9.989834041870274,0.03876728243619778,2.4552828078148976,3.2140648675556034,0
15773.0,243,1,635.68,5.497168225293202,0.6931471805599453,6.4562671745616536,0.7586483123454756,-0.7741883749649034,0.17659510149745405,3
15774.0,304,1,270.8,5.720311776607412,0.6931471805599453,5.605066501717044,0.9233398863667901,-0.7741883749649034,-0.5551007757007401,3
15775.0,129,1,104.9,4.867534450455582,0.6931471805599453,4.662495252607361,0.2939457617932729,-0.7741883749649034,-1.3653392058870029,3
15777.0,7,1,293.96,2.0794415416798357,0.6931471805599453,5.686839753925889,-1.7638121566391332,-0.7741883749649034,-0.48480812507777377,2
15780.0,37,2,298.13,3.6375861597263857,1.0986122886681098,5.700878261508811,-0.6138201977068869,-0.006076131156111717,-0.4727405616369314,1
15781.0,162,1,83.35,5.093750200806762,0.6931471805599453,4.434974808991977,0.46090477886694337,-0.7741883749649034,-1.5609167892732312,3
15782.0,32,1,1638.34,3.4965075614664802,0.6931471805599453,7.402049000793538,-0.7179435580787399,-0.7741883749649034,0.9895933580309993,1
15785.0,153,3,998.57,5.0369526024136295,1.3862943611198906,6.907325186505626,0.41898519022140823,0.5389081788515271,0.5643265709918024,1
15787.0,92,1,492.05,4.532599493153256,0.6931471805599453,6.200610588778338,0.04674630212701821,-0.7741883749649034,-0.04316843460394112,3
15796.0,70,4,1318.17,4.2626798770413155,1.6094379124341003,7.184758029931623,-0.1524684462934248,0.9616308508248114,0.8028090748363826,1
15797.0,97,2,1825.2,4.584967478670572,1.0986122886681098,7.50999258418224,0.08539660554102044,-0.006076131156111717,1.0823821415167607,1
15799.0,101,2,481.24,4.624972813284271,1.0986122886681098,6.178441915438131,0.11492262808559309,-0.006076131156111717,-0.062224724622810014,1
15800.0,160,1,244.5,5.081404364984463,0.6931471805599453,5.503296947234575,0.4517929084041481,-0.7741883749649034,-0.6425823365297142,3
15801.0,62,1,869.98,4.143134726391533,0.6931471805599453,6.769619014476355,-0.24069899972494663,-0.7741883749649034,0.4459537341825473,1
15804.0,90,4,1392.63,4.51085950651685,1.6094379124341003,7.239667132847019,0.030701058617782478,0.9616308508248114,0.8500091834659734,1
15805.0,122,6,1053.61,4.812184355372417,1.9459101490553132,6.9609263093195715,0.25309450605324024,1.5990431447121,0.6104023341195385,1
15806.0,130,2,521.88,4.875197323201151,1.0986122886681098,6.259351992231584,0.2996013613683453,-0.006076131156111717,0.007325936581103473,1
15808.0,192,3,2506.57,5.262690188904886,1.3862943611198906,7.827069435697686,0.5855912974383196,0.5389081788515271,1.3549428107106736,1
15809.0,70,3,331.26,4.2626798770413155,1.3862943611198906,5.805917794958333,-0.1524684462934248,0.5389081788515271,-0.3824481123711314,1
15811.0,455,1,289.85,6.1224928095143865,0.6931471805599453,5.672807670356771,1.220170455571547,-0.7741883749649034,-0.49687016640783105,3
15812.0,34,2,822.48,3.5553480614894135,1.0986122886681098,6.713539262741108,-0.6745162015277419,-0.006076131156111717,0.397747330630433,1
15814.0,275,1,456.24,5.62040086571715,0.6931471805599453,6.125208417157578,0.8496004254703785,-0.7741883749649034,-0.10798447606960976,3
15815.0,36,3,1192.98,3.6109179126442243,1.3862943611198906,7.085047543393497,-0.6335027543502829,0.5389081788515271,0.7170974979533934,1
15819.0,130,1,639.64,4.875197323201151,0.6931471805599453,6.462467676686801,0.2996013613683453,-0.7741883749649034,0.18192508065074503,3
15821.0,92,1,254.18,4.532599493153256,0.6931471805599453,5.541969178493598,0.04674630212701821,-0.7741883749649034,-0.609339514857923,3
15822.0,182,1,445.27,5.209486152841421,0.6931471805599453,6.100924150016726,0.5463239451354044,-0.7741883749649034,-0.12885933991148116,3
15823.0,667,1,15.0,6.504288173536645,0.6931471805599453,2.772588722239781,1.501955338372516,-0.7741883749649034,-2.9899112494435807,3
15827.0,96,8,874.96,4.574710978503383,2.1972245773362196,6.77532042779339,0.077826773715113,2.0751326664691105,0.45085469438072956,1
15829.0,336,1,310.7,5.820082930352362,0.6931471805599453,5.7420411867732915,0.9969761992039964,-0.7741883749649034,-0.43735672834086003,3
15830.0,303,1,576.0,5.717027701406222,0.6931471805599453,6.3578422665081,0.9209160676594919,-0.7741883749649034,0.09198861358700143,3
15831.0,1,2,491.82,0.6931471805599453,1.0986122886681098,6.200143995811369,-2.7869696668833854,-0.006076131156111717,-0.04356951998974101,2
15834.0,160,2,1281.37,5.081404364984463,1.0986122886681098,7.156465207384777,0.4517929084041481,-0.006076131156111717,0.778488438971934,1
15837.0,184,1,391.98,5.220355825078324,0.6931471805599453,5.97375871998905,0.5543463299152838,-0.7741883749649034,-0.23817130810158646,3
15838.0,64,9,23307.78,4.174387269895637,2.302585092994046,10.056585392607781,-0.21763299332885333,2.2747274046412427,3.2714446249855658,0
15839.0,183,1,258.13,5.214935757608986,0.6931471805599453,5.557329866276489,0.550346037558324,-0.7741883749649034,-0.5961353994474997,3
15840.0,1,1,113.82,0.6931471805599453,0.6931471805599453,4.743365684739491,-2.7869696668833854,-0.7741883749649034,-1.2958226234099608,2
15841.0,220,2,613.26,5.3981627015177525,1.0986122886681098,6.42041829128505,0.6855770743403773,-0.006076131156111717,0.14577924228532374,1
15843.0,100,1,118.95,4.61512051684126,0.6931471805599453,4.787074989285704,0.10765111968049784,-0.7741883749649034,-1.2582499111789136,3
15845.0,193,2,643.84,5.267858159063328,1.0986122886681098,6.469002224007798,0.5894055288372393,-0.006076131156111717,0.18754220653734863,1
15847.0,334,1,208.59,5.814130531825066,0.6931471805599453,5.345153241385068,0.9925830187742288,-0.7741883749649034,-0.7785233681412481,3
15852.0,188,1,57.5,5.241747015059643,0.6931471805599453,4.069026754237811,0.5701341433092347,-0.7741883749649034,-1.8754873617300079,3
15854.0,213,3,437.71,5.365976015021851,1.3862943611198906,6.083838602532844,0.6618216217166248,0.5389081788515271,-0.14354615237821972,1
15855.0,96,1,132.18,4.574710978503383,0.6931471805599453,4.891701596682476,0.077826773715113,-0.7741883749649034,-1.168312414981201,3
15856.0,34,14,9479.69,3.5553480614894135,2.70805020110221,9.157012377410508,-0.6745162015277419,3.0428396484500335,2.498167667556806,0
15858.0,31,2,661.65,3.4657359027997265,1.0986122886681098,6.4962469473266875,-0.7406546463948805,-0.006076131156111717,0.21096189165251336,1
15860.0,156,4,622.16,5.056245805348308,1.6094379124341003,6.434803307644228,0.4332245798004987,0.9616308508248114,0.15814466620852652,1
15862.0,333,2,527.38,5.811140992976701,1.0986122886681098,6.269815721818286,0.9903765832503902,-0.006076131156111717,0.01632060498652287,3
15864.0,245,2,1064.14,5.5053315359323625,1.0986122886681098,6.970861524903083,0.7646732611753665,-0.006076131156111717,0.6189426895415292,1
15865.0,2,2,603.85,1.0986122886681098,1.0986122886681098,6.404980493405858,-2.48771527897133,-0.006076131156111717,0.13250884269379734,2
15867.0,37,5,1155.53,3.6375861597263857,1.791759469228055,7.053179421672273,-0.6138201977068869,1.3070204226603186,0.6897035190464638,1
15869.0,160,2,149.64,5.081404364984463,1.0986122886681098,5.014892884348897,0.4517929084041481,-0.006076131156111717,-1.0624166372076418,3
15870.0,153,1,354.09,5.0369526024136295,0.6931471805599453,5.8723712784711255,0.41898519022140823,-0.7741883749649034,-0.3253244029298855,3
15874.0,129,3,3480.18,4.867534450455582,1.3862943611198906,8.155126595753503,0.2939457617932729,0.5389081788515271,1.6369422018718802,1
15877.0,121,1,251.02,4.804021044733257,0.6931471805599453,5.529508449441547,0.24706955722334933,-0.7741883749649034,-0.6200508128692366,3
15880.0,578,1,343.28,6.361302477572996,0.6931471805599453,5.8414552797812735,1.396424440472501,-0.7741883749649034,-0.3518999326521923,3
15881.0,425,1,114.45,6.054439346269371,0.6931471805599453,4.748837535800504,1.1699434518628828,-0.7741883749649034,-1.2911189959461733,3
15882.0,547,2,371.32,6.306275286948016,1.0986122886681098,5.919753699553982,1.3558115050565998,-0.006076131156111717,-0.28459426341750305,3
15883.0,152,2,396.48,5.030437921392435,1.0986122886681098,5.9851446183631625,0.41417701599764817,-0.006076131156111717,-0.22838393931263262,3
15885.0,124,3,379.35,4.8283137373023015,1.3862943611198906,5.9410918814433105,0.26499883079118963,0.5389081788515271,-0.26625186753669394,1
15886.0,62,1,181.09,4.143134726391533,0.6931471805599453,5.204501070343752,-0.24069899972494663,-0.7741883749649034,-0.8994285987797277,3
15889.0,187,2,446.87,5.236441962829949,1.0986122886681098,6.104503011733608,0.5662187381952272,-0.006076131156111717,-0.1257829344916478,3
15894.0,578,1,156.74,6.361302477572996,0.6931471805599453,5.060948107969845,1.396424440472501,-0.7741883749649034,-1.022827362525477,3
15898.0,121,3,907.58,4.804021044733257,1.3862943611198906,6.811882941196619,0.24706955722334933,0.5389081788515271,0.48228399321779747,1
15899.0,547,1,56.25,6.306275286948016,0.6931471805599453,4.047427642434349,1.3558115050565998,-0.7741883749649034,-1.8940540541233784,3
15901.0,126,1,110.49,4.844187086458591,0.6931471805599453,4.71393490077948,0.2767141899944595,-0.7741883749649034,-1.3211214559570321,3
15903.0,30,1,1405.2,3.4339872044851463,0.6931471805599453,7.248646309765061,-0.7640868409071632,-0.7741883749649034,0.8577277238068878,1
15904.0,333,1,164.68,5.811140992976701,0.6931471805599453,5.110058217087329,0.9903765832503902,-0.7741883749649034,-0.9806120947086291,3
15906.0,250,2,862.32,5.5254529391317835,1.0986122886681098,6.76078542189077,0.7795239057264338,-0.006076131156111717,0.4383603387801201,1
15907.0,182,1,437.93,5.209486152841421,0.6931471805599453,6.08433994705818,0.5463239451354044,-0.7741883749649034,-0.14311519439857148,3
15910.0,90,4,553.4,4.51085950651685,1.6094379124341003,6.3178864478756935,0.030701058617782478,0.9616308508248114,0.057642414510690874,1
15916.0,91,5,878.2,4.5217885770490405,1.791759469228055,6.779012403089411,0.03876728243619778,1.3070204226603186,0.4540283327353479,1
15917.0,190,1,123.1,5.25227342804663,0.6931471805599453,4.821087692210561,0.5779031848675285,-0.7741883749649034,-1.2290124407486847,3
15918.0,308,1,192.23,5.733341276897746,0.6931471805599453,5.263881189226909,0.9329563368485013,-0.7741883749649034,-0.8483851849756168,3
15919.0,547,1,270.72,6.306275286948016,0.6931471805599453,5.604772124323102,1.3558115050565998,-0.7741883749649034,-0.555353823815432,3
15920.0,126,4,167.5,4.844187086458591,1.6094379124341003,5.126935749792416,0.2767141899944595,0.9616308508248114,-0.9661040926692036,1
15922.0,698,1,369.5,6.54965074223381,0.6931471805599453,5.914853444736141,1.5354352789595793,-0.7741883749649034,-0.2888065442131142,3
15923.0,667,1,127.08,6.504288173536645,0.6931471805599453,4.852655068688459,1.501955338372516,-0.7741883749649034,-1.2018769837880467,3
15930.0,276,1,426.63,5.6240175061873385,0.6931471805599453,6.058258335716989,0.8522696946838361,-0.7741883749649034,-0.16553506329418652,3
15932.0,2,4,1226.1,1.0986122886681098,1.6094379124341003,7.112408940982502,-2.48771527897133,0.9616308508248114,0.7406174767891133,2
15935.0,7,1,308.82,2.0794415416798357,0.6931471805599453,5.735991483678217,-1.7638121566391332,-0.7741883749649034,-0.442557079978443,2
15937.0,184,1,145.35,5.220355825078324,0.6931471805599453,4.986001013137895,0.5543463299152838,-0.7741883749649034,-1.0872522179632158,3
15938.0,221,1,105.0,5.402677381872279,0.6931471805599453,4.663439094112067,0.6889091438060244,-0.7741883749649034,-1.3645278755394665,3
15939.0,5,6,3563.13,1.791759469228055,1.9459101490553132,8.17867526379528,-1.9761365238492044,1.5990431447121,1.657184741462569,0
15940.0,343,1,35.8,5.840641657373398,0.6931471805599453,3.6054978451748854,1.0121496115344357,-0.7741883749649034,-2.273938869751119,3
15944.0,130,1,325.1,4.875197323201151,0.6931471805599453,5.787204082795274,0.2996013613683453,-0.7741883749649034,-0.39853450242416627,3
15945.0,455,1,181.0,6.1224928095143865,0.6931471805599453,5.204006687076795,1.220170455571547,-0.7741883749649034,-0.899853572830769,3
15948.0,333,1,311.0,5.811140992976701,0.6931471805599453,5.7430031878094825,0.9903765832503902,-0.7741883749649034,-0.43652978797944203,3
15950.0,122,1,418.29,4.812184355372417,0.6931471805599453,6.038562804619722,0.25309450605324024,-0.7741883749649034,-0.18246542926175427,3
15951.0,333,1,333.05,5.811140992976701,0.6931471805599453,5.811290682371486,0.9903765832503902,-0.7741883749649034,-0.3778295544983842,3
15952.0,183,3,573.92,5.214935757608986,1.3862943611198906,6.354230900683031,0.550346037558324,0.5389081788515271,0.08888426749147156,1
15953.0,6,5,1077.83,1.9459101490553132,1.791759469228055,6.983632399555228,-1.8623652857933086,1.3070204226603186,0.6299205900875445,2
15955.0,31,7,2062.49,3.4657359027997265,2.0794415416798357,7.632154003045686,-0.7406546463948805,1.8520047326679574,1.1873926394952827,0
15957.0,122,1,428.89,4.812184355372417,0.6931471805599453,6.063529362008149,0.25309450605324024,-0.7741883749649034,-0.16100406569410697,3
15965.0,30,3,695.09,3.4339872044851463,1.3862943611198906,6.545478962319385,-0.7640868409071632,0.5389081788515271,0.2532819503008842,1
15969.0,152,2,443.7,5.030437921392435,1.0986122886681098,6.097399897516651,0.41417701599764817,-0.006076131156111717,-0.13188880300611558,1
15970.0,100,1,314.1,4.61512051684126,0.6931471805599453,5.752890048763229,0.10765111968049784,-0.7741883749649034,-0.428030998411863,3
15971.0,2,6,1680.95,1.0986122886681098,1.9459101490553132,7.427709113574999,-2.48771527897133,1.5990431447121,1.0116509048934696,0
15973.0,486,1,307.82,6.18826412308259,0.6931471805599453,5.732758582892719,1.2687131138433259,-0.7741883749649034,-0.4453360958457998,3
15974.0,6,4,1633.49,1.9459101490553132,1.6094379124341003,7.399086108066626,-1.8623652857933086,0.9616308508248114,0.987046442289478,2
15976.0,281,1,209.99,5.641907070938114,0.6931471805599453,5.3518107389880365,0.8654731261072822,-0.7741883749649034,-0.7728005536464363,3
15980.0,2,2,1638.68,1.0986122886681098,1.0986122886681098,7.40225637982826,-2.48771527897133,-0.006076131156111717,0.9897716219698853,2
15981.0,7,2,790.8,2.0794415416798357,1.0986122886681098,6.67430883467203,-1.7638121566391332,-0.006076131156111717,0.36402468050265907,2
15983.0,455,2,823.55,6.1224928095143865,1.0986122886681098,6.714837782974779,1.220170455571547,-0.006076131156111717,0.3988635443879488,1
15984.0,152,5,1210.65,5.030437921392435,1.791759469228055,7.099738346046723,0.41417701599764817,1.3070204226603186,0.7297257771324681,1
15985.0,125,1,242.84,4.836281906951478,0.6931471805599453,5.496512272498282,0.2708797553971797,-0.7741883749649034,-0.6484144730529224,3
15986.0,91,1,168.12,4.5217885770490405,0.6931471805599453,5.1306085221219275,0.03876728243619778,-0.7741883749649034,-0.9629469612698471,3
15987.0,33,3,525.89,3.5263605246161616,1.3862943611198906,6.2669917981017536,-0.6959105149485876,0.5389081788515271,0.01389314762326197,1
15992.0,182,1,41.99,5.209486152841421,0.6931471805599453,3.76096753050819,0.5463239451354044,-0.7741883749649034,-2.140296438046361,3
15993.0,183,3,675.32,5.214935757608986,1.3862943611198906,6.51666633681848,0.550346037558324,0.5389081788515271,0.22851448950951236,1
15996.0,2,2,416.07,1.0986122886681098,1.0986122886681098,6.033254073418364,-2.48771527897133,-0.006076131156111717,-0.18702883817002688,2
15998.0,275,2,1442.6,5.62040086571715,1.0986122886681098,7.274895272768633,0.8496004254703785,-0.006076131156111717,0.8802914489344268,1
16000.0,152,3,12393.7,5.030437921392435,1.3862943611198906,9.4250242408686,0.41417701599764817,0.5389081788515271,2.728551855197469,1
16003.0,61,2,941.47,4.127134385045092,1.0986122886681098,6.8485040885768464,-0.2525080857850369,-0.006076131156111717,0.5137636940817928,1
16005.0,66,1,120.49,4.204692619390966,0.6931471805599453,4.799831954866651,-0.19526606549133826,-0.7741883749649034,-1.247283966932248,3
16006.0,6,1,101.4,1.9459101490553132,0.6931471805599453,4.628886712605407,-1.8623652857933086,-0.7741883749649034,-1.394229256074462,2
16007.0,5,3,1485.19,1.791759469228055,1.3862943611198906,7.303971077131226,-1.9761365238492044,0.5389081788515271,0.905285139443661,2
16009.0,153,2,544.95,5.0369526024136295,1.0986122886681098,6.302527396460075,0.41898519022140823,-0.006076131156111717,0.04443970572883967,1
16010.0,129,3,407.5,4.867534450455582,1.3862943611198906,6.012491914300058,0.2939457617932729,0.5389081788515271,-0.2048760823196694,1
16011.0,3,9,2203.31,1.3862943611198906,2.302585092994046,7.698169813739581,-2.275390911761259,2.2747274046412427,1.2441401234383986,0
16012.0,156,3,1415.29,5.056245805348308,1.3862943611198906,7.255796055544432,0.4332245798004987,0.5389081788515271,0.863873677019423,1
16013.0,3,26,19403.16,1.3862943611198906,3.295836866004329,9.873242755053642,-2.275390911761259,4.156341464094332,3.113842479812572,0
16014.0,65,2,399.45,4.189654742026425,1.0986122886681098,5.992588914769692,-0.2063648029566139,-0.006076131156111717,-0.2219847890733646,1
16015.0,182,1,203.1,5.209486152841421,0.6931471805599453,5.318610069815799,0.5463239451354044,-0.7741883749649034,-0.8013399962579697,3
16016.0,182,3,810.06,5.209486152841421,1.3862943611198906,6.698342034116187,0.5463239451354044,0.5389081788515271,0.38468372543786133,1
16018.0,5,1,161.9,1.791759469228055,0.6931471805599453,5.093136515607999,-1.9761365238492044,-0.7741883749649034,-0.9951580644224765,2
16019.0,163,2,723.35,5.099866427824199,1.0986122886681098,6.585274700987661,0.4654188732633121,-0.006076131156111717,0.28749054392936896,1
16020.0,215,1,518.8,5.375278407684165,0.6931471805599453,6.25344412220739,0.6686872724634108,-0.7741883749649034,0.0022475052809035347,3
16025.0,61,1,439.66,4.127134385045092,0.6931471805599453,6.0882736030360425,-0.2525080857850369,-0.7741883749649034,-0.13973380625692552,3
16027.0,70,3,595.87,4.2626798770413155,1.3862943611198906,6.391699334236557,-0.1524684462934248,0.5389081788515271,0.12109229931147729,1
16029.0,31,33,48851.67,3.4657359027997265,3.5263605246161616,10.796564313090895,-0.7406546463948805,4.593044995733633,3.9075337900958793,0
16030.0,284,1,331.24,5.652489180268651,0.6931471805599453,5.805857599322498,0.8732832744707352,-0.7741883749649034,-0.3824998568069278,3
16031.0,124,2,548.94,4.8283137373023015,1.0986122886681098,6.30980918136658,0.26499883079118963,-0.006076131156111717,0.05069916036123327,1
16033.0,6,9,4345.99,1.9459101490553132,2.302585092994046,8.377238930549064,-1.8623652857933086,2.2747274046412427,1.8278709509078264,0
16034.0,40,1,153.6,3.713572066704308,0.6931471805599453,5.040841136153322,-0.5577386369809405,-0.7741883749649034,-1.0401114047618678,3
16037.0,131,1,303.0,4.882801922586371,0.6931471805599453,5.717027701406222,0.3052139521655124,-0.7741883749649034,-0.4588584314072806,3
16038.0,302,1,78.45,5.713732805509369,0.6931471805599453,4.375127892982725,0.9184842627146785,-0.7741883749649034,-1.6123614639592323,3
16040.0,215,1,437.37,5.375278407684165,0.6931471805599453,6.083063302635387,0.6686872724634108,-0.7741883749649034,-0.1442126036119408,3
16041.0,91,1,426.6,4.5217885770490405,0.6931471805599453,6.05818817915089,0.03876728243619778,-0.7741883749649034,-0.16559537018985815,3
16042.0,40,1,24.95,3.713572066704308,0.6931471805599453,3.2561716096118976,-0.5577386369809405,-0.7741883749649034,-2.574221252640241,3
16043.0,6,3,466.14,1.9459101490553132,1.3862943611198906,6.146628998609331,-1.8623652857933086,0.5389081788515271,-0.0895712491591356,2
16045.0,3,2,406.85,1.3862943611198906,1.0986122886681098,6.0108994597465895,-2.275390911761259,-0.006076131156111717,-0.20624496332337475,2
16048.0,698,2,256.44,6.54965074223381,1.0986122886681098,5.550786683244073,1.5354352789595793,-0.006076131156111717,-0.6017599486299763,3
16053.0,94,2,1511.95,4.553876891600541,1.0986122886681098,7.321816666315659,0.06245013143655385,-0.006076131156111717,0.920625287130323,1
16055.0,281,1,134.8,5.641907070938114,0.6931471805599453,4.911183215124596,0.8654731261072822,-0.7741883749649034,-1.151565929281642,3
16057.0,6,5,860.25,1.9459101490553132,1.791759469228055,6.758384822327868,-1.8623652857933086,1.3070204226603186,0.4362967727386265,2
16059.0,215,2,223.55,5.375278407684165,1.0986122886681098,5.4140983995337475,0.6686872724634108,-0.006076131156111717,-0.7192578041214516,3
16062.0,7,2,578.18,2.0794415416798357,1.0986122886681098,6.361613310088579,-1.7638121566391332,-0.006076131156111717,0.09523021938995531,2
16065.0,455,1,372.09,6.1224928095143865,0.6931471805599453,5.921819677402093,1.220170455571547,-0.7741883749649034,-0.28281833968756315,3
16066.0,92,3,1071.82,4.532599493153256,1.3862943611198906,6.978045974597571,0.04674630212701821,0.5389081788515271,0.6251184743935633,1
16070.0,153,1,686.85,5.0369526024136295,0.6931471805599453,6.533570790907005,0.41898519022140823,-0.7741883749649034,0.24304563328965606,3
16076.0,31,5,1192.3,3.4657359027997265,1.791759469228055,7.08447785737561,-0.7406546463948805,1.3070204226603186,0.7166077933233534,1
16078.0,342,1,79.2,5.8377304471659395,0.6931471805599453,4.384523514872469,1.0100009866310964,-0.7741883749649034,-1.604284945671877,3
16080.0,69,1,130.26,4.248495242049359,0.6931471805599453,4.877180089045576,-0.16293744640561536,-0.7741883749649034,-1.180795167412673,3
16081.0,158,2,581.84,5.0689042022202315,1.0986122886681098,6.3679127061456535,0.4425671366126743,-0.006076131156111717,0.10064520820616062,1
16085.0,1,1,120.33,0.6931471805599453,0.6931471805599453,4.798514106063782,-2.7869696668833854,-0.7741883749649034,-1.2484167956136534,2
16086.0,31,3,711.59,3.4657359027997265,1.3862943611198906,6.568906219955112,-0.7406546463948805,0.5389081788515271,0.27342012496754176,1
16091.0,126,1,157.81,4.844187086458591,0.6931471805599453,5.067708519122555,0.2767141899944595,-0.7741883749649034,-1.0170160830864325,3
16094.0,61,3,761.3,4.127134385045092,1.3862943611198906,6.636340178994228,-0.2525080857850369,0.5389081788515271,0.33138665552393914,1
16098.0,158,4,1132.79,5.0689042022202315,1.6094379124341003,7.033321281953619,0.4425671366126743,0.9616308508248114,0.6726333739860665,1
16102.0,278,2,1392.84,5.631211781821365,1.0986122886681098,7.23981780711465,0.8575794451611989,-0.006076131156111717,0.850138703735333,1
16103.0,188,3,638.44,5.241747015059643,1.3862943611198906,6.460592793317764,0.5701341433092347,0.5389081788515271,0.1803134225833617,1
16104.0,92,1,302.36,4.532599493153256,0.6931471805599453,5.714920219066657,0.04674630212701821,-0.7741883749649034,-0.4606700325823297,3
16105.0,221,1,336.96,5.402677381872279,0.6931471805599453,5.822927545284644,0.6889091438060244,-0.7741883749649034,-0.3678264554775348,3
16106.0,215,1,108.38,5.375278407684165,0.6931471805599453,4.694828057918627,0.6686872724634108,-0.7741883749649034,-1.337545782903156,3
16107.0,30,3,1353.74,3.4339872044851463,1.3862943611198906,7.211364832983292,-0.7640868409071632,0.5389081788515271,0.8256804008578605,1
16109.0,220,2,611.88,5.3981627015177525,1.0986122886681098,6.418169158208565,0.6855770743403773,-0.006076131156111717,0.1438458775079741,1
16110.0,343,1,409.7,5.840641657373398,0.6931471805599453,6.017863020962513,1.0121496115344357,-0.7741883749649034,-0.20025905518812764,3
16112.0,71,3,159.18,4.276666119016055,1.3862943611198906,5.0762981828955365,-0.14214587057077066,0.5389081788515271,-1.0096323699742176,3
16113.0,96,1,161.38,4.574710978503383,0.6931471805599453,5.089939267434301,0.077826773715113,-0.7741883749649034,-0.9979064331464539,3
16115.0,5,2,314.7,1.791759469228055,1.0986122886681098,5.754792395563946,-1.9761365238492044,-0.006076131156111717,-0.42639573265668645,2
16116.0,6,1,612.78,1.9459101490553132,0.6931471805599453,6.419636557751217,-1.8623652857933086,-0.7741883749649034,0.14510726066921265,2
16117.0,280,1,232.21,5.638354669333745,0.6931471805599453,5.451939335203601,0.8628512685257675,-0.7741883749649034,-0.6867295678285644,3
16119.0,333,1,113.88,5.811140992976701,0.6931471805599453,4.743888105299914,0.9903765832503902,-0.7741883749649034,-1.2953735483769868,3
16120.0,31,4,1309.14,3.4657359027997265,1.6094379124341003,7.1778892807139885,-0.7406546463948805,0.9616308508248114,0.796904667515773,1
16121.0,128,1,287.89,4.859812404361672,0.6931471805599453,5.666045992819804,0.2882464892022382,-0.7741883749649034,-0.5026825344364046,3
16122.0,40,2,249.84,3.713572066704308,1.0986122886681098,5.52481528567482,-0.5577386369809405,-0.006076131156111717,-0.6240850772779502,3
16125.0,517,1,289.35,6.249975242259483,0.6931471805599453,5.671087091818059,1.314259136984046,-0.7741883749649034,-0.49834918335804546,3
16126.0,61,2,3533.72,4.127134385045092,1.0986122886681098,8.170389367272769,-0.2525080857850369,-0.006076131156111717,1.6500621480274018,1
16128.0,275,2,666.82,5.62040086571715,1.0986122886681098,6.504018676147642,0.8496004254703785,-0.006076131156111717,0.2176425042488253,1
16133.0,30,14,5523.83,3.4339872044851463,2.70805020110221,8.617007756681803,-0.7640868409071632,3.0428396484500335,2.033977298281453,0
16136.0,31,2,566.04,3.4657359027997265,1.0986122886681098,6.340429847976662,-0.7406546463948805,-0.006076131156111717,0.07702082131667203,1
16140.0,215,2,725.18,5.375278407684165,1.0986122886681098,6.587797917978567,0.6686872724634108,-0.006076131156111717,0.2896595124563235,1
16141.0,2,1,620.4,1.0986122886681098,0.6931471805599453,6.431974996958947,-2.48771527897133,-0.7741883749649034,0.15571343778745408,2
16142.0,251,1,535.34,5.529429087511423,0.6931471805599453,6.284768288327816,0.7824585105193059,-0.7741883749649034,0.02917389753855095,3
16143.0,36,4,1594.15,3.6109179126442243,1.6094379124341003,7.374723054684243,-0.6335027543502829,0.9616308508248114,0.9661038534446224,1
16144.0,160,1,175.2,5.081404364984463,0.6931471805599453,5.171619713502079,0.4517929084041481,-0.7741883749649034,-0.9276935590943518,3
16145.0,4,5,1686.04,1.6094379124341003,1.791759469228055,7.4307307929939785,-2.1106993377399443,1.3070204226603186,1.0142483539364704,0
16146.0,218,1,75.0,5.389071729816501,0.6931471805599453,4.330733340286331,0.6788674632848729,-0.7741883749649034,-1.6505232185422665,3
16149.0,213,1,116.84,5.365976015021851,0.6931471805599453,4.769327772154375,0.6618216217166248,-0.7741883749649034,-1.2735054978120142,3
16150.0,2,3,1177.47,1.0986122886681098,1.3862943611198906,7.071972265963926,-2.48771527897133,0.5389081788515271,0.705857931428537,2
16153.0,158,2,485.09,5.0689042022202315,1.0986122886681098,6.186393791941019,0.4425671366126743,-0.006076131156111717,-0.05538925627936013,1
16156.0,34,4,1004.05,3.5553480614894135,1.6094379124341003,6.912792570499405,-0.6745162015277419,0.9616308508248114,0.5690263585447634,1
16159.0,283,1,348.2,5.648974238161206,0.6931471805599453,5.855644823965447,0.8706890639508278,-0.7741883749649034,-0.33970253747840284,3
16160.0,215,1,223.5,5.375278407684165,0.6931471805599453,5.413875707182309,0.6686872724634108,-0.7741883749649034,-0.7194492314553687,3
16161.0,31,6,1585.57,3.4657359027997265,1.9459101490553132,7.369329732331643,-0.7406546463948805,1.5990431447121,0.9614677296072073,0
16162.0,341,1,37.4,5.834810737062605,0.6931471805599453,3.648057459593681,1.007846088361475,-0.7741883749649034,-2.237354436257535,3
16163.0,455,1,441.6,6.1224928095143865,0.6931471805599453,6.092666427616949,1.220170455571547,-0.7741883749649034,-0.13595771474566895,3
16168.0,4,12,2104.78,1.6094379124341003,2.5649493574615367,7.652441223799439,-2.1106993377399443,2.771749712715178,1.204831624518313,0
16169.0,61,2,918.17,4.127134385045092,1.0986122886681098,6.823471088926227,-0.2525080857850369,-0.006076131156111717,0.49224521645060093,1
16170.0,96,2,635.31,4.574710978503383,1.0986122886681098,6.455685865972554,0.077826773715113,-0.006076131156111717,0.17609540605360224,1
16171.0,31,1,73.2,3.4657359027997265,0.6931471805599453,4.3067641501733345,-0.7406546463948805,-0.7741883749649034,-1.6711272407722406,3
16172.0,7,4,788.24,2.0794415416798357,1.6094379124341003,6.67107045710126,-1.7638121566391332,0.9616308508248114,0.36124095676636925,2
16173.0,93,3,747.7,4.543294782270004,1.3862943611198906,6.61833836923664,0.05463998307310084,0.5389081788515271,0.31591221993906743,1
16174.0,34,2,626.35,3.5553480614894135,1.0986122886681098,6.441504598605709,-0.6745162015277419,-0.006076131156111717,0.16390512566873236,1
16175.0,185,1,300.7,5.225746673713202,0.6931471805599453,5.709433146165015,0.5583250572491445,-0.7741883749649034,-0.4653867448078968,3
16179.0,62,1,215.83,4.143134726391533,0.6931471805599453,5.379113636376126,-0.24069899972494663,-0.7741883749649034,-0.7493308618431291,3
16180.0,247,2,2730.88,5.5134287461649825,1.0986122886681098,7.9127452958607,0.7706494244592157,-0.006076131156111717,1.4285901604562845,1
16182.0,337,1,2327.0,5.823045895483019,0.6931471805599453,7.752764808851328,0.9991630219387977,-0.7741883749649034,1.291070223605523,1
16183.0,276,1,338.71,5.6240175061873385,0.6931471805599453,5.828092312472438,0.8522696946838361,-0.7741883749649034,-0.3633867986744354,3
16184.0,6,3,620.88,1.9459101490553132,1.3862943611198906,6.43274714808154,-1.8623652857933086,0.5389081788515271,0.15637718232032344,2
16186.0,6,7,2402.92,1.9459101490553132,2.0794415416798357,7.784856017231161,-1.8623652857933086,1.8520047326679574,1.3186559687945643,0
16187.0,122,4,1533.56,4.812184355372417,1.6094379124341003,7.335998973979641,0.25309450605324024,0.9616308508248114,0.9328164617592304,1
16188.0,37,1,151.65,3.6375861597263857,0.6931471805599453,5.028147719180887,-0.6138201977068869,-0.7741883749649034,-1.0510227223425386,3
16191.0,39,4,1606.84,3.6888794541139363,1.6094379124341003,7.382646942300648,-0.575963072373566,0.9616308508248114,0.9729152624169974,1
16200.0,213,1,530.05,5.365976015021851,0.6931471805599453,6.274856178767549,0.6618216217166248,-0.7741883749649034,0.020653404156717715,3
16201.0,182,1,509.4,5.209486152841421,0.6931471805599453,6.23519473203058,0.5463239451354044,-0.7741883749649034,-0.013439751531440053,3
16203.0,1,2,385.3,0.6931471805599453,1.0986122886681098,5.956614269672236,-2.7869696668833854,-0.006076131156111717,-0.2529087537050067,2
16205.0,91,3,649.03,4.5217885770490405,1.3862943611198906,6.477018515670781,0.03876728243619778,0.5389081788515271,0.19443304643838072,1
16206.0,156,1,121.11,5.056245805348308,0.6931471805599453,4.8049222778449305,0.4332245798004987,-0.7741883749649034,-1.2429083027021346,3
16209.0,2,4,926.42,1.0986122886681098,1.6094379124341003,6.832406537392282,-2.48771527897133,0.9616308508248114,0.49992616762005954,2
16210.0,67,11,15447.19,4.219507705176107,2.4849066497880004,9.645247123359487,-0.18433175982646136,2.6201169764767496,2.9178564226442814,0
16211.0,2,1,547.02,1.0986122886681098,0.6931471805599453,6.306311782632405,-2.48771527897133,-0.7741883749649034,0.04769278088298173,2
16212.0,342,1,498.15,5.8377304471659395,0.6931471805599453,6.2129066517824345,1.0100009866310964,-0.7741883749649034,-0.032598684258467764,3
16214.0,341,1,206.7,5.834810737062605,0.6931471805599453,5.336094730882067,1.007846088361475,-0.7741883749649034,-0.7863101039839869,3
16217.0,311,1,183.0,5.7430031878094825,0.6931471805599453,5.214935757608986,0.9400873308061398,-0.7741883749649034,-0.8904588952827732,3
16218.0,61,2,920.5,4.127134385045092,1.0986122886681098,6.826002777109878,-0.2525080857850369,-0.006076131156111717,0.49442146685244576,1
16221.0,99,3,864.86,4.605170185988092,1.3862943611198906,6.763723232676042,0.10030725676987509,0.5389081788515271,0.44088569397325955,1
16224.0,251,1,167.47,5.529429087511423,0.6931471805599453,5.126757692398113,0.7824585105193059,-0.7741883749649034,-0.966257151595815,3
16225.0,161,2,416.61,5.087596335232384,1.0986122886681098,6.034547982641873,0.4563629052533389,-0.006076131156111717,-0.1859165880573173,3
16229.0,36,1,358.2,3.6109179126442243,0.6931471805599453,5.883879336428045,-0.6335027543502829,-0.7741883749649034,-0.3154320252212357,3
16230.0,280,2,542.03,5.638354669333745,1.0986122886681098,6.297164567026571,0.8628512685257675,-0.006076131156111717,0.03982979374005026,1
16232.0,128,2,366.47,4.859812404361672,1.0986122886681098,5.906641682667704,0.2882464892022382,-0.006076131156111717,-0.2958654113424459,3
16233.0,486,1,147.4,6.18826412308259,0.6931471805599453,4.99991133073328,1.2687131138433259,-0.7741883749649034,-1.0752948472047477,3
16235.0,40,2,429.5,3.713572066704308,1.0986122886681098,6.064947323867785,-0.5577386369809405,-0.006076131156111717,-0.1597851793846625,1
16239.0,280,1,347.9,5.638354669333745,0.6931471805599453,5.8547853481927286,0.8628512685257675,-0.7741883749649034,-0.3404413466681889,3
16241.0,1,9,1445.4,0.6931471805599453,2.302585092994046,7.276832989637912,-2.7869696668833854,2.2747274046412427,0.8819571189575605,0
16242.0,97,5,2615.32,4.584967478670572,1.791759469228055,7.869524029255121,0.08539660554102044,1.3070204226603186,1.3914369678056027,1
16243.0,183,1,194.15,5.214935757608986,0.6931471805599453,5.273768493626624,0.550346037558324,-0.7741883749649034,-0.839886014219915,3
16244.0,6,2,1522.75,1.9459101490553132,1.0986122886681098,7.328929680795481,-1.8623652857933086,-0.006076131156111717,0.9267396659547005,2
16245.0,64,1,315.72,4.174387269895637,0.6931471805599453,5.758018102797875,-0.21763299332885333,-0.7741883749649034,-0.4236229003981939,3
16248.0,92,1,152.94,4.532599493153256,0.6931471805599453,5.036562916106171,0.04674630212701821,-0.7741883749649034,-1.043788981707132,3
16250.0,698,1,226.14,6.54965074223381,0.6931471805599453,5.4255665674635,1.5354352789595793,-0.7741883749649034,-0.7093997160572422,3
16253.0,245,1,1983.46,5.5053315359323625,0.6931471805599453,7.593102115809349,0.7646732611753665,-0.7741883749649034,1.1538234638599467,1
16255.0,160,5,1446.71,5.081404364984463,1.791759469228055,7.277738276644603,0.4517929084041481,1.3070204226603186,0.8827353076874437,1
16258.0,247,2,1787.26,5.5134287461649825,1.0986122886681098,7.488998359032133,0.7706494244592157,-0.006076131156111717,1.0643354123759488,1
16261.0,159,1,254.96,5.075173815233827,0.6931471805599453,5.54502118227126,0.4471944378706862,-0.7741883749649034,-0.6067159988615768,3
16265.0,131,4,2394.36,4.882801922586371,1.6094379124341003,7.781288811701526,0.3052139521655124,0.9616308508248114,1.3155895830850353,1
16271.0,152,2,314.42,5.030437921392435,1.0986122886681098,5.7539050840594115,0.41417701599764817,-0.006076131156111717,-0.4271584695651159,3
16274.0,698,1,357.95,6.54965074223381,0.6931471805599453,5.883183103022492,1.5354352789595793,-0.7741883749649034,-0.31603051054750836,3
16282.0,254,1,168.3,5.541263545158426,0.6931471805599453,5.13167228913909,0.7911929572290339,-0.7741883749649034,-0.9620325424194065,3
16283.0,33,4,1293.0,3.5263605246161616,1.6094379124341003,7.165493475060845,-0.6959105149485876,0.9616308508248114,0.7862491779463815,1
16284.0,122,1,424.57,4.812184355372417,0.6931471805599453,6.053429446821183,0.25309450605324024,-0.7741883749649034,-0.1696859976263944,3
16292.0,64,1,302.25,4.174387269895637,0.6931471805599453,5.7145575478241595,-0.21763299332885333,-0.7741883749649034,-0.46098178639242327,3
16293.0,93,3,703.34,4.543294782270004,1.3862943611198906,6.557261194118486,0.05463998307310084,0.5389081788515271,0.2634100090614409,1
16295.0,1,2,692.3,0.6931471805599453,1.0986122886681098,6.541462805948445,-2.7869696668833854,-0.006076131156111717,0.24982964445509606,2
16298.0,188,1,114.3,5.241747015059643,0.6931471805599453,4.747537427275013,0.5701341433092347,-0.7741883749649034,-1.2922365750063887,3
16302.0,217,1,233.22,5.384495062789089,0.6931471805599453,5.4562608446139915,0.6754896444230828,-0.7741883749649034,-0.6830147791544804,3
16303.0,71,1,827.18,4.276666119016055,0.6931471805599453,6.719230522063542,-0.14214587057077066,-0.7741883749649034,0.4026395624097789,1
16306.0,39,4,616.35,3.6888794541139363,1.6094379124341003,6.4254361240137525,-0.575963072373566,0.9616308508248114,0.15009259357508714,1
16308.0,189,2,1600.0,5.247024072160486,1.0986122886681098,7.3783837129967145,0.5740288865586801,-0.006076131156111717,0.969250571581152,1
16313.0,182,1,106.53,5.209486152841421,0.6931471805599453,4.677769878402435,0.5463239451354044,-0.7741883749649034,-1.3522090697433706,3
16316.0,99,5,1586.77,4.605170185988092,1.791759469228055,7.370085795045255,0.10030725676987509,1.3070204226603186,0.9621176444722936,1
16317.0,3,2,770.89,1.3862943611198906,1.0986122886681098,6.6488420528259,-2.275390911761259,-0.006076131156111717,0.34213332177047356,2
16318.0,244,1,328.15,5.501258210544727,0.6931471805599453,5.796513573913885,0.7616669346844612,-0.7741883749649034,-0.3905320225300452,3
16319.0,189,1,404.4,5.247024072160486,0.6931471805599453,6.004874234017899,0.5740288865586801,-0.7741883749649034,-0.21142427410814885,3
16320.0,67,1,852.68,4.219507705176107,0.6931471805599453,6.74955641630831,-0.18433175982646136,-0.7741883749649034,0.4287078357313809,1
16321.0,162,2,135.9,5.093750200806762,1.0986122886681098,4.919250732294404,0.46090477886694337,-0.006076131156111717,-1.1446310557075328,3
16322.0,121,2,326.75,4.804021044733257,1.0986122886681098,5.792251122643809,0.24706955722334933,-0.006076131156111717,-0.3941960445645324,3
16324.0,278,2,262.12,5.631211781821365,1.0986122886681098,5.572610201880802,0.8575794451611989,-0.006076131156111717,-0.5830003551264978,3
16325.0,129,2,416.02,4.867534450455582,1.0986122886681098,6.033134182279374,0.2939457617932729,-0.006076131156111717,-0.18713189712534742,1
16326.0,92,7,1727.69,4.532599493153256,2.0794415416798357,7.455119175218309,0.04674630212701821,1.8520047326679574,1.035212715566309,0
16327.0,578,1,535.6,6.361302477572996,0.6931471805599453,6.285252937991523,1.396424440472501,-0.7741883749649034,0.02959050454102759,3
16332.0,30,5,991.51,3.4339872044851463,1.791759469228055,6.900237088077338,-0.7640868409071632,1.3070204226603186,0.5582336101159359,1
16333.0,125,14,20637.36,4.836281906951478,2.70805020110221,9.934906759074254,0.2708797553971797,3.0428396484500335,3.16684913141992,0
16337.0,275,1,151.05,5.62040086571715,0.6931471805599453,5.024209414123374,0.8496004254703785,-0.7741883749649034,-1.0544081068536917,3
16338.0,218,1,214.8,5.389071729816501,0.6931471805599453,5.374352052824034,0.6788674632848729,-0.7741883749649034,-0.7534239402030856,3
16344.0,248,1,101.1,5.517452896464707,0.6931471805599453,4.625952725170619,0.7736194571715965,-0.7741883749649034,-1.396751324698552,3
16347.0,275,1,444.29,5.62040086571715,0.6931471805599453,6.098725755304783,0.8496004254703785,-0.7741883749649034,-0.1307490897654227,3
16348.0,153,4,738.35,5.0369526024136295,1.6094379124341003,6.6057714218194965,0.41898519022140823,0.9616308508248114,0.30510961614957416,1
16350.0,71,2,812.17,4.276666119016055,1.0986122886681098,6.700940189780036,-0.14214587057077066,-0.006076131156111717,0.3869171115807609,1
16351.0,40,1,153.9,3.713572066704308,0.6931471805599453,5.042779747422823,-0.5577386369809405,-0.7741883749649034,-1.0384449659083324,3
16352.0,303,1,204.92,5.717027701406222,0.6931471805599453,5.327487743847817,0.9209160676594919,-0.7741883749649034,-0.7937087082484938,3
16353.0,10,12,3404.21,2.3978952727983707,2.5649493574615367,8.13306189069066,-1.528776701112921,2.771749712715178,1.6179752834457912,0
16354.0,154,1,29.7,5.043425116919247,0.6931471805599453,3.4242626545931514,0.4237622433584039,-0.7741883749649034,-2.4297294441508317,3
16356.0,161,1,102.0,5.087596335232384,0.6931471805599453,4.634728988229636,0.4563629052533389,-0.7741883749649034,-1.389207210011672,3
16357.0,67,2,538.83,4.219507705176107,1.0986122886681098,6.291254275178919,-0.18433175982646136,-0.006076131156111717,0.03474928062965419,1
16358.0,121,3,1355.1,4.804021044733257,1.3862943611198906,7.2123682120938994,0.24706955722334933,0.5389081788515271,0.826542909995741,1
16359.0,10,8,1520.35,2.3978952727983707,2.1972245773362196,7.327353377556214,-1.528776701112921,2.0751326664691105,0.925384668692385,0
16360.0,2,4,2512.77,1.0986122886681098,1.6094379124341003,7.829538897295888,-2.48771527897133,0.9616308508248114,1.3570655708634178,2
16362.0,31,5,734.77,3.4657359027997265,1.791759469228055,6.600917569890576,-0.7406546463948805,1.3070204226603186,0.3009372234832802,1
16365.0,4,5,619.22,1.6094379124341003,1.791759469228055,6.430074253808448,-2.1106993377399443,1.3070204226603186,0.15407955053712488,2
16367.0,303,2,804.49,5.717027701406222,1.0986122886681098,6.69145078789068,0.9209160676594919,-0.006076131156111717,0.3787599795894121,1
16368.0,30,2,497.43,3.4339872044851463,1.0986122886681098,6.211463158278113,-0.7640868409071632,-0.006076131156111717,-0.033839517683029154,1
16370.0,66,1,271.04,4.204692619390966,0.6931471805599453,5.605949114307438,-0.19526606549133826,-0.7741883749649034,-0.5543420779997661,3
16372.0,183,2,367.93,5.214935757608986,1.0986122886681098,5.910606924147827,0.550346037558324,-0.006076131156111717,-0.2924568721628359,3
16374.0,245,1,316.73,5.5053315359323625,0.6931471805599453,5.7612019655236875,0.7646732611753665,-0.7741883749649034,-0.4208860378646427,3
16376.0,333,1,112.76,5.811140992976701,0.6931471805599453,4.73409096605493,0.9903765832503902,-0.7741883749649034,-1.3037952127654027,3
16378.0,190,2,220.1,5.25227342804663,1.0986122886681098,5.3986150878634005,0.5779031848675285,-0.006076131156111717,-0.7325673275699085,3
16379.0,213,2,1225.44,5.365976015021851,1.0986122886681098,7.111870942811762,0.6618216217166248,-0.006076131156111717,0.7401550111731553,1
16380.0,92,1,1780.59,4.532599493153256,0.6931471805599453,7.485261502995209,0.04674630212701821,-0.7741883749649034,1.0611231943372073,1
16384.0,32,1,175.4,3.4965075614664802,0.6931471805599453,5.172754143572691,-0.7179435580787399,-0.7741883749649034,-0.9267183979694644,3
16385.0,62,3,555.89,4.143134726391533,1.3862943611198906,6.322367733889242,-0.24069899972494663,0.5389081788515271,0.061494547862161665,1
16386.0,30,1,256.1,3.4339872044851463,0.6931471805599453,5.549465114271844,-0.7640868409071632,-0.7741883749649034,-0.602895975185479,3
16389.0,342,1,119.65,5.8377304471659395,0.6931471805599453,4.792893792071041,1.0100009866310964,-0.7741883749649034,-1.2532480424726398,3
16393.0,128,7,1576.33,4.859812404361672,2.0794415416798357,7.36348882315659,0.2882464892022382,1.8520047326679574,0.956446858150195,1
16394.0,221,1,306.89,5.402677381872279,0.6931471805599453,5.729742576325733,0.6889091438060244,-0.7741883749649034,-0.4479286684800428,3
16395.0,62,1,214.69,4.143134726391533,0.6931471805599453,5.3738421916342825,-0.24069899972494663,-0.7741883749649034,-0.7538622191452742,3
16398.0,126,1,535.85,4.844187086458591,0.6931471805599453,6.285718725880145,0.2767141899944595,-0.7741883749649034,0.029990897877905487,3
16400.0,185,1,303.93,5.225746673713202,0.6931471805599453,5.720082242069654,0.5583250572491445,-0.7741883749649034,-0.4562327346926642,3
16401.0,120,2,789.83,4.795790545596741,1.0986122886681098,6.673083026843972,0.2409950197796698,-0.006076131156111717,0.3629709706518077,1
16402.0,578,1,211.8,6.361302477572996,0.6931471805599453,5.360352757467489,1.396424440472501,-0.7741883749649034,-0.7654577966400546,3
16405.0,70,2,167.25,4.2626798770413155,1.0986122886681098,5.125450968524837,-0.1524684462934248,-0.006076131156111717,-0.9673804172383538,3
16407.0,37,1,60.0,3.6375861597263857,0.6931471805599453,4.110873864173311,-0.6138201977068869,-0.7741883749649034,-1.8395154002533574,3
16409.0,4,3,1376.56,1.6094379124341003,1.3862943611198906,7.228069097247268,-2.1106993377399443,0.5389081788515271,0.8400394605760987,2
16411.0,578,1,131.5,6.361302477572996,0.6931471805599453,4.886582645426277,1.396424440472501,-0.7741883749649034,-1.1727126882061065,3
16414.0,252,1,50.8,5.53338948872752,0.6931471805599453,3.9473901492654373,0.785381493084536,-0.7741883749649034,-1.9800467273579043,3
16418.0,124,1,222.45,4.8283137373023015,0.6931471805599453,5.40918767537946,0.26499883079118963,-0.7741883749649034,-0.7234790844051499,3
16419.0,99,3,629.02,4.605170185988092,1.3862943611198906,6.445751564913429,0.10030725676987509,0.5389081788515271,0.1675558367608344,1
16422.0,31,20,14663.57,3.4657359027997265,3.044522437723423,9.593189659467859,-0.7406546463948805,3.680251942337322,2.8731075955790892,0
16424.0,339,1,133.56,5.8289456176102075,0.6931471805599453,4.902010196224638,1.0035173244391058,-0.7741883749649034,-1.1594510970507532,3
16425.0,70,1,302.7,4.2626798770413155,0.6931471805599453,5.716040372051703,-0.1524684462934248,-0.7741883749649034,-0.45970714410357594,3
16426.0,124,8,1466.06,4.8283137373023015,2.1972245773362196,7.291015677102109,0.26499883079118963,2.0751326664691105,0.894148620064419,0
16431.0,67,1,298.88,4.219507705176107,0.6931471805599453,5.703382394634861,-0.18433175982646136,-0.7741883749649034,-0.4705879976849283,3
16432.0,184,1,287.4,5.220355825078324,0.6931471805599453,5.664348405410794,0.5543463299152838,-0.7741883749649034,-0.5041417881094602,3
16433.0,30,1,184.26,3.4339872044851463,0.6931471805599453,5.221760243825881,-0.7640868409071632,-0.7741883749649034,-0.8845925366341004,3
16434.0,61,3,601.1,4.127134385045092,1.3862943611198906,6.400423544470402,-0.2525080857850369,0.5389081788515271,0.1285916691587569,1
16438.0,243,2,264.72,5.497168225293202,1.0986122886681098,5.582443122797041,0.7586483123454756,-0.006076131156111717,-0.5745479326546219,3
16440.0,61,4,2537.31,4.127134385045092,1.6094379124341003,7.839253784235448,-0.2525080857850369,0.9616308508248114,1.3654165308049413,1
16441.0,275,1,170.2,5.62040086571715,0.6931471805599453,5.1428324637076415,0.8496004254703785,-0.7741883749649034,-0.9524392068157911,3
16442.0,121,1,179.76,4.804021044733257,0.6931471805599453,5.197170184543078,0.24706955722334933,-0.7741883749649034,-0.9057302607587269,3
16444.0,216,1,301.32,5.37989735354046,0.6931471805599453,5.711486059041233,0.6720962953050397,-0.7741883749649034,-0.46362205178579663,3
16445.0,183,1,230.51,5.214935757608986,0.6931471805599453,5.444623069137621,0.550346037558324,-0.7741883749649034,-0.6930186626187186,3
16446.0,90,1,168469.6,4.51085950651685,0.6931471805599453,12.034516532838857,0.030701058617782478,-0.7741883749649034,4.971683013957331,1
16449.0,252,1,416.69,5.53338948872752,0.6931471805599453,6.034739530589304,0.785381493084536,-0.7741883749649034,-0.1857519325913471,3
16454.0,184,1,5.9,5.220355825078324,0.6931471805599453,1.9315214116032138,0.5543463299152838,-0.7741883749649034,-3.712896443501685,3
16455.0,154,4,1088.7,5.043425116919247,1.6094379124341003,6.99365770798284,0.4237622433584039,0.9616308508248114,0.6385383897182824,1
16456.0,192,3,1694.28,5.262690188904886,1.3862943611198906,7.43560319791231,0.5855912974383196,0.5389081788515271,1.0184366948348265,1
16457.0,220,1,208.36,5.3981627015177525,0.6931471805599453,5.34405525822189,0.6855770743403773,-0.7741883749649034,-0.7794671993427034,3
16458.0,2,8,1587.22,1.0986122886681098,2.1972245773362196,7.370369171254255,-2.48771527897133,2.0751326664691105,0.962361235919571,0
16460.0,30,1,302.62,3.4339872044851463,0.6931471805599453,5.715776919504569,-0.7640868409071632,-0.7741883749649034,-0.4599336090826633,3
16462.0,158,2,68.0,5.0689042022202315,1.0986122886681098,4.23410650459726,0.4425671366126743,-0.006076131156111717,-1.733584075465846,3
16466.0,5,2,440.63,1.791759469228055,1.0986122886681098,6.090472427438032,-1.9761365238492044,-0.006076131156111717,-0.1378436870395127,2
16469.0,160,2,276.88,5.081404364984463,1.0986122886681098,5.62718936582468,0.4517929084041481,-0.006076131156111717,-0.5360838635015546,3
16471.0,69,1,223.95,4.248495242049359,0.6931471805599453,5.4158781552871815,-0.16293744640561536,-0.7741883749649034,-0.7177279181747506,3
16473.0,163,1,149.41,5.099866427824199,0.6931471805599453,5.013364898667122,0.4654188732633121,-0.7741883749649034,-1.0637301004830362,3
16474.0,32,4,824.93,3.4965075614664802,1.6094379124341003,6.716510024167141,-0.7179435580787399,0.9616308508248114,0.4003010103406515,1
16475.0,2,2,395.0,1.0986122886681098,1.0986122886681098,5.981414211254481,-2.48771527897133,-0.006076131156111717,-0.23159061382402796,2
16477.0,69,4,1311.65,4.248495242049359,1.6094379124341003,7.1798032736499495,-0.16293744640561536,0.9616308508248114,0.7985499443405071,1
16478.0,184,2,235.9,5.220355825078324,1.0986122886681098,5.46763811116474,0.5543463299152838,-0.006076131156111717,-0.6732348303192108,3
16484.0,308,1,285.7,5.733341276897746,0.6931471805599453,5.658436372889324,0.9329563368485013,-0.7741883749649034,-0.5092237975107982,3
16488.0,183,1,144.23,5.214935757608986,0.6931471805599453,4.9783186926197125,0.550346037558324,-0.7741883749649034,-1.0938559747855456,3
16495.0,130,3,684.41,4.875197323201151,1.3862943611198906,6.530017199354501,0.2996013613683453,0.5389081788515271,0.23999095021530636,1
16496.0,333,1,414.48,5.811140992976701,0.6931471805599453,6.029434478359611,0.9903765832503902,-0.7741883749649034,-0.19031217903924474,3
16497.0,71,1,279.3,4.276666119016055,0.6931471805599453,5.635860458170742,-0.14214587057077066,-0.7741883749649034,-0.5286301540264252,3
16498.0,338,1,9.75,5.82600010738045,0.6931471805599453,2.3749057545736716,1.0013433843311454,-0.7741883749649034,-3.331761293923462,3
16499.0,425,1,218.1,6.054439346269371,0.6931471805599453,5.3895282466014205,1.1699434518628828,-0.7741883749649034,-0.7403784166588371,3
16500.0,213,3,138.06,5.365976015021851,1.3862943611198906,4.934905494670872,0.6618216217166248,0.5389081788515271,-1.1311741524709558,3
16503.0,97,1,251.6,4.584967478670572,0.6931471805599453,5.531807209916391,0.08539660554102044,-0.7741883749649034,-0.6180747881599419,3
16505.0,122,1,777.6,4.812184355372417,0.6931471805599453,6.657497435176356,0.25309450605324024,-0.7741883749649034,0.3495735268636365,3
16510.0,667,1,248.1,6.504288173536645,0.6931471805599453,5.517854422268135,1.501955338372516,-0.7741883749649034,-0.6300686663643994,3
16513.0,213,2,211.8,5.365976015021851,1.0986122886681098,5.360352757467489,0.6618216217166248,-0.006076131156111717,-0.7654577966400546,3
16515.0,4,4,1250.35,1.6094379124341003,1.6094379124341003,7.131978247515911,-2.1106993377399443,0.9616308508248114,0.7574393395612272,2
16516.0,91,1,101.7,4.5217885770490405,0.6931471805599453,4.631812116934513,0.03876728243619778,-0.7741883749649034,-1.3917145655261205,3
16517.0,161,1,162.7,5.087596335232384,0.6931471805599453,5.098035484377089,0.4563629052533389,-0.7741883749649034,-0.9909468891200809,3
16518.0,92,1,293.62,4.532599493153256,0.6931471805599453,5.685686390386793,0.04674630212701821,-0.7741883749649034,-0.48579956149622383,3
16519.0,455,1,103.7,6.1224928095143865,0.6931471805599453,4.651099117876491,1.220170455571547,-0.7741883749649034,-1.3751353738936682,3
16520.0,188,2,749.41,5.241747015059643,1.0986122886681098,6.620619723829234,0.5701341433092347,-0.006076131156111717,0.317873282474709,1
16523.0,32,8,3469.85,3.4965075614664802,2.1972245773362196,8.152154799716227,-0.7179435580787399,2.0751326664691105,1.6343876328052442,0
16525.0,10,15,7795.37,2.3978952727983707,2.772588722239781,8.961413519737269,-1.528776701112921,3.165101286484388,2.330030021159159,0
16528.0,182,1,244.41,5.209486152841421,0.6931471805599453,5.502930281242811,0.5463239451354044,-0.7741883749649034,-0.6428975242440115,3
16529.0,307,1,455.25,5.730099782973574,0.6931471805599453,6.123040904896701,0.9305639453435338,-0.7741883749649034,-0.10984767923151484,3
16531.0,247,2,422.91,5.5134287461649825,1.0986122886681098,6.049521168549791,0.7706494244592157,-0.006076131156111717,-0.17304557097889653,3
16532.0,224,1,1910.4,5.41610040220442,0.6931471805599453,7.555591236832079,0.6988160325939846,-0.7741883749649034,1.1215789457652585,1
16533.0,304,1,376.97,5.720311776607412,0.6931471805599453,5.934814827390648,0.9233398863667901,-0.7741883749649034,-0.2716476510667217,3
16535.0,243,1,593.75,5.497168225293202,0.6931471805599453,6.388141149183067,0.7586483123454756,-0.7741883749649034,0.11803366764328779,3
16539.0,152,3,1083.91,5.030437921392435,1.3862943611198906,6.98925231322532,0.41417701599764817,0.5389081788515271,0.634751492827405,1
16546.0,667,1,299.4,6.504288173536645,0.6931471805599453,5.705114919889979,1.501955338372516,-0.7741883749649034,-0.46909871128425473,3
16549.0,32,5,1831.79,3.4965075614664802,1.791759469228055,7.513594674991708,-0.7179435580787399,1.3070204226603186,1.0854785147677046,0
16550.0,158,2,942.08,5.0689042022202315,1.0986122886681098,6.849151114666084,0.4425671366126743,-0.006076131156111717,0.5143198805805093,1
16551.0,163,3,922.12,5.099866427824199,1.3862943611198906,6.827759236886412,0.4654188732633121,0.5389081788515271,0.4959313274739838,1
16552.0,37,2,379.73,3.6375861597263857,1.0986122886681098,5.9420904624901825,-0.6138201977068869,-0.006076131156111717,-0.26539348283570124,1
16553.0,69,3,1182.5,4.248495242049359,1.3862943611198906,7.0762314289540384,-0.16293744640561536,0.5389081788515271,0.7095191268429692,1
16554.0,10,2,314.11,2.3978952727983707,1.0986122886681098,5.752921784216493,-1.528776701112921,-0.006076131156111717,-0.4280037184753505,2
16555.0,244,1,133.91,5.501258210544727,0.6931471805599453,4.904607889450726,0.7616669346844612,-0.7741883749649034,-1.1572181084214068,3
16556.0,129,2,1075.49,4.867534450455582,1.0986122886681098,6.981461027397593,0.2939457617932729,-0.006076131156111717,0.6280540689412502,1
16558.0,38,9,3085.38,3.6635616461296463,2.302585092994046,8.034754162088998,-0.594648934560239,2.2747274046412427,1.5334695235123907,0
16561.0,31,2,511.12,3.4657359027997265,1.0986122886681098,6.238558972577978,-0.7406546463948805,-0.006076131156111717,-0.010547835421684162,1
16565.0,425,1,173.7,6.054439346269371,0.6931471805599453,5.163070217140011,1.1699434518628828,-0.7741883749649034,-0.9350427441218269,3
16567.0,163,1,557.56,5.099866427824199,0.6931471805599453,6.3253620433567255,0.4654188732633121,-0.7741883749649034,0.06406846957335066,3
16569.0,182,1,124.2,5.209486152841421,0.6931471805599453,4.829912458665998,0.5463239451354044,-0.7741883749649034,-1.2214266323269158,3
16570.0,153,3,1185.4,5.0369526024136295,1.3862943611198906,7.078678790823722,0.41898519022140823,0.5389081788515271,0.7116228899709697,1
16571.0,283,1,436.68,5.648974238161206,0.6931471805599453,6.081488049755571,0.8706890639508278,-0.7741883749649034,-0.14556669798061,3
16572.0,34,3,1009.6,3.5553480614894135,1.3862943611198906,6.918299492857808,-0.6745162015277419,0.5389081788515271,0.5737601334514826,1
16581.0,66,1,105.84,4.204692619390966,0.6931471805599453,4.67133238824176,-0.19526606549133826,-0.7741883749649034,-1.3577427648640858,3
16583.0,698,1,233.45,6.54965074223381,0.6931471805599453,5.457242345535596,1.5354352789595793,-0.7741883749649034,-0.6821710766049935,3
16586.0,221,1,463.95,5.402677381872279,0.6931471805599453,6.141929872924206,0.6889091438060244,-0.7741883749649034,-0.09361063845937147,3
16589.0,338,1,117.68,5.82600010738045,0.6931471805599453,4.7764307954226215,1.0013433843311454,-0.7741883749649034,-1.2673997074774621,3
16591.0,304,1,213.5,5.720311776607412,0.6931471805599453,5.368309738368072,0.9233398863667901,-0.7741883749649034,-0.7586179405336867,3
16592.0,91,6,1919.63,4.5217885770490405,1.9459101490553132,7.560408536200592,0.03876728243619778,1.5990431447121,1.1257199176883552,1
16593.0,280,1,185.9,5.638354669333745,0.6931471805599453,5.230573714461517,0.8628512685257675,-0.7741883749649034,-0.8770164381491787,3
16595.0,92,1,360.16,4.532599493153256,0.6931471805599453,5.8893210734392785,0.04674630212701821,-0.7741883749649034,-0.3107542839283275,3
16596.0,486,1,120.65,6.18826412308259,0.6931471805599453,4.801148069229532,1.2687131138433259,-0.7741883749649034,-1.2461526291831562,3
16597.0,213,1,90.04,5.365976015021851,0.6931471805599453,4.511298970378021,0.6618216217166248,-0.7741883749649034,-1.4953082013122432,3
16600.0,213,2,366.18,5.365976015021851,1.0986122886681098,5.90585219103206,0.6618216217166248,-0.006076131156111717,-0.29654406185731563,3
16602.0,275,1,528.08,5.62040086571715,0.6931471805599453,6.271139649157846,0.8496004254703785,-0.7741883749649034,0.017458658805052762,3
16603.0,93,1,296.62,4.543294782270004,0.6931471805599453,5.695817505001904,0.05463998307310084,-0.7741883749649034,-0.4770908103969954,3
16607.0,1,5,842.48,0.6931471805599453,1.791759469228055,6.737536190975814,-2.7869696668833854,1.3070204226603186,0.4183751966729695,2
16609.0,4,3,1439.47,1.6094379124341003,1.3862943611198906,7.272724728205669,-2.1106993377399443,0.5389081788515271,0.8784256391921856,2
16610.0,250,1,75.66,5.5254529391317835,0.6931471805599453,4.339380059952409,0.7795239057264338,-0.7741883749649034,-1.6430904599310518,3
16611.0,188,1,129.49,5.241747015059643,0.6931471805599453,4.871296595474155,0.5701341433092347,-0.7741883749649034,-1.1858526446058526,3
16612.0,3,4,1187.66,1.3862943611198906,1.6094379124341003,7.08058190121429,-2.275390911761259,0.9616308508248114,0.713258812111372,2
16614.0,66,1,506.19,4.204692619390966,0.6931471805599453,6.228885686840323,-0.19526606549133826,-0.7741883749649034,-0.01886303478536518,3
16616.0,218,1,210.1,5.389071729816501,0.6931471805599453,5.352331954854275,0.6788674632848729,-0.7741883749649034,-0.7723525141739314,3
16618.0,122,1,1206.3,4.812184355372417,0.6931471805599453,7.096141740338342,0.25309450605324024,-0.7741883749649034,0.7266341188987694,1
16620.0,182,1,83.2,5.209486152841421,0.6931471805599453,4.4331949212482815,0.5463239451354044,-0.7741883749649034,-1.562446788679347,3
16621.0,128,2,490.7,4.859812404361672,1.0986122886681098,6.197868774417894,0.2882464892022382,-0.006076131156111717,-0.04552531040019196,1
16623.0,129,1,129.45,4.867534450455582,0.6931471805599453,4.870990011582737,0.2939457617932729,-0.7741883749649034,-1.1861161854799644,3
16625.0,69,1,333.08,4.248495242049359,0.6931471805599453,5.811380485254219,-0.16293744640561536,-0.7741883749649034,-0.37775235954171615,3
16626.0,90,6,1618.74,4.51085950651685,1.9459101490553132,7.390020921518757,0.030701058617782478,1.5990431447121,0.979253967688933,1
16628.0,61,2,920.47,4.127134385045092,1.0986122886681098,6.825970220964089,-0.2525080857850369,-0.006076131156111717,0.49439348144499573,1
16629.0,246,1,236.78,5.5093883366279774,0.6931471805599453,5.471345876430399,0.7676673915820786,-0.7741883749649034,-0.670047618836594,3
16633.0,5,1,255.8,1.791759469228055,0.6931471805599453,5.548297571815806,-1.9761365238492044,-0.7741883749649034,-0.6038995998638782,2
16634.0,340,2,217.9,5.831882477283517,1.0986122886681098,5.388615004528817,1.0056848799854274,-0.006076131156111717,-0.7411634435986946,3
16637.0,62,3,850.85,4.143134726391533,1.3862943611198906,6.7474104549915515,-0.24069899972494663,0.5389081788515271,0.426863157856713,1
16638.0,161,3,387.18,5.087596335232384,1.3862943611198906,5.961469149572581,0.4563629052533389,0.5389081788515271,-0.248735477389912,1
16639.0,122,1,786.36,4.812184355372417,0.6931471805599453,6.668685577117668,0.25309450605324024,-0.7741883749649034,0.35919090334503545,3
16642.0,213,1,380.6,5.365976015021851,0.6931471805599453,5.944372939574132,0.6618216217166248,-0.7741883749649034,-0.26343145540150775,3
16643.0,129,1,487.51,4.867534450455582,0.6931471805599453,6.191359942102381,0.2939457617932729,-0.7741883749649034,-0.05112033155392221,3
16644.0,36,1,722.41,3.6109179126442243,0.6931471805599453,6.58397614303318,-0.6335027543502829,-0.7741883749649034,0.2863742977468777,1
16652.0,1,4,5277.22,0.6931471805599453,1.6094379124341003,8.571344198650056,-2.7869696668833854,0.9616308508248114,1.9947247010785265,0
16654.0,219,2,262.8,5.393627546352362,1.0986122886681098,5.575191240283214,0.6822298933968988,-0.006076131156111717,-0.5807816830575204,3
16655.0,10,3,1844.38,2.3978952727983707,1.3862943611198906,7.520440497326975,-1.528776701112921,0.5389081788515271,1.0913632140384493,2
16656.0,4,7,3587.44,1.6094379124341003,2.0794415416798357,8.185472846652317,-2.1106993377399443,1.8520047326679574,1.6630279738636722,0
16658.0,547,1,123.24,6.306275286948016,0.6931471805599453,4.822215178840431,1.3558115050565998,-0.7741883749649034,-1.2280432482362833,3
16659.0,280,1,39.12,5.638354669333745,0.6931471805599453,3.691874963093735,0.8628512685257675,-0.7741883749649034,-2.1996887157254275,3
16665.0,364,1,135.4,5.8998973535824915,0.6931471805599453,4.915591745409362,1.0558834045162586,-0.7741883749649034,-1.1477763370776242,3
16667.0,304,1,366.78,5.720311776607412,0.6931471805599453,5.907484933312707,0.9233398863667901,-0.7741883749649034,-0.29514054934447365,3
16668.0,66,2,145.98,4.204692619390966,1.0986122886681098,4.990296523100725,-0.19526606549133826,-0.006076131156111717,-1.0835597785296767,3
16670.0,40,4,2022.86,3.713572066704308,1.6094379124341003,7.6127618580545295,-0.5577386369809405,0.9616308508248114,1.17072306557138,1
16671.0,30,2,309.39,3.4339872044851463,1.0986122886681098,5.737829571295256,-0.7640868409071632,-0.006076131156111717,-0.44097705170282847,1
16672.0,7,9,3865.0,2.0794415416798357,2.302585092994046,8.259975659768276,-1.7638121566391332,2.2747274046412427,1.7270709227660006,0
16674.0,305,1,122.2,5.723585101952381,0.6931471805599453,4.81380905109942,0.9257557711197745,-0.7741883749649034,-1.2352691929606272,3
16676.0,67,3,1262.88,4.219507705176107,1.3862943611198906,7.141941633491167,-0.18433175982646136,0.5389081788515271,0.7660039103770212,1
16678.0,3,7,2076.85,1.3862943611198906,2.0794415416798357,7.639088984260654,-2.275390911761259,1.8520047326679574,1.1933539801348307,0
16679.0,486,1,129.75,6.18826412308259,0.6931471805599453,4.873287102945032,1.2687131138433259,-0.7741883749649034,-1.1841415955472263,3
16682.0,124,4,921.08,4.8283137373023015,1.6094379124341003,6.826631987688356,0.26499883079118963,0.9616308508248114,0.4949623390590236,1
16684.0,213,7,36992.9,5.365976015021851,2.0794415416798357,10.518508313169791,0.6618216217166248,1.8520047326679574,3.6685156181616634,0
16685.0,92,2,324.24,4.532599493153256,1.0986122886681098,5.784563371339637,0.04674630212701821,-0.006076131156111717,-0.4008044697146085,3
16686.0,162,2,754.96,5.093750200806762,1.0986122886681098,6.627988464726837,0.46090477886694337,-0.006076131156111717,0.32420748486308243,1
16688.0,62,2,329.45,4.143134726391533,1.0986122886681098,5.800455361916462,-0.24069899972494663,-0.006076131156111717,-0.38714364406385376,3
16693.0,304,1,324.45,5.720311776607412,0.6931471805599453,5.785208840018396,0.9233398863667901,-0.7741883749649034,-0.40024962197285274,3
16696.0,67,2,440.1,4.219507705176107,1.0986122886681098,6.089271607110894,-0.18433175982646136,-0.006076131156111717,-0.13887591752364298,1
16697.0,7,1,112.75,2.0794415416798357,0.6931471805599453,4.7340030578310595,-1.7638121566391332,-0.7741883749649034,-1.303870779064902,2
16700.0,4,6,2121.41,1.6094379124341003,1.9459101490553132,7.660307514459622,-2.1106993377399443,1.5990431447121,1.2115935228914236,0
16701.0,10,6,2646.31,2.3978952727983707,1.9459101490553132,7.881299309083464,-1.528776701112921,1.5990431447121,1.4015590506212332,0
16705.0,7,5,5733.45,2.0794415416798357,1.791759469228055,8.65424712261058,-1.7638121566391332,1.3070204226603186,2.065988422554301,0
16706.0,303,2,239.82,5.717027701406222,1.0986122886681098,5.484049766464073,0.9209160676594919,-0.006076131156111717,-0.6591272985659876,3
16709.0,129,2,1270.43,4.867534450455582,1.0986122886681098,7.147897530259792,0.2939457617932729,-0.006076131156111717,0.7711236256799442,1
16710.0,67,3,822.84,4.219507705176107,1.3862943611198906,6.713976336297831,-0.18433175982646136,0.5389081788515271,0.39812304100013696,1
16711.0,70,2,680.2,4.2626798770413155,1.0986122886681098,6.523855948788533,-0.1524684462934248,-0.006076131156111717,0.23469471187653976,1
16712.0,36,5,1504.21,3.6109179126442243,1.791759469228055,7.316687702332611,-0.6335027543502829,1.3070204226603186,0.916216406920968,1
16713.0,7,5,2222.09,2.0794415416798357,1.791759469228055,7.706653398974627,-1.7638121566391332,1.3070204226603186,1.2514326509684797,0
16714.0,220,1,15.0,5.3981627015177525,0.6931471805599453,2.772588722239781,0.6855770743403773,-0.7741883749649034,-2.9899112494435807,3
16716.0,343,1,734.4,5.840641657373398,0.6931471805599453,6.600414568867172,1.0121496115344357,-0.7741883749649034,0.3005048415705385,3
16717.0,153,3,1033.91,5.0369526024136295,1.3862943611198906,6.942069745396793,0.41898519022140823,0.5389081788515271,0.5941931480596729,1
16718.0,578,1,623.75,6.361302477572996,0.6931471805599453,6.437351569715061,1.396424440472501,-0.7741883749649034,0.1603351635973717,3
16719.0,224,2,583.18,5.41610040220442,1.0986122886681098,6.3702091545165365,0.6988160325939846,-0.006076131156111717,0.10261924542062638,1
16722.0,96,6,2137.76,4.574710978503383,1.9459101490553132,7.66798150082376,0.077826773715113,1.5990431447121,1.2181901156379384,1
16723.0,93,1,165.0,4.543294782270004,0.6931471805599453,5.111987788356544,0.05463998307310084,-0.7741883749649034,-0.9789534266794719,3
16725.0,70,4,459.57,4.2626798770413155,1.6094379124341003,6.132464852829423,-0.1524684462934248,0.9616308508248114,-0.10174681175186513,1
16727.0,425,1,272.82,6.054439346269371,0.6931471805599453,5.61247095620561,1.1699434518628828,-0.7741883749649034,-0.5487358737510274,3
16729.0,7,9,3054.94,2.0794415416798357,2.302585092994046,8.024842516585817,-1.7638121566391332,2.2747274046412427,1.5249494290360894,0
16732.0,122,1,603.75,4.812184355372417,0.6931471805599453,6.404815149490137,0.25309450605324024,-0.7741883749649034,0.13236671232981584,3
16735.0,101,3,1556.74,4.624972813284271,1.3862943611198906,7.3509913318884,0.11492262808559309,0.5389081788515271,0.9457039591746856,1
16743.0,6,5,1441.07,1.9459101490553132,1.791759469228055,7.273834860356008,-1.8623652857933086,1.3070204226603186,0.879379913716938,0
16744.0,183,2,274.85,5.214935757608986,1.0986122886681098,5.61985723971844,0.550346037558324,-0.006076131156111717,-0.5423865916527252,3
16745.0,3,10,4010.88,1.3862943611198906,2.3978952727983707,8.297015238365313,-2.275390911761259,2.4552828078148976,1.7589103089615494,0
16746.0,3,5,2164.87,1.3862943611198906,1.791759469228055,7.680577407292535,-2.275390911761259,1.3070204226603186,1.2290176127567747,0
16747.0,276,2,836.06,5.6240175061873385,1.0986122886681098,6.729895752508072,0.8522696946838361,-0.006076131156111717,0.4118074418471293,1
16748.0,101,4,1249.2,4.624972813284271,1.6094379124341003,7.131058817497712,0.11492262808559309,0.9616308508248114,0.7566489934358646,1
16750.0,64,1,98.38,4.174387269895637,0.6931471805599453,4.598950886174174,-0.21763299332885333,-0.7741883749649034,-1.4199622253718824,3
16751.0,91,1,1764.72,4.5217885770490405,0.6931471805599453,7.476313818197086,0.03876728243619778,-0.7741883749649034,1.0534317247623812,1
16752.0,667,1,207.5,6.504288173536645,0.6931471805599453,5.339939041238856,1.501955338372516,-0.7741883749649034,-0.7830055177348565,3
16753.0,1,1,223.92,0.6931471805599453,0.6931471805599453,5.415744783424001,-2.7869696668833854,-0.7741883749649034,-0.7178425652204314,2
16754.0,666,1,2002.4,6.502790045915623,0.6931471805599453,7.602601016177664,1.5008496420862563,-0.7741883749649034,1.1619887607859762,1
16756.0,97,1,239.4,4.584967478670572,0.6931471805599453,5.4823042026610525,0.08539660554102044,-0.7741883749649034,-0.6606277929603217,3
16758.0,215,1,369.34,5.375278407684165,0.6931471805599453,5.914421502609669,0.6686872724634108,-0.7741883749649034,-0.2891778435825936,3
16759.0,91,3,789.79,4.5217885770490405,1.3862943611198906,6.673032445794151,0.03876728243619778,0.5389081788515271,0.36292749095683235,1
16761.0,246,1,316.62,5.5093883366279774,0.6931471805599453,5.760855699682501,0.7676673915820786,-0.7741883749649034,-0.4211836895189397,3
16764.0,122,5,1229.41,4.812184355372417,1.791759469228055,7.115102726156584,0.25309450605324024,1.3070204226603186,0.7429330664835463,1
16766.0,38,2,1145.6,3.6635616461296463,1.0986122886681098,7.044556320474283,-0.594648934560239,-0.006076131156111717,0.6822910629752686,1
16767.0,66,7,2163.62,4.204692619390966,2.0794415416798357,7.680000105400732,-0.19526606549133826,1.8520047326679574,1.2285213614877064,0
16770.0,667,1,130.8,6.504288173536645,0.6931471805599453,4.881285622068407,1.501955338372516,-0.7741883749649034,-1.1772660330001414,3
16771.0,99,4,1800.25,4.605170185988092,1.6094379124341003,7.496236147313732,0.10030725676987509,0.9616308508248114,1.0705570473142538,1
16774.0,276,1,119.32,5.6240175061873385,0.6931471805599453,4.79015486020153,0.8522696946838361,-0.7741883749649034,-1.255602440466888,3
16775.0,94,3,453.23,4.553876891600541,1.3862943611198906,6.11860367768839,0.06245013143655385,0.5389081788515271,-0.11366193943840916,1
16776.0,62,1,388.28,4.143134726391533,0.6931471805599453,5.964298879035212,-0.24069899972494663,-0.7741883749649034,-0.24630302938153112,3
16778.0,69,1,93.18,4.248495242049359,0.6931471805599453,4.545207844815408,-0.16293744640561536,-0.7741883749649034,-1.4661599823107798,3
16779.0,10,12,5394.71,2.3978952727983707,2.5649493574615367,8.593359472369698,-1.528776701112921,2.771749712715178,2.0136491281025553,0
16781.0,667,1,311.25,6.504288173536645,0.6931471805599453,5.743804149005687,1.501955338372516,-0.7741883749649034,-0.435841278179397,3
16782.0,161,4,777.15,5.087596335232384,1.6094379124341003,6.656919307651019,0.4563629052533389,0.9616308508248114,0.3490765658763171,1
16788.0,125,1,300.31,4.836281906951478,0.6931471805599453,5.70813963509761,0.2708797553971797,-0.7741883749649034,-0.4664986526638521,3
16789.0,333,1,80.8,5.811140992976701,0.6931471805599453,4.404277243608702,0.9903765832503902,-0.7741883749649034,-1.5873045527554916,3
16790.0,30,5,1454.17,3.4339872044851463,1.791759469228055,7.2828780112684806,-0.7640868409071632,1.3070204226603186,0.8871534463874713,1
16791.0,40,6,1569.88,3.713572066704308,1.9459101490553132,7.359391250869688,-0.5577386369809405,1.5990431447121,0.9529245668216082,0
16792.0,311,2,110.38,5.7430031878094825,1.0986122886681098,4.7129477781615225,0.9400873308061398,-0.006076131156111717,-1.3219699909416618,3
16794.0,5,3,467.78,1.791759469228055,1.3862943611198906,6.1501335752367075,-1.9761365238492044,0.5389081788515271,-0.08655869953202243,2
16795.0,455,1,414.88,6.1224928095143865,0.6931471805599453,6.030396757109769,1.220170455571547,-0.7741883749649034,-0.1894849999536675,3
16796.0,32,1,305.62,3.4965075614664802,0.6931471805599453,5.725609195882308,-0.7179435580787399,-0.7741883749649034,-0.4514817406589432,3
16801.0,38,1,751.9,3.6635616461296463,0.6931471805599453,6.623932416856077,-0.594648934560239,-0.7741883749649034,0.3207208881069548,1
16803.0,215,1,332.3,5.375278407684165,0.6931471805599453,5.8090429853136945,0.6686872724634108,-0.7741883749649034,-0.37976168486769,3
16806.0,281,1,173.08,5.641907070938114,0.6931471805599453,5.1595149636675774,0.8654731261072822,-0.7741883749649034,-0.9380988557899261,3
16807.0,128,1,280.6,4.859812404361672,0.6931471805599453,5.640487624283887,0.2882464892022382,-0.7741883749649034,-0.5246526214937209,3
16808.0,68,2,288.42,4.23410650459726,1.0986122886681098,5.667878920309847,-0.17355708477387338,-0.006076131156111717,-0.5011069418288637,3
16809.0,92,1,149.68,4.532599493153256,0.6931471805599453,5.015158382823841,0.04674630212701821,-0.7741883749649034,-1.062188413539926,3
16811.0,213,1,232.3,5.365976015021851,0.6931471805599453,5.452325179027384,0.6618216217166248,-0.7741883749649034,-0.6863978947647252,3
16813.0,246,3,384.55,5.5093883366279774,1.3862943611198906,5.9546708862789695,0.7676673915820786,0.5389081788515271,-0.2545792946973162,1
16814.0,7,7,1944.07,2.0794415416798357,2.0794415416798357,7.573053245122156,-1.7638121566391332,1.8520047326679574,1.136589365612263,0
16817.0,38,7,1474.85,3.6635616461296463,2.0794415416798357,7.296989373979884,-0.594648934560239,1.8520047326679574,0.8992836364201893,0
16818.0,96,4,1165.56,4.574710978503383,1.6094379124341003,7.06181452605812,0.077826773715113,0.9616308508248114,0.697126293111227,1
16820.0,216,1,497.61,5.37989735354046,0.6931471805599453,6.211824227045576,0.6720962953050397,-0.7741883749649034,-0.03352914136758849,3
16825.0,158,2,775.18,5.0689042022202315,1.0986122886681098,6.654384452047831,0.4425671366126743,-0.006076131156111717,0.34689759274657656,1
16828.0,155,1,15.0,5.049856007249537,0.6931471805599453,2.772588722239781,0.4285085756840135,-0.7741883749649034,-2.9899112494435807,3
16829.0,187,1,197.22,5.236441962829949,0.6931471805599453,5.289377524978562,0.5662187381952272,-0.7741883749649034,-0.8264684215750422,3
16830.0,334,1,325.91,5.814130531825066,0.6931471805599453,5.789684903656904,0.9925830187742288,-0.7741883749649034,-0.3964019777981505,3
16832.0,127,2,121.4,4.852030263919617,1.0986122886681098,4.807294370078226,0.2825028638493717,-0.006076131156111717,-1.240869241687726,3
16833.0,101,2,744.72,4.624972813284271,1.0986122886681098,6.614350194627261,0.11492262808559309,-0.006076131156111717,0.31248396733973954,1
16835.0,278,2,180.85,5.631211781821365,1.0986122886681098,5.203182171432998,0.8575794451611989,-0.006076131156111717,-0.9005623301385322,3
16837.0,31,6,2219.68,3.4657359027997265,1.9459101490553132,7.705568734270432,-0.7406546463948805,1.5990431447121,1.2505002683734927,0
16839.0,2,16,8470.8,1.0986122886681098,2.833213344056216,9.044498279826007,-2.48771527897133,3.279948441917203,2.401450049777991,0
16841.0,67,3,934.56,4.219507705176107,1.3862943611198906,6.841145280482693,-0.18433175982646136,0.5389081788515271,0.5074380299753598,1
16842.0,70,2,866.95,4.2626798770413155,1.0986122886681098,6.766134109314558,-0.1524684462934248,-0.006076131156111717,0.4429580942345762,1
16843.0,7,5,2841.88,2.0794415416798357,1.791759469228055,7.9525729018259534,-1.7638121566391332,1.3070204226603186,1.4628261473547233,0
16849.0,188,1,124.57,5.241747015059643,0.6931471805599453,4.8328633720008725,0.5701341433092347,-0.7741883749649034,-1.2188900141239707,3
16850.0,71,1,332.41,4.276666119016055,0.6931471805599453,5.809372963868082,-0.14214587057077066,-0.7741883749649034,-0.37947803383743145,3
16851.0,213,1,102.99,5.365976015021851,0.6931471805599453,4.644294740672142,0.6618216217166248,-0.7741883749649034,-1.3809844467458845,3
16858.0,547,1,375.69,6.306275286948016,0.6931471805599453,5.931422568022302,1.3558115050565998,-0.7741883749649034,-0.2745636522793511,3
16861.0,31,2,173.76,3.4657359027997265,1.0986122886681098,5.163413604083235,-0.7406546463948805,-0.006076131156111717,-0.9347475671809992,3
16863.0,122,2,502.8,4.812184355372417,1.0986122886681098,6.22217936391851,0.25309450605324024,-0.006076131156111717,-0.02462781974101128,1
16866.0,65,2,153.95,4.189654742026425,1.0986122886681098,5.043102484233757,-0.2063648029566139,-0.006076131156111717,-1.038167539912895,3
16871.0,32,1,329.44,3.4965075614664802,0.6931471805599453,5.800425099694305,-0.7179435580787399,-0.7741883749649034,-0.3871696576043657,3
16872.0,127,1,388.36,4.852030263919617,0.6931471805599453,5.964504365525199,0.2825028638493717,-0.7741883749649034,-0.24612639228250124,3
16873.0,92,5,6576.74,4.532599493153256,1.791759469228055,8.791446500276141,0.04674630212701821,1.3070204226603186,2.183925616678648,0
16875.0,254,2,1326.13,5.541263545158426,1.0986122886681098,7.19077399486926,0.7911929572290339,-0.006076131156111717,0.8079804250040551,1
16877.0,65,1,111.23,4.189654742026425,0.6931471805599453,4.720550337028165,-0.2063648029566139,-0.7741883749649034,-1.31543479758909,3
16880.0,65,5,1367.9,4.189654742026425,1.791759469228055,7.221762776601467,-0.2063648029566139,1.3070204226603186,0.8346185193526832,1
16881.0,245,1,432.0,5.5053315359323625,0.6931471805599453,6.07073772800249,0.7646732611753665,-0.7741883749649034,-0.1548077222845456,3
16882.0,245,1,489.42,5.5053315359323625,0.6931471805599453,6.195262166824654,0.7646732611753665,-0.7741883749649034,-0.047765961859116815,3
16883.0,219,2,276.73,5.393627546352362,1.0986122886681098,5.626649418726377,0.6822298933968988,-0.006076131156111717,-0.536548004424298,3
16884.0,303,2,429.84,5.717027701406222,1.0986122886681098,6.0657367914825695,0.9209160676594919,-0.006076131156111717,-0.15910654951823067,3
16887.0,244,1,194.88,5.501258210544727,0.6931471805599453,5.277502226834117,0.7616669346844612,-0.7741883749649034,-0.8366764805792155,3
16889.0,68,2,1228.61,4.23410650459726,1.0986122886681098,7.114452324917405,-0.17355708477387338,-0.006076131156111717,0.7423739786909561,1
16891.0,121,4,604.04,4.804021044733257,1.6094379124341003,6.405294571547774,0.24706955722334933,0.9616308508248114,0.13277882565890745,1
16892.0,61,4,374.94,4.127134385045092,1.6094379124341003,5.929429556188449,-0.2525080857850369,0.9616308508248114,-0.27627685409950925,1
16893.0,486,1,145.93,6.18826412308259,0.6931471805599453,4.989956282887855,1.2687131138433259,-0.7741883749649034,-1.0838522505271226,3
16895.0,184,1,219.14,5.220355825078324,0.6931471805599453,5.394263707595246,0.5543463299152838,-0.7741883749649034,-0.7363077933659352,3
16898.0,547,1,116.08,6.306275286948016,0.6931471805599453,4.762857461823685,1.3558115050565998,-0.7741883749649034,-1.2790674052965758,3
16899.0,32,2,389.68,3.4965075614664802,1.0986122886681098,5.967888810579276,-0.7179435580787399,-0.006076131156111717,-0.2432171082891087,1
16900.0,154,1,752.68,5.043425116919247,0.6931471805599453,6.624967874740412,0.4237622433584039,-0.7741883749649034,0.32161097230114233,3
16903.0,61,1,373.24,4.127134385045092,0.6931471805599453,5.924897302835869,-0.2525080857850369,-0.7741883749649034,-0.2801727992018763,3
16904.0,61,7,1570.81,4.127134385045092,2.0794415416798357,7.359983100544423,-0.2525080857850369,1.8520047326679574,0.9534333234294684,0
16905.0,243,2,589.1,5.497168225293202,1.0986122886681098,6.380292014063123,0.7586483123454756,-0.006076131156111717,0.11128651624872711,1
16906.0,188,2,295.94,5.241747015059643,1.0986122886681098,5.693530098191849,0.5701341433092347,-0.006076131156111717,-0.4790570754456343,3
16907.0,60,2,451.79,4.110873864173311,1.0986122886681098,6.1154284418394464,-0.26450919789877697,-0.006076131156111717,-0.11639138627030575,1
16910.0,93,3,434.4,4.543294782270004,1.3862943611198906,6.076265148800447,0.05463998307310084,0.5389081788515271,-0.15005632682818512,1
16912.0,30,4,1017.0,3.4339872044851463,1.6094379124341003,6.925595197110468,-0.7640868409071632,0.9616308508248114,0.5800315532156244,1
16914.0,275,1,208.46,5.62040086571715,0.6931471805599453,5.344532790344999,0.8496004254703785,-0.7741883749649034,-0.7790567106097223,3
16915.0,221,3,340.49,5.402677381872279,1.3862943611198906,5.833318396005235,0.6889091438060244,0.5389081788515271,-0.35889443406896354,1
16916.0,667,1,198.08,6.504288173536645,0.6931471805599453,5.293706753990353,1.501955338372516,-0.7741883749649034,-0.8227469970973238,3
16917.0,130,1,391.52,4.875197323201151,0.6931471805599453,5.972587491338293,0.2996013613683453,-0.7741883749649034,-0.23917810144933083,3
16918.0,154,4,755.24,5.043425116919247,1.6094379124341003,6.628358786117129,0.4237622433584039,0.9616308508248114,0.32452581477418285,1
16919.0,7,5,1010.08,2.0794415416798357,1.791759469228055,6.918774345464571,-1.7638121566391332,1.3070204226603186,0.5741683188603168,2
16921.0,92,1,169.79,4.532599493153256,0.6931471805599453,5.1404347316311005,0.04674630212701821,-0.7741883749649034,-0.9545003079532794,3
16923.0,65,9,4202.02,4.189654742026425,2.302585092994046,8.343558593499624,-0.2063648029566139,2.2747274046412427,1.7989191836596123,0
16924.0,184,1,252.54,5.220355825078324,0.6931471805599453,5.535521601510581,0.5543463299152838,-0.7741883749649034,-0.6148818806559027,3
16926.0,639,1,230.25,6.461468176353717,0.6931471805599453,5.443499376392535,1.4703519481149387,-0.7741883749649034,-0.6939845938909169,3
16927.0,130,1,123.35,4.875197323201151,0.6931471805599453,4.823100170249414,0.2996013613683453,-0.7741883749649034,-1.2272825056922902,3
16928.0,33,8,1090.64,3.5263605246161616,2.1972245773362196,6.995436431621971,-0.6959105149485876,2.0751326664691105,0.6400673884549463,0
16929.0,157,4,740.6,5.062595033026967,1.6094379124341003,6.608810014251645,0.43791064083188236,0.9616308508248114,0.307721603693779,1
16930.0,304,2,207.11,5.720311776607412,1.0986122886681098,5.33806678606532,0.9233398863667901,-0.006076131156111717,-0.7846149165937193,3
16931.0,68,7,1383.65,4.23410650459726,2.0794415416798357,7.23320267910427,-0.17355708477387338,1.8520047326679574,0.8444523103304055,0
16933.0,121,1,338.5,4.804021044733257,0.6931471805599453,5.827473946998751,0.24706955722334933,-0.7741883749649034,-0.36391834838078907,3
16938.0,5,3,2726.63,1.791759469228055,1.3862943611198906,7.9111883792661715,-1.9761365238492044,0.5389081788515271,1.4272518280398512,2
16942.0,183,5,1012.29,5.214935757608986,1.791759469228055,6.920957741659893,0.550346037558324,1.3070204226603186,0.5760451759227868,1
16943.0,6,1,172.1,1.9459101490553132,0.6931471805599453,5.153869462182164,-1.8623652857933086,-0.7741883749649034,-0.9429517539294315,2
16945.0,1,9,1939.8,0.6931471805599453,2.302585092994046,7.570855538189786,-2.7869696668833854,2.2747274046412427,1.1347002069766956,0
16949.0,158,3,773.58,5.0689042022202315,1.3862943611198906,6.652320946969366,0.4425671366126743,0.5389081788515271,0.3451237946204019,1
16950.0,156,2,778.41,5.056245805348308,1.0986122886681098,6.658537223204646,0.4332245798004987,-0.006076131156111717,0.3504673332687906,1
16951.0,131,1,1053.79,4.882801922586371,0.6931471805599453,6.9610969739639605,0.3052139521655124,-0.7741883749649034,0.6105490382055041,1
16953.0,91,1,20.8,4.5217885770490405,0.6931471805599453,3.0819099697950434,0.03876728243619778,-0.7741883749649034,-2.724017331844076,3
16954.0,62,4,910.2,4.143134726391533,1.6094379124341003,6.814762412132972,-0.24069899972494663,0.9616308508248114,0.48475919921781224,1
16955.0,127,4,518.67,4.852030263919617,1.6094379124341003,6.25319399473728,0.2825028638493717,0.9616308508248114,0.0020324945971805994,1
16957.0,283,1,114.84,5.648974238161206,0.6931471805599453,4.752209928637407,0.8706890639508278,-0.7741883749649034,-1.2882200720921686,3
16960.0,62,3,507.05,4.143134726391533,1.3862943611198906,6.2305798679318904,-0.24069899972494663,0.5389081788515271,-0.01740670919790512,1
16963.0,219,1,110.55,5.393627546352362,0.6931471805599453,4.714472920878541,0.6822298933968988,-0.7741883749649034,-1.3206589714913928,3
16966.0,333,1,385.8,5.811140992976701,0.6931471805599453,5.957907763579139,0.9903765832503902,-0.7741883749649034,-0.25179686060029466,3
16967.0,280,1,319.02,5.638354669333745,0.6931471805599453,5.768383493840728,0.8628512685257675,-0.7741883749649034,-0.4147127642416316,3
16968.0,213,1,186.12,5.365976015021851,0.6931471805599453,5.2317501222759235,0.6618216217166248,-0.7741883749649034,-0.8760051927693693,3
16969.0,339,1,397.36,5.8289456176102075,0.6931471805599453,5.987356119063439,1.0035173244391058,-0.7741883749649034,-0.2264829234929367,3
16971.0,334,1,357.21,5.814130531825066,0.6931471805599453,5.881119406601529,0.9925830187742288,-0.7741883749649034,-0.3178044731525432,3
16979.0,61,2,534.38,4.127134385045092,1.0986122886681098,6.282976775140115,-0.2525080857850369,-0.006076131156111717,0.027633904849157967,1
16982.0,62,1,384.06,4.143134726391533,0.6931471805599453,5.95339916630119,-0.24069899972494663,-0.7741883749649034,-0.25567247083589034,3
16983.0,5,3,731.45,1.791759469228055,1.3862943611198906,6.596395079175779,-1.9761365238492044,0.5389081788515271,0.2970496703876914,2
16984.0,2,2,4481.35,1.0986122886681098,1.0986122886681098,8.407902741450327,-2.48771527897133,-0.006076131156111717,1.8542296988874996,2
16985.0,2,4,1977.98,1.0986122886681098,1.6094379124341003,7.5903368394373,-2.48771527897133,0.9616308508248114,1.1514464200143633,2
16986.0,61,2,1873.2,4.127134385045092,1.0986122886681098,7.535937180689723,-0.2525080857850369,-0.006076131156111717,1.1046842318530565,1
16987.0,181,1,231.93,5.204006687076795,0.6931471805599453,5.450737979243263,0.5422798137399087,-0.7741883749649034,-0.687762258745372,3
16988.0,243,1,126.12,5.497168225293202,0.6931471805599453,4.845131522228461,0.7586483123454756,-0.7741883749649034,-1.2083442577250993,3
16989.0,4,4,1029.3,1.6094379124341003,1.6094379124341003,6.937605300951022,-2.1106993377399443,0.9616308508248114,0.5903554917946295,2
16990.0,220,1,179.0,5.3981627015177525,0.6931471805599453,5.19295685089021,0.6855770743403773,-0.7741883749649034,-0.9093520610714091,3
16992.0,275,2,728.71,5.62040086571715,1.0986122886681098,6.592647194939698,0.8496004254703785,-0.006076131156111717,0.2938279724599955,1
16996.0,64,3,1087.02,4.174387269895637,1.3862943611198906,6.992114809599876,-0.21763299332885333,0.5389081788515271,0.637212107418742,1
16997.0,284,1,78.0,5.652489180268651,0.6931471805599453,4.3694478524670215,0.8732832744707352,-0.7741883749649034,-1.6172440520025078,3
16998.0,131,1,90.0,4.882801922586371,0.6931471805599453,4.51085950651685,0.3052139521655124,-0.7741883749649034,-1.495685966398262,3
17001.0,90,4,1376.78,4.51085950651685,1.6094379124341003,7.228228787158834,0.030701058617782478,0.9616308508248114,0.8401767307330085,1
17002.0,128,1,480.46,4.859812404361672,0.6931471805599453,6.176823154059433,0.2882464892022382,-0.7741883749649034,-0.06361621909026902,3
17004.0,124,1,1006.4,4.8283137373023015,0.6931471805599453,6.91512803331155,0.26499883079118963,-0.7741883749649034,0.5710339327461391,1
17006.0,121,2,355.91,4.804021044733257,1.0986122886681098,5.877483649156544,0.24706955722334933,-0.006076131156111717,-0.3209297863928369,3
17007.0,97,2,250.66,4.584967478670572,1.0986122886681098,5.528078970163822,0.08539660554102044,-0.006076131156111717,-0.6212795996024005,3
17011.0,91,1,270.9,4.5217885770490405,0.6931471805599453,5.605434351638425,0.03876728243619778,-0.7741883749649034,-0.5547845702752877,3
17014.0,153,3,586.33,5.0369526024136295,1.3862943611198906,6.3755868424430115,0.41898519022140823,0.5389081788515271,0.10724192983593657,1
17015.0,30,2,797.08,3.4339872044851463,1.0986122886681098,6.682208843051617,-0.7640868409071632,-0.006076131156111717,0.3708155627770558,1
17017.0,152,5,2164.22,5.030437921392435,1.791759469228055,7.680277251902146,0.41417701599764817,1.3070204226603186,1.2287595978506858,1
17019.0,547,1,358.82,6.306275286948016,0.6931471805599453,5.885603906408473,1.3558115050565998,-0.7741883749649034,-0.313949577210002,3
17022.0,122,1,71.0,4.812184355372417,0.6931471805599453,4.276666119016055,0.25309450605324024,-0.7741883749649034,-1.6969996419722622,3
17024.0,218,2,56.25,5.389071729816501,1.0986122886681098,4.047427642434349,0.6788674632848729,-0.006076131156111717,-1.8940540541233784,3
17025.0,62,3,357.77,4.143134726391533,1.3862943611198906,5.882681514648826,-0.24069899972494663,0.5389081788515271,-0.31646167814026355,1
17026.0,158,2,154.83,5.0689042022202315,1.0986122886681098,5.048765669457524,0.4425671366126743,-0.006076131156111717,-1.0332994407533962,3
17027.0,342,1,13.2,5.8377304471659395,0.6931471805599453,2.653241964607215,1.0100009866310964,-0.7741883749649034,-3.0925022521326286,3
17030.0,154,1,146.87,5.043425116919247,0.6931471805599453,4.996333509385396,0.4237622433584039,-0.7741883749649034,-1.0783703583187716,3
17031.0,126,1,225.95,4.844187086458591,0.6931471805599453,5.4247297289024745,0.2767141899944595,-0.7741883749649034,-0.7101190661993615,3
17033.0,97,1,300.3,4.584967478670572,0.6931471805599453,5.708106446136256,0.08539660554102044,-0.7741883749649034,-0.46652718204237137,3
17035.0,129,2,433.53,4.867534450455582,1.0986122886681098,6.07426498720113,0.2939457617932729,-0.006076131156111717,-0.1517756746184769,1
17038.0,91,1,112.4,4.5217885770490405,0.6931471805599453,4.730921391293652,0.03876728243619778,-0.7741883749649034,-1.3065197933012103,3
17042.0,64,4,822.2,4.174387269895637,1.6094379124341003,6.71319918451984,-0.21763299332885333,0.9616308508248114,0.39745499788168737,1
17043.0,153,1,641.36,5.0369526024136295,0.6931471805599453,6.46514889419329,0.41898519022140823,-0.7741883749649034,0.18422986712232234,3
17045.0,187,2,148.35,5.236441962829949,1.0986122886681098,5.006292544662119,0.5662187381952272,-0.006076131156111717,-1.069809527382751,3
17046.0,218,1,642.02,5.389071729816501,0.6931471805599453,6.466175827952961,0.6788674632848729,-0.7741883749649034,0.18511262394110603,3
17048.0,10,2,760.4,2.3978952727983707,1.0986122886681098,6.635158843948397,-1.528776701112921,-0.006076131156111717,0.3303711746741231,2
17049.0,97,5,2672.37,4.584967478670572,1.791759469228055,7.891095127809114,0.08539660554102044,1.3070204226603186,1.4099795798853678,1
17050.0,191,4,2556.5,5.2574953720277815,1.6094379124341003,7.846785497825781,0.5817572517614268,0.9616308508248114,1.371890825243487,1
17052.0,30,1,413.75,3.4339872044851463,0.6931471805599453,6.027675929070554,-0.7640868409071632,-0.7741883749649034,-0.19182383581502296,3
17053.0,337,1,498.48,5.823045895483019,0.6931471805599453,6.213567557246944,0.9991630219387977,-0.7741883749649034,-0.032030566987151156,3
17054.0,30,2,463.08,3.4339872044851463,1.0986122886681098,6.140056951157809,-0.7640868409071632,-0.006076131156111717,-0.09522061032441684,1
17059.0,61,2,1567.3,4.127134385045092,1.0986122886681098,7.357747509140379,-0.2525080857850369,-0.006076131156111717,0.9515115991338653,1
17061.0,220,1,484.12,5.3981627015177525,0.6931471805599453,6.184396283013952,0.6855770743403773,-0.7741883749649034,-0.057106323820809664,3
17062.0,455,2,294.43,6.1224928095143865,1.0986122886681098,5.688431922151257,1.220170455571547,-0.006076131156111717,-0.4834394902029742,3
17064.0,1,2,711.5,0.6931471805599453,1.0986122886681098,6.568779912142806,-2.7869696668833854,-0.006076131156111717,0.2733115502113524,2
17068.0,184,6,1139.8,5.220355825078324,1.9459101490553132,7.039485049660032,0.5543463299152838,1.5990431447121,0.6779317760699346,1
17069.0,30,5,1826.93,3.4339872044851463,1.791759469228055,7.510939458064261,-0.7640868409071632,1.3070204226603186,1.0831960785092987,0
17071.0,2,5,1587.35,1.0986122886681098,1.791759469228055,7.370451020544573,-2.48771527897133,1.3070204226603186,0.96243159393289,2
17076.0,38,3,841.08,3.6635616461296463,1.3862943611198906,6.735875021605469,-0.594648934560239,0.5389081788515271,0.41694724810762374,1
17078.0,274,2,378.2,5.616771097666572,1.0986122886681098,5.938063770380866,0.8469214674182133,-0.006076131156111717,-0.2688548452489697,3
17082.0,183,1,1366.91,5.214935757608986,0.6931471805599453,7.221039306544589,0.550346037558324,-0.7741883749649034,0.8339966212800175,1
17083.0,100,1,691.36,4.61512051684126,0.6931471805599453,6.540106051558198,0.10765111968049784,-0.7741883749649034,0.2486633723580635,3
17084.0,244,2,2949.75,5.501258210544727,1.0986122886681098,7.989814654309178,0.7616669346844612,-0.006076131156111717,1.49483932312037,1
17085.0,125,3,1045.24,4.836281906951478,1.3862943611198906,6.952958063812966,0.2708797553971797,0.5389081788515271,0.603552794907825,1
17086.0,91,4,1482.51,4.5217885770490405,1.6094379124341003,7.302166180523796,0.03876728243619778,0.9616308508248114,0.9037336423072546,1
17088.0,30,2,622.56,3.4339872044851463,1.0986122886681098,6.43544499144448,-0.7640868409071632,-0.006076131156111717,0.15869626045191462,1
17090.0,2,3,1092.5,1.0986122886681098,1.3862943611198906,6.997138840116823,-2.48771527897133,0.5389081788515271,0.6415307863547948,2
17091.0,122,7,2727.49,4.812184355372417,2.0794415416798357,7.9115036216021615,0.25309450605324024,1.8520047326679574,1.4275228117513554,0
17092.0,161,2,633.07,5.087596335232384,1.0986122886681098,6.452159358437117,0.4563629052533389,-0.006076131156111717,0.1730640045205604,1
17095.0,101,1,313.15,4.624972813284271,0.6931471805599453,5.749870578848956,0.11492262808559309,-0.7741883749649034,-0.4306265481548092,3
17096.0,1,1,263.61,0.6931471805599453,0.6931471805599453,5.578257043861657,-2.7869696668833854,-0.7741883749649034,-0.5781463046911597,2
17097.0,152,2,318.87,5.030437921392435,1.0986122886681098,5.767914663251885,0.41417701599764817,-0.006076131156111717,-0.4151157730971285,3
17101.0,61,1,471.0,4.127134385045092,0.6931471805599453,6.156978985585555,-0.2525080857850369,-0.7741883749649034,-0.08067435440663273,3
17105.0,192,2,665.78,5.262690188904886,1.0986122886681098,6.50246015642561,0.5855912974383196,-0.006076131156111717,0.21630279377687303,1
17107.0,156,4,6209.12,5.056245805348308,1.6094379124341003,8.733935498412322,0.4332245798004987,0.9616308508248114,2.13448890416212,1
17109.0,61,3,311.28,4.127134385045092,1.3862943611198906,5.74390022125209,-0.2525080857850369,0.5389081788515271,-0.4357586940498852,1
17114.0,101,4,477.47,4.624972813284271,1.6094379124341003,6.170593513002772,0.11492262808559309,0.9616308508248114,-0.06897124619844874,1
17115.0,66,2,527.48,4.204692619390966,1.0986122886681098,6.27000496164248,-0.19526606549133826,-0.006076131156111717,0.016483276379510747,1
17119.0,31,2,606.91,3.4657359027997265,1.0986122886681098,6.410026844693401,-0.7406546463948805,-0.006076131156111717,0.1368467086633455,1
17122.0,3,1,138.32,1.3862943611198906,0.6931471805599453,4.9367734454978,-2.275390911761259,-0.7741883749649034,-1.1295684536475459,2
17123.0,338,1,345.3,5.82600010738045,0.6931471805599453,5.847305451408376,1.0013433843311454,-0.7741883749649034,-0.3468710991502783,3
17124.0,158,1,298.89,5.0689042022202315,0.6931471805599453,5.703415740750875,0.4425671366126743,-0.7741883749649034,-0.4705593332155657,3
17126.0,65,4,702.08,4.189654742026425,1.6094379124341003,6.555470683344698,-0.2063648029566139,0.9616308508248114,0.26187087805149745,1
17128.0,101,1,157.09,4.624972813284271,0.6931471805599453,5.063164491108096,0.11492262808559309,-0.7741883749649034,-1.0209221497404235,3
17131.0,183,2,1180.73,5.214935757608986,1.0986122886681098,7.074734745476822,0.550346037558324,-0.006076131156111717,0.7082325710815761,1
17133.0,160,3,2194.97,5.081404364984463,1.3862943611198906,7.69437914133392,0.4517929084041481,0.5389081788515271,1.2408816446101787,1
17135.0,303,3,400.0,5.717027701406222,1.3862943611198906,5.993961427306569,0.9209160676594919,0.5389081788515271,-0.2208049712035312,1
17138.0,99,1,380.5,4.605170185988092,0.6931471805599453,5.9441108507245115,0.10030725676987509,-0.7741883749649034,-0.2636567481401588,3
17139.0,2,5,4605.08,1.0986122886681098,1.791759469228055,8.435132448879385,-2.48771527897133,1.3070204226603186,1.8776364762771032,0
17140.0,190,1,465.32,5.25227342804663,0.6931471805599453,6.144872093737295,0.5779031848675285,-0.7741883749649034,-0.09108149238674292,3
17144.0,120,1,388.68,4.795790545596741,0.6931471805599453,5.9653258894982875,0.2409950197796698,-0.7741883749649034,-0.24542020662816041,3
17147.0,343,1,409.5,5.840641657373398,0.6931471805599453,6.017375928892483,1.0121496115344357,-0.7741883749649034,-0.20067776169392196,3
17157.0,302,1,157.54,5.713732805509369,0.6931471805599453,5.06600692740901,0.9184842627146785,-0.7741883749649034,-1.0184787788774439,3
17158.0,153,1,568.42,5.0369526024136295,0.6931471805599453,6.344618298919738,0.41898519022140823,-0.7741883749649034,0.08062123234155336,3
17160.0,7,3,1599.98,2.0794415416798357,1.3862943611198906,7.378371220726307,-1.7638121566391332,0.5389081788515271,0.9692398331700516,2
17162.0,30,9,1417.08,3.4339872044851463,2.302585092994046,7.257059122990087,-0.7640868409071632,2.2747274046412427,0.8649594154029707,0
17164.0,34,6,1721.51,3.5553480614894135,1.9459101490553132,7.451537808386202,-0.6745162015277419,1.5990431447121,1.0321341567383064,0
17166.0,334,1,78.75,5.814130531825066,0.6931471805599453,4.378896741664954,0.9925830187742288,-0.7741883749649034,-1.6091217449005588,3
17169.0,96,1,308.68,4.574710978503383,0.6931471805599453,5.735539506269393,0.077826773715113,-0.7741883749649034,-0.4429456017655771,3
17173.0,1,3,1239.16,0.6931471805599453,1.3862943611198906,7.122995682533201,-2.7869696668833854,0.5389081788515271,0.7497178868248833,2
17174.0,189,1,59.9,5.247024072160486,0.6931471805599453,4.109233174715851,0.5740288865586801,-0.7741883749649034,-1.8409257441946683,3
17175.0,5,1,302.62,1.791759469228055,0.6931471805599453,5.715776919504569,-1.9761365238492044,-0.7741883749649034,-0.4599336090826633,2
17180.0,7,2,317.32,2.0794415416798357,1.0986122886681098,5.763057166118673,-1.7638121566391332,-0.006076131156111717,-0.41929129919721375,2
17181.0,698,1,155.52,6.54965074223381,0.6931471805599453,5.053183797342212,1.5354352789595793,-0.7741883749649034,-1.0295015984098779,3
17183.0,153,2,1343.84,5.0369526024136295,1.0986122886681098,7.204030325851937,0.41898519022140823,-0.006076131156111717,0.8193756259669309,1
17186.0,62,1,72.0,4.143134726391533,0.6931471805599453,4.290459441148391,-0.24069899972494663,-0.7741883749649034,-1.6851428410332208,3
17188.0,61,3,1252.38,4.127134385045092,1.3862943611198906,7.133599181065214,-0.2525080857850369,0.5389081788515271,0.7588327012361815,1
17190.0,1,1,249.74,0.6931471805599453,0.6931471805599453,5.524416545687879,-2.7869696668833854,-0.7741883749649034,-0.624427835940891,2
17191.0,30,7,2095.13,3.4339872044851463,2.0794415416798357,7.647848066418356,-0.7640868409071632,1.8520047326679574,1.2008833260426675,0
17193.0,1,3,190.96,0.6931471805599453,1.3862943611198906,5.257287016990045,-2.7869696668833854,0.5389081788515271,-0.8540535647045993,2
17194.0,38,1,10.0,3.6635616461296463,0.6931471805599453,2.3978952727983707,-0.594648934560239,-0.7741883749649034,-3.311999401997825,3
17197.0,61,1,1013.01,4.127134385045092,0.6931471805599453,6.921668046035439,-0.2525080857850369,-0.7741883749649034,0.5766557567173318,1
17198.0,455,2,521.66,6.1224928095143865,1.0986122886681098,6.258931157058855,1.220170455571547,-0.006076131156111717,0.006964184798370132,3
17203.0,62,4,2262.93,4.143134726391533,1.6094379124341003,7.7248575201171645,-0.24069899972494663,0.9616308508248114,1.2670809943179955,1
17204.0,7,1,461.25,2.0794415416798357,0.6931471805599453,6.136105870267234,-1.7638121566391332,-0.7741883749649034,-0.09861697699838681,2
17211.0,5,3,808.47,1.791759469228055,1.3862943611198906,6.696379712517428,-1.9761365238492044,0.5389081788515271,0.38299690508003603,2
17213.0,486,1,312.9,6.18826412308259,0.6931471805599453,5.749074463847908,1.2687131138433259,-0.7741883749649034,-0.4313108921439837,3
17214.0,62,3,498.07,4.143134726391533,1.3862943611198906,6.212746366474243,-0.24069899972494663,0.5389081788515271,-0.03273646622095987,1
17218.0,32,6,1091.14,3.4965075614664802,1.9459101490553132,6.995894353215481,-0.7179435580787399,1.5990431447121,0.6404610198896249,0
17219.0,122,1,114.23,4.812184355372417,0.6931471805599453,4.746930131025923,0.25309450605324024,-0.7741883749649034,-1.2927586095581376,3
17220.0,187,6,1147.7,5.236441962829949,1.9459101490553132,7.046386147151359,0.5662187381952272,1.5990431447121,0.6838639901102171,1
17221.0,274,2,335.13,5.616771097666572,1.0986122886681098,5.817497989896762,0.8469214674182133,-0.006076131156111717,-0.37249372539293063,3
17222.0,215,1,354.15,5.375278407684165,0.6931471805599453,5.872540235443819,0.6686872724634108,-0.7741883749649034,-0.3251791667660905,3
17223.0,312,2,426.79,5.746203190540153,1.0986122886681098,6.058632420966027,0.9424490996472412,-0.006076131156111717,-0.16521349795339915,3
17226.0,253,1,393.49,5.537334267018537,0.6931471805599453,5.977593791422191,0.7882929451165858,-0.7741883749649034,-0.2348746636722394,3
17227.0,62,2,249.36,4.143134726391533,1.0986122886681098,5.5228998820565005,-0.24069899972494663,-0.006076131156111717,-0.6257315667315021,3
17228.0,154,4,911.64,5.043425116919247,1.6094379124341003,6.816341498345822,0.4237622433584039,0.9616308508248114,0.48611658873657454,1
17229.0,246,1,161.05,5.5093883366279774,0.6931471805599453,5.087904929587556,0.7676673915820786,-0.7741883749649034,-0.9996551589907565,3
17230.0,312,1,675.0,5.746203190540153,0.6931471805599453,6.516193076042964,0.9424490996472412,-0.7741883749649034,0.2281076724458851,3
17231.0,128,4,1357.29,4.859812404361672,1.6094379124341003,7.213981834657488,0.2882464892022382,0.9616308508248114,0.8279299871149194,1
17232.0,152,1,213.48,5.030437921392435,0.6931471805599453,5.3682164939277035,0.41417701599764817,-0.7741883749649034,-0.7586980938685766,3
17233.0,244,1,190.88,5.501258210544727,0.6931471805599453,5.256870176633863,0.7616669346844612,-0.7741883749649034,-0.8544118825252942,3
17234.0,66,1,149.89,4.204692619390966,0.6931471805599453,5.01655109452556,-0.19526606549133826,-0.7741883749649034,-1.060991232378323,3
17235.0,667,1,341.9,6.504288173536645,0.6931471805599453,5.837438859468874,1.501955338372516,-0.7741883749649034,-0.35535246538323023,3
17236.0,37,2,244.73,3.6375861597263857,1.0986122886681098,5.50423337219562,-0.6138201977068869,-0.006076131156111717,-0.6417773814760339,3
17238.0,30,8,1967.6,3.4339872044851463,2.1972245773362196,7.585077909195111,-0.7640868409071632,2.0751326664691105,1.1469258202316788,0
17242.0,5,1,709.44,1.791759469228055,0.6931471805599453,6.565884496399126,-1.9761365238492044,-0.7741883749649034,0.270822637984174,2
17243.0,30,13,4359.81,3.4339872044851463,2.6390573296152584,8.380413098904661,-0.7640868409071632,2.9121396985285304,1.8305994801177037,0
17248.0,33,1,318.65,3.5263605246161616,0.6931471805599453,5.767226647212736,-0.6959105149485876,-0.7741883749649034,-0.41570719473875983,3
17250.0,182,1,221.87,5.209486152841421,0.6931471805599453,5.406588641831824,0.5463239451354044,-0.7741883749649034,-0.7257132251808492,3
17251.0,364,1,283.28,5.8998973535824915,0.6931471805599453,5.6499596679586945,1.0558834045162586,-0.7741883749649034,-0.516510410700658,3
17252.0,188,1,341.96,5.241747015059643,0.6931471805599453,5.837613822289722,0.5701341433092347,-0.7741883749649034,-0.35520206656569975,3
17254.0,213,1,102.13,5.365976015021851,0.6931471805599453,4.635990328327978,0.6618216217166248,-0.7741883749649034,-1.388122956463543,3
17259.0,547,1,381.64,6.306275286948016,0.6931471805599453,5.947094599372042,1.3558115050565998,-0.7741883749649034,-0.2610919045566857,3
17262.0,486,1,268.86,6.18826412308259,0.6931471805599453,5.5979033060026415,1.2687131138433259,-0.7741883749649034,-0.5612582905371373,3
17265.0,5,1,384.09,1.791759469228055,0.6931471805599453,5.953477073202482,-1.9761365238492044,-0.7741883749649034,-0.2556055017176798,2
17266.0,152,2,197.58,5.030437921392435,1.0986122886681098,5.2911920416054485,0.41417701599764817,-0.006076131156111717,-0.8249086550272039,3
17267.0,246,2,317.62,5.5093883366279774,1.0986122886681098,5.763999170144749,0.7676673915820786,-0.006076131156111717,-0.4184815483544656,3
17268.0,4,3,311.48,1.6094379124341003,1.3862943611198906,5.744540467128369,-2.1106993377399443,0.5389081788515271,-0.43520833585232843,2
17274.0,244,1,111.98,5.501258210544727,0.6931471805599453,4.727210811897116,0.7616669346844612,-0.7741883749649034,-1.3097094238232219,3
17278.0,7,1,246.04,2.0794415416798357,0.6931471805599453,5.509550266836412,-1.7638121566391332,-0.7741883749649034,-0.6372069552389833,2
17282.0,337,1,687.0,5.823045895483019,0.6931471805599453,6.5337888379333435,0.9991630219387977,-0.7741883749649034,0.24323306748149492,3
17284.0,33,3,1147.52,3.5263605246161616,1.3862943611198906,7.046229435995816,-0.6959105149485876,0.5389081788515271,0.6837292805052089,1
17287.0,341,3,367.94,5.834810737062605,1.3862943611198906,5.910634029193433,1.007846088361475,0.5389081788515271,-0.2924335725453026,1
17288.0,341,1,127.3,5.834810737062605,0.6931471805599453,4.8543712716215905,1.007846088361475,-0.7741883749649034,-1.200401728127814,3
17289.0,5,3,944.41,1.791759469228055,1.3862943611198906,6.851618695836513,-1.9761365238492044,0.5389081788515271,0.5164410243091923,2
17290.0,182,1,172.21,5.209486152841421,0.6931471805599453,5.154504731182189,0.5463239451354044,-0.7741883749649034,-0.9424056738767964,3
17291.0,253,1,550.8,5.537334267018537,0.6931471805599453,6.313185661783185,0.7882929451165858,-0.7741883749649034,0.05360159791689724,3
17293.0,1,7,1278.63,0.6931471805599453,2.0794415416798357,7.154326252627046,-2.7869696668833854,1.8520047326679574,0.7766497839665109,0
17295.0,30,3,556.95,3.4339872044851463,1.3862943611198906,6.324269352631711,-0.7640868409071632,0.5389081788515271,0.06312918777523581,1
17298.0,156,1,107.64,5.056245805348308,0.6931471805599453,4.688039663810386,0.4332245798004987,-0.7741883749649034,-1.343381116615002,3
17299.0,32,1,309.86,3.4965075614664802,0.6931471805599453,5.739342650054752,-0.7179435580787399,-0.7741883749649034,-0.4396764024840027,3
17302.0,94,3,876.81,4.553876891600541,1.3862943611198906,6.777430169305899,0.06245013143655385,0.5389081788515271,0.45266823755087054,1
17306.0,130,5,2361.3,4.875197323201151,1.791759469228055,7.767390999699713,0.2996013613683453,1.3070204226603186,1.3036429621903183,1
17309.0,216,1,82.75,5.37989735354046,0.6931471805599453,4.427836170705175,0.6720962953050397,-0.7741883749649034,-1.5670531944358426,3
17312.0,156,2,399.5,5.056245805348308,1.0986122886681098,5.992713766508414,0.4332245798004987,-0.006076131156111717,-0.22187746596449168,3
17313.0,122,1,2328.84,4.812184355372417,0.6931471805599453,7.7535548746739895,0.25309450605324024,-0.7741883749649034,1.2917493676941016,1
17314.0,1,3,1348.75,0.6931471805599453,1.3862943611198906,7.207674669098396,-2.7869696668833854,0.5389081788515271,0.8225083196002877,2
17315.0,6,14,2408.46,1.9459101490553132,2.70805020110221,7.787157934988035,-1.8623652857933086,3.0428396484500335,1.3206347075175089,0
17317.0,32,1,2027.94,3.4965075614664802,0.6931471805599453,7.615268768171229,-0.7179435580787399,-0.7741883749649034,1.1728780166368737,1
17320.0,547,1,450.92,6.306275286948016,0.6931471805599453,6.113505173017007,1.3558115050565998,-0.7741883749649034,-0.11804463668823596,3
17321.0,276,2,700.86,5.6240175061873385,1.0986122886681098,6.5537339539375346,0.8522696946838361,-0.006076131156111717,0.26037797774306193,1
17323.0,92,3,419.01,4.532599493153256,1.3862943611198906,6.040278520517782,0.04674630212701821,0.5389081788515271,-0.18099059225903144,1
17324.0,10,2,702.23,2.3978952727983707,1.0986122886681098,6.555684007577006,-1.528776701112921,-0.006076131156111717,0.2620542525086213,2
17325.0,252,1,96.8,5.53338948872752,0.6931471805599453,4.582924577040772,0.785381493084536,-0.7741883749649034,-1.433738511850165,3
17330.0,276,1,264.9,5.6240175061873385,0.6931471805599453,5.583120298248974,0.8522696946838361,-0.7741883749649034,-0.5739658296298866,3
17331.0,125,1,175.2,4.836281906951478,0.6931471805599453,5.171619713502079,0.2708797553971797,-0.7741883749649034,-0.9276935590943518,3
17334.0,70,2,307.02,4.2626798770413155,1.0986122886681098,5.73016471593032,-0.1524684462934248,-0.006076131156111717,-0.44756579540189295,3
17337.0,5,4,2027.87,1.791759469228055,1.6094379124341003,7.61523426680226,-1.9761365238492044,0.9616308508248114,1.1728483591069427,2
17338.0,10,2,1387.78,2.3978952727983707,1.0986122886681098,7.236180942880733,-1.528776701112921,-0.006076131156111717,0.8470124390943594,2
17339.0,185,2,243.36,5.225746673713202,1.0986122886681098,5.498642547781566,0.5583250572491445,-0.006076131156111717,-0.6465832789622654,3
17340.0,33,6,9190.58,3.5263605246161616,1.9459101490553132,9.12604312657868,-0.6959105149485876,1.5990431447121,2.471546362056848,0
17341.0,187,3,781.36,5.236441962829949,1.3862943611198906,6.662314992669317,0.5662187381952272,0.5389081788515271,0.35371472067165466,1
17345.0,155,1,155.8,5.049856007249537,0.6931471805599453,5.054971107916307,0.4285085756840135,-0.7741883749649034,-1.0279652183057972,3
17346.0,1,5,887.05,0.6931471805599453,1.791759469228055,6.789028047713336,-2.7869696668833854,1.3070204226603186,0.46263782531753406,2
17348.0,30,2,321.3,3.4339872044851463,1.0986122886681098,5.775482788821392,-0.7640868409071632,-0.006076131156111717,-0.4086101787596368,1
17350.0,333,2,394.98,5.811140992976701,1.0986122886681098,5.981363704928553,0.9903765832503902,-0.006076131156111717,-0.23163402928601326,3
17351.0,38,2,358.45,3.6635616461296463,1.0986122886681098,5.884575085429881,-0.594648934560239,-0.006076131156111717,-0.3148339562905488,1
17353.0,126,2,1740.0,4.844187086458591,1.0986122886681098,7.462214939768189,0.2767141899944595,-0.006076131156111717,1.0413122662743286,1
17356.0,343,1,178.22,5.840641657373398,0.6931471805599453,5.188614101456073,1.0121496115344357,-0.7741883749649034,-0.9130851077641989,3
17358.0,100,1,119.15,4.61512051684126,0.6931471805599453,4.788740962182478,0.10765111968049784,-0.7741883749649034,-1.2568178334809246,3
17360.0,127,1,330.95,4.852030263919617,0.6931471805599453,5.8049843551651685,0.2825028638493717,-0.7741883749649034,-0.38325050136124894,3
17361.0,188,1,218.92,5.241747015059643,0.6931471805599453,5.393263843856991,0.5701341433092347,-0.7741883749649034,-0.7371672806741354,3
17362.0,284,1,150.0,5.652489180268651,0.6931471805599453,5.017279836814924,0.8732832744707352,-0.7741883749649034,-1.060364802271206,3
17364.0,10,6,2662.19,2.3978952727983707,1.9459101490553132,7.88727993137242,-1.528776701112921,1.5990431447121,1.4067000200911988,0
17365.0,40,2,742.66,3.713572066704308,1.0986122886681098,6.611583941134371,-0.5577386369809405,-0.006076131156111717,0.3101060835567432,1
17368.0,153,3,750.87,5.0369526024136295,1.3862943611198906,6.622563436665269,0.41898519022140823,0.5389081788515271,0.31954410665748456,1
17370.0,124,1,117.36,4.8283137373023015,0.6931471805599453,4.773730827532009,0.26499883079118963,-0.7741883749649034,-1.2697206118624724,3
17372.0,62,4,670.2,4.143134726391533,1.6094379124341003,6.509067155152996,-0.24069899972494663,0.9616308508248114,0.22198219921404944,1
17374.0,220,2,495.77,5.3981627015177525,1.0986122886681098,6.208127142322502,0.6855770743403773,-0.006076131156111717,-0.036707171808383635,1
17376.0,343,1,105.85,5.840641657373398,0.6931471805599453,4.671425981765156,1.0121496115344357,-0.7741883749649034,-1.3576623114558752,3
17377.0,32,10,2199.38,3.4965075614664802,2.3978952727983707,7.696385351703497,-0.7179435580787399,2.4552828078148976,1.2426061919502387,0
17381.0,3,22,17101.25,1.3862943611198906,3.1354942159291497,9.746965312782368,-2.275390911761259,3.852588686692241,3.005293829840004,0
17382.0,215,1,65.4,5.375278407684165,0.6931471805599453,4.1956970564823886,0.6686872724634108,-0.7741883749649034,-1.766601007580325,3
17383.0,212,1,199.29,5.3612921657094255,0.6931471805599453,5.299766316313141,0.6583646967407566,-0.7741883749649034,-0.8175381704238293,3
17384.0,250,1,227.65,5.5254529391317835,0.6931471805599453,5.432192450104064,0.7795239057264338,-0.7741883749649034,-0.7037040779244645,3
17386.0,302,3,1145.02,5.713732805509369,1.3862943611198906,7.044050349129381,0.9184842627146785,0.5389081788515271,0.6818561277609814,1
17387.0,183,1,346.44,5.214935757608986,0.6931471805599453,5.850591988226566,0.550346037558324,-0.7741883749649034,-0.34404597751110794,3
17388.0,6,1,381.6,1.9459101490553132,0.6931471805599453,5.946990057006152,-1.8623652857933086,-0.7741883749649034,-0.2611817696385097,2
17389.0,10,16,20486.0,2.3978952727983707,2.833213344056216,9.927545817629198,-1.528776701112921,3.279948441917203,3.1605216334755806,0
17392.0,192,1,145.5,5.262690188904886,0.6931471805599453,4.987025428457122,0.5855912974383196,-0.7741883749649034,-1.086371626007018,3
17394.0,250,1,203.87,5.5254529391317835,0.6931471805599453,5.3223756316411075,0.7795239057264338,-0.7741883749649034,-0.7981031025960962,3
17396.0,276,2,2431.5,5.6240175061873385,1.0986122886681098,7.79667481406016,0.8522696946838361,-0.006076131156111717,1.3288154590171481,1
17400.0,217,1,817.44,5.384495062789089,0.6931471805599453,6.707400089298359,0.6754896444230828,-0.7741883749649034,0.3924700698847942,3
17402.0,91,5,1285.95,4.5217885770490405,1.791759469228055,7.1600303568025945,0.03876728243619778,1.3070204226603186,0.7815530572386173,1
17403.0,275,1,281.62,5.62040086571715,0.6931471805599453,5.6441032391546,0.8496004254703785,-0.7741883749649034,-0.5215446228996921,3
17404.0,6,6,6435.38,1.9459101490553132,1.9459101490553132,8.76972154925309,-1.8623652857933086,1.5990431447121,2.165250752333468,0
17405.0,4,2,541.71,1.6094379124341003,1.0986122886681098,6.296575107286181,-2.1106993377399443,-0.006076131156111717,0.03932309153036263,2
17406.0,71,3,2200.42,4.276666119016055,1.3862943611198906,7.6968578856756675,-0.14214587057077066,0.5389081788515271,1.2430123842504843,1
17409.0,127,2,771.85,4.852030263919617,1.0986122886681098,6.6500849805983275,0.2825028638493717,-0.006076131156111717,0.34320174800150666,1
17410.0,1,4,978.38,0.6931471805599453,1.6094379124341003,6.886919718393998,-2.7869696668833854,0.9616308508248114,0.5467859400149951,2
17412.0,31,4,685.46,3.4657359027997265,1.6094379124341003,6.531547956940908,-0.7406546463948805,0.9616308508248114,0.2413067962322281,1
17414.0,127,1,598.0,4.852030263919617,0.6931471805599453,6.395261598115449,0.2825028638493717,-0.7741883749649034,0.12415443715609055,3
17416.0,61,2,3129.32,4.127134385045092,1.0986122886681098,8.048890514730138,-0.2525080857850369,-0.006076131156111717,1.5456211949996501,1
17419.0,130,6,1844.81,4.875197323201151,1.9459101490553132,7.52067348452186,0.2996013613683453,1.5990431447121,1.0915634908654963,1
17420.0,698,1,130.85,6.54965074223381,0.6931471805599453,4.8816649127992955,1.5354352789595793,-0.7741883749649034,-1.1769399930040458,3
17422.0,5,3,1084.65,1.791759469228055,1.3862943611198906,6.989934164939781,-1.9761365238492044,0.5389081788515271,0.6353376155881686,2
17423.0,189,1,449.42,5.247024072160486,0.6931471805599453,6.110180480812966,0.5740288865586801,-0.7741883749649034,-0.12090255686647079,3
17425.0,62,1,688.97,4.143134726391533,0.6931471805599453,6.536648118385228,-0.24069899972494663,-0.7741883749649034,0.24569091765142706,3
17426.0,93,4,2951.91,4.543294782270004,1.6094379124341003,7.990546403798946,0.05463998307310084,0.9616308508248114,1.495468338230304,1
17428.0,7,16,8641.94,2.0794415416798357,2.833213344056216,9.064498081694527,-1.7638121566391332,3.279948441917203,2.418641968251308,0
17429.0,158,3,524.92,5.0689042022202315,1.3862943611198906,6.265149109915909,0.4425671366126743,0.5389081788515271,0.012309164678278839,1
17430.0,153,2,265.76,5.0369526024136295,1.0986122886681098,5.586349377764106,0.41898519022140823,-0.006076131156111717,-0.5711900985435012,3
17432.0,302,1,175.89,5.713732805509369,0.6931471805599453,5.1755280704554165,0.9184842627146785,-0.7741883749649034,-0.9243339181065001,3
17433.0,2,1,303.16,1.0986122886681098,0.6931471805599453,5.717553878740119,-2.48771527897133,-0.7741883749649034,-0.4584061270351501,2
17434.0,152,2,635.08,5.030437921392435,1.0986122886681098,6.455324341593228,0.41417701599764817,-0.006076131156111717,0.17578463809218237,1
17436.0,121,1,93.9,4.804021044733257,0.6931471805599453,4.552823705615882,0.24706955722334933,-0.7741883749649034,-1.4596133545568335,3
17440.0,187,3,186.42,5.236441962829949,1.3862943611198906,5.233352087695677,0.5662187381952272,0.5389081788515271,-0.8746281361827822,3
17442.0,64,4,1553.55,4.174387269895637,1.6094379124341003,7.348941393664714,-0.21763299332885333,0.9616308508248114,0.9439418231771078,1
17443.0,250,1,534.24,5.5254529391317835,0.6931471805599453,6.282715244436788,0.7795239057264338,-0.7741883749649034,0.027409091895537967,3
17444.0,34,1,1217.64,3.5553480614894135,0.6931471805599453,7.105490761828445,-0.6745162015277419,-0.7741883749649034,0.7346705792757159,1
17446.0,312,1,68.1,5.746203190540153,0.6931471805599453,4.235554730773624,0.9424490996472412,-0.7741883749649034,-1.7323391738153866,3
17449.0,152,3,938.89,5.030437921392435,1.3862943611198906,6.84576284713993,0.41417701599764817,0.5389081788515271,0.5114073107731502,1
17450.0,4,11,35824.22,1.6094379124341003,2.4849066497880004,10.486407393640532,-2.1106993377399443,2.6201169764767496,3.640921525225463,0
17451.0,121,1,294.18,4.804021044733257,0.6931471805599453,5.68758533975363,0.24706955722334933,-0.7741883749649034,-0.48416721619029307,3
17453.0,184,1,342.0,5.220355825078324,0.6931471805599453,5.8377304471659395,0.5543463299152838,-0.7741883749649034,-0.35510181530435847,3
17456.0,455,1,249.86,6.1224928095143865,0.6931471805599453,5.524895014596528,1.220170455571547,-0.7741883749649034,-0.6240165419429011,3
17457.0,217,4,1370.5,5.384495062789089,1.6094379124341003,7.2236603103776575,0.6754896444230828,0.9616308508248114,0.8362496478106098,1
17459.0,62,1,300.39,4.143134726391533,0.6931471805599453,5.708405107141645,-0.24069899972494663,-0.7741883749649034,-0.4662704517162631,3
17460.0,185,3,230.15,5.225746673713202,1.3862943611198906,5.443066850434234,0.5583250572491445,0.5389081788515271,-0.6943563951248285,3
17461.0,61,1,382.56,4.127134385045092,0.6931471805599453,5.949496062285481,-0.2525080857850369,-0.7741883749649034,-0.2590275963752371,3
17462.0,62,1,212.28,4.143134726391533,0.6931471805599453,5.362605856430399,-0.24069899972494663,-0.7741883749649034,-0.7635210227691283,3
17464.0,248,1,289.96,5.517452896464707,0.6931471805599453,5.673185800678733,0.7736194571715965,-0.7741883749649034,-0.4965451239044,3
17469.0,218,1,440.71,5.389071729816501,0.6931471805599453,6.090653558146974,0.6788674632848729,-0.7741883749649034,-0.13768798627799445,3
17470.0,189,4,816.47,5.247024072160486,1.6094379124341003,6.706214204850341,0.5740288865586801,0.9616308508248114,0.391450678348662,1
17472.0,339,1,259.27,5.8289456176102075,0.6931471805599453,5.561719553725808,1.0035173244391058,-0.7741883749649034,-0.5923620046284827,3
17481.0,155,3,838.03,5.049856007249537,1.3862943611198906,6.732246462681342,0.4285085756840135,0.5389081788515271,0.4138281227478171,1
17483.0,95,2,294.4,4.564348191467836,1.0986122886681098,5.68833037009728,0.07017849663930051,-0.006076131156111717,-0.4835267847994036,3
17489.0,1,2,376.64,0.6931471805599453,1.0986122886681098,5.933941360864316,-2.7869696668833854,-0.006076131156111717,-0.27239848677042444,2
17490.0,90,4,1077.82,4.51085950651685,1.6094379124341003,6.9836231302112655,0.030701058617782478,0.9616308508248114,0.629912622118324,1
17491.0,121,5,1723.93,4.804021044733257,1.791759469228055,7.452941748931937,0.24706955722334933,1.3070204226603186,1.0333409902640753,1
17492.0,221,1,374.57,5.402677381872279,0.6931471805599453,5.92844487193968,0.6889091438060244,-0.7741883749649034,-0.27712329305115885,3
17495.0,302,2,497.56,5.713732805509369,1.0986122886681098,6.211723943242329,0.9184842627146785,-0.006076131156111717,-0.0336153457700599,3
17500.0,61,1,288.0,4.127134385045092,0.6931471805599453,5.666426688112432,-0.2525080857850369,-0.7741883749649034,-0.5023552870728021,3
17501.0,281,2,288.6,5.641907070938114,1.0986122886681098,5.668500660511562,0.8654731261072822,-0.006076131156111717,-0.5005724911913156,3
17502.0,61,1,226.6,4.127134385045092,0.6931471805599453,5.427589702252176,-0.2525080857850369,-0.7741883749649034,-0.7076606204113903,3
17503.0,152,2,558.96,5.030437921392435,1.0986122886681098,6.327865352606625,0.41417701599764817,-0.006076131156111717,0.06622032531775732,1
17504.0,189,1,251.75,5.247024072160486,0.6931471805599453,5.532400857900581,0.5740288865586801,-0.7741883749649034,-0.6175644857172906,3
17505.0,338,1,658.85,5.82600010738045,0.6931471805599453,6.4920125364628385,1.0013433843311454,-0.7741883749649034,0.20732197327570165,3
17507.0,283,1,340.56,5.648974238161206,0.6931471805599453,5.833523359039406,0.8706890639508278,-0.7741883749649034,-0.3587182469348773,3
17508.0,252,1,387.31,5.53338948872752,0.6931471805599453,5.961803989689555,0.785381493084536,-0.7741883749649034,-0.2484476473388718,3
17509.0,62,7,5217.0,4.143134726391533,2.0794415416798357,8.559869465696673,-0.24069899972494663,1.8520047326679574,1.9848609696908595,0
17511.0,7,15,49108.16,2.0794415416798357,2.772588722239781,10.801800854427631,-1.7638121566391332,3.165101286484388,3.912035144276043,0
17512.0,30,5,1635.27,3.4339872044851463,1.791759469228055,7.400174540220455,-0.7640868409071632,1.3070204226603186,0.9879820634008956,0
17514.0,278,1,208.65,5.631211781821365,0.6931471805599453,5.345439473616771,0.8575794451611989,-0.7741883749649034,-0.7782773216441765,3
17515.0,122,1,67.65,4.812184355372417,0.6931471805599453,4.229021132213981,0.25309450605324024,-0.7741883749649034,-1.737955484142519,3
17516.0,3,2,281.02,1.3862943611198906,1.0986122886681098,5.641977990409084,-2.275390911761259,-0.006076131156111717,-0.5233714961561687,2
17517.0,253,1,153.94,5.537334267018537,0.6931471805599453,5.043037945203756,0.7882929451165858,-0.7741883749649034,-1.0382230179495986,3
17519.0,547,1,335.3,6.306275286948016,0.6931471805599453,5.818003618746224,1.3558115050565998,-0.7741883749649034,-0.37205908458924414,3
17521.0,61,2,563.65,4.127134385045092,1.0986122886681098,6.33620607016968,-0.2525080857850369,-0.006076131156111717,0.07339004316274761,1
17522.0,96,3,845.02,4.574710978503383,1.3862943611198906,6.740542999988726,0.077826773715113,0.5389081788515271,0.420959863048899,1
17526.0,213,2,549.9,5.365976015021851,1.0986122886681098,6.311553304478671,0.6618216217166248,-0.006076131156111717,0.052198416331248026,1
17527.0,220,1,292.11,5.3981627015177525,0.6931471805599453,5.680547965183287,0.6855770743403773,-0.7741883749649034,-0.49021657461268653,3
17528.0,1,3,1041.13,0.6931471805599453,1.3862943611198906,6.949021974608197,-2.7869696668833854,0.5389081788515271,0.6001693151535276,2
17530.0,120,2,516.45,4.795790545596741,1.0986122886681098,6.248912902114182,0.2409950197796698,-0.006076131156111717,-0.0016475516271200342,1
17531.0,307,1,296.7,5.730099782973574,0.6931471805599453,5.69608626802173,0.9305639453435338,-0.7741883749649034,-0.47685978051200606,3
17535.0,252,1,164.4,5.53338948872752,0.6931471805599453,5.108366782589591,0.785381493084536,-0.7741883749649034,-0.9820660593118407,3
17537.0,61,2,897.62,4.127134385045092,1.0986122886681098,6.80086025323236,-0.2525080857850369,-0.006076131156111717,0.4728088417095901,1
17550.0,68,1,156.22,4.23410650459726,0.6931471805599453,5.057646098365611,-0.17355708477387338,-0.7741883749649034,-1.025665784640221,3
17552.0,62,3,315.02,4.143134726391533,1.3862943611198906,5.755805502723353,-0.24069899972494663,0.5389081788515271,-0.4255248612448714,1
17553.0,306,1,1487.6,5.726847747587197,0.6931471805599453,7.305591359925811,0.9281637736899004,-0.7741883749649034,0.906677941726971,1
17554.0,31,3,925.9,3.4657359027997265,1.3862943611198906,6.831845684881787,-0.7406546463948805,0.5389081788515271,0.4994440563121888,1
17555.0,101,1,195.45,4.624972813284271,0.6931471805599453,5.280407946004469,0.11492262808559309,-0.7741883749649034,-0.834178711480729,3
17560.0,157,3,531.0,5.062595033026967,1.3862943611198906,6.2766434893416445,0.43791064083188236,0.5389081788515271,0.022189784260798272,1
17562.0,64,2,235.3,4.174387269895637,1.0986122886681098,5.465102184192863,-0.21763299332885333,-0.006076131156111717,-0.6754147244022326,3
17566.0,332,1,486.95,5.808142489980444,0.6931471805599453,6.19021294158747,0.9881635317180795,-0.7741883749649034,-0.052106298288534934,3
17567.0,124,4,2061.73,4.8283137373023015,1.6094379124341003,7.631785627142999,0.26499883079118963,0.9616308508248114,1.1870759819339642,1
17569.0,40,1,344.14,3.713572066704308,0.6931471805599453,5.843950131819433,-0.5577386369809405,-0.7741883749649034,-0.3497553467645421,3
17571.0,161,1,75.6,5.087596335232384,0.6931471805599453,4.338597076746545,0.4563629052533389,-0.7741883749649034,-1.6437635157707884,3
17572.0,336,2,114.6,5.820082930352362,1.0986122886681098,4.750135956238277,0.9969761992039964,-0.006076131156111717,-1.290002867973655,3
17573.0,61,2,373.1,4.127134385045092,1.0986122886681098,5.924523141354101,-0.2525080857850369,-0.006076131156111717,-0.2804944300726571,1
17574.0,37,1,185.65,3.6375861597263857,0.6931471805599453,5.229235205360593,-0.6138201977068869,-0.7741883749649034,-0.878167026514512,3
17576.0,3,9,1984.96,1.3862943611198906,2.302585092994046,7.593857703415377,-2.275390911761259,2.2747274046412427,1.154472970320445,0
17578.0,219,1,143.46,5.393627546352362,0.6931471805599453,4.973002652622701,0.6822298933968988,-0.7741883749649034,-1.0984256663670091,3
17579.0,213,1,178.04,5.365976015021851,0.6931471805599453,5.187609244563615,0.6618216217166248,-0.7741883749649034,-0.9139488872099186,3
17580.0,341,1,47.7,5.834810737062605,0.6931471805599453,3.885679030088544,1.007846088361475,-0.7741883749649034,-2.033093879362755,3
17581.0,67,17,5998.92,4.219507705176107,2.8903717578961645,8.699501414787969,-0.18433175982646136,3.3882292202855404,2.104889213011927,0
17584.0,247,2,1242.3,5.5134287461649825,1.0986122886681098,7.125524413958892,0.7706494244592157,-0.006076131156111717,0.7518915955844593,1
17585.0,224,1,417.81,5.41610040220442,0.6931471805599453,6.0374173564572535,0.6988160325939846,-0.7741883749649034,-0.18345006158731544,3
17589.0,34,3,1813.4,3.5553480614894135,1.3862943611198906,7.503510113533433,-0.6745162015277419,0.5389081788515271,1.0768097809687607,1
17590.0,152,1,320.93,5.030437921392435,0.6931471805599453,5.774334130607146,0.41417701599764817,-0.7741883749649034,-0.40959757045995715,3
17591.0,94,2,620.2,4.553876891600541,1.0986122886681098,6.431653091274532,0.06245013143655385,-0.006076131156111717,0.15543672623206256,1
17593.0,93,2,1663.82,4.543294782270004,1.0986122886681098,7.417472288462333,0.05463998307310084,-0.006076131156111717,1.002851284581252,1
17595.0,303,1,157.9,5.717027701406222,0.6931471805599453,5.0682750735426705,0.9209160676594919,-0.7741883749649034,-1.0165290703917393,3
17596.0,154,4,1900.87,5.043425116919247,1.6094379124341003,7.550592891663225,0.4237622433584039,0.9616308508248114,1.117282346068454,1
17597.0,67,1,2044.37,4.219507705176107,0.6931471805599453,7.623333981206562,-0.18433175982646136,-0.7741883749649034,1.1798109095667593,1
17602.0,152,2,1231.19,5.030437921392435,1.0986122886681098,7.1165483529818845,0.41417701599764817,-0.006076131156111717,0.7441757337202914,1
17604.0,189,1,173.12,5.247024072160486,0.6931471805599453,5.159744716684097,0.5740288865586801,-0.7741883749649034,-0.9379013590769603,3
17608.0,183,2,193.42,5.214935757608986,1.0986122886681098,5.270020767392923,0.550346037558324,-0.006076131156111717,-0.8431075763280629,3
17609.0,69,1,107.65,4.248495242049359,0.6931471805599453,4.688131706702439,-0.16293744640561536,-0.7741883749649034,-1.343301996136378,3
17611.0,37,7,1718.43,3.6375861597263857,2.0794415416798357,7.449748119535088,-0.6138201977068869,1.8520047326679574,1.0305957322567432,0
17612.0,97,2,704.36,4.584967478670572,1.0986122886681098,6.558708310778772,0.08539660554102044,-0.006076131156111717,0.2646539569669533,1
17613.0,162,2,826.55,5.093750200806762,1.0986122886681098,6.718469528386549,0.46090477886694337,-0.006076131156111717,0.4019854088666799,1
17615.0,337,2,211.05,5.823045895483019,1.0986122886681098,5.3568220959206,0.9991630219387977,-0.006076131156111717,-0.7684927689797829,3
17616.0,517,1,326.4,6.249975242259483,0.6931471805599453,5.791182664937034,1.314259136984046,-0.7741883749649034,-0.395114495552588,3
17618.0,221,3,971.58,5.402677381872279,1.3862943611198906,6.879952334320048,0.6889091438060244,0.5389081788515271,0.5407967457340171,1
17620.0,31,1,81.44,3.4657359027997265,0.6931471805599453,4.412070756022258,-0.7406546463948805,-0.7741883749649034,-1.5806052148862733,3
17623.0,153,1,527.05,5.0369526024136295,0.6931471805599453,6.269190976192483,0.41898519022140823,-0.7741883749649034,0.015783570873086315,3
17624.0,219,1,400.3,5.393627546352362,0.6931471805599453,5.994709277272871,0.6822298933968988,-0.7741883749649034,-0.22016211605249278,3
17629.0,33,5,1384.03,3.5263605246161616,1.791759469228055,7.23347707903667,-0.6959105149485876,1.3070204226603186,0.844688185730468,1
17631.0,121,1,111.83,4.804021044733257,0.6931471805599453,4.725882261150355,0.24706955722334933,-0.7741883749649034,-1.310851451943107,3
17633.0,33,2,653.23,3.5263605246161616,1.0986122886681098,6.483458971588781,-0.6959105149485876,-0.006076131156111717,0.19996929093725865,1
17634.0,36,7,2049.36,3.6109179126442243,2.0794415416798357,7.625770666470963,-0.6335027543502829,1.8520047326679574,1.181905495037461,0
17637.0,122,1,208.11,4.812184355372417,0.6931471805599453,5.3428604292987085,0.25309450605324024,-0.7741883749649034,-0.7804942795893948,3
17639.0,130,1,108.5,4.875197323201151,0.6931471805599453,4.695924549256556,0.2996013613683453,-0.7741883749649034,-1.3366032340813079,3
17642.0,3,1,316.99,1.3862943611198906,0.6931471805599453,5.762019935744844,-2.275390911761259,-0.7741883749649034,-0.42018290703123895,2
17643.0,698,1,101.55,6.54965074223381,0.6931471805599453,4.63035048451839,1.5354352789595793,-0.7741883749649034,-1.392970991239792,3
17644.0,33,4,1077.83,3.5263605246161616,1.6094379124341003,6.983632399555228,-0.6959105149485876,0.9616308508248114,0.6299205900875445,1
17646.0,250,3,1008.39,5.5254529391317835,1.3862943611198906,6.917101466981717,0.7795239057264338,0.5389081788515271,0.5727303050898777,1
17647.0,215,1,133.06,5.375278407684165,0.6931471805599453,4.8982874609298115,0.6686872724634108,-0.7741883749649034,-1.1626511768369003,3
17648.0,62,2,1273.98,4.143134726391533,1.0986122886681098,7.150685771194986,-0.24069899972494663,-0.006076131156111717,0.7735204099659563,1
17651.0,122,4,1661.78,4.812184355372417,1.6094379124341003,7.416246179401408,0.25309450605324024,0.9616308508248114,1.0017973157892908,1
17652.0,62,6,2247.65,4.143134726391533,1.9459101490553132,7.718085315126434,-0.24069899972494663,1.5990431447121,1.2612595768434307,0
17653.0,33,4,1207.56,3.5263605246161616,1.6094379124341003,7.09718484723547,-0.6959105149485876,0.9616308508248114,0.72753077821831,1
17654.0,161,1,117.55,5.087596335232384,0.6931471805599453,4.775334812511415,0.4563629052533389,-0.7741883749649034,-1.268341819253443,3
17655.0,131,2,990.0,4.882801922586371,1.0986122886681098,6.898714534329988,0.3052139521655124,-0.006076131156111717,0.5569248161554877,1
17656.0,2,2,473.98,1.0986122886681098,1.0986122886681098,6.163272697885032,-2.48771527897133,-0.006076131156111717,-0.07526425137369107,2
17658.0,6,1,317.6,1.9459101490553132,0.6931471805599453,5.763936397475948,-1.8623652857933086,-0.7741883749649034,-0.4185355080192398,2
17659.0,31,4,932.68,3.4657359027997265,1.6094379124341003,6.839133767104098,-0.7406546463948805,0.9616308508248114,0.5057089241452053,1
17663.0,126,2,437.19,4.844187086458591,1.0986122886681098,6.082652606271123,0.2767141899944595,-0.006076131156111717,-0.14456564002990835,1
17664.0,36,1,326.19,3.6109179126442243,0.6931471805599453,5.7905410419143655,-0.6335027543502829,-0.7741883749649034,-0.395666037551296,3
17666.0,182,2,728.16,5.209486152841421,1.0986122886681098,6.591893186664721,0.5463239451354044,-0.006076131156111717,0.2931798235994804,1
17667.0,6,4,1127.46,1.9459101490553132,1.6094379124341003,7.028609150348045,-1.8623652857933086,0.9616308508248114,0.6685828047388741,2
17668.0,121,2,347.75,4.804021044733257,1.0986122886681098,5.854355333135575,0.24706955722334933,-0.006076131156111717,-0.34081098952032723,3
17669.0,94,2,844.0,4.553876891600541,1.0986122886681098,6.739336627357174,0.06245013143655385,-0.006076131156111717,0.4199228597792451,1
17671.0,5,3,1098.55,1.791759469228055,1.3862943611198906,7.002656284176857,-1.9761365238492044,0.5389081788515271,0.646273605762946,2
17672.0,284,1,1177.84,5.652489180268651,0.6931471805599453,7.072286183100865,0.8732832744707352,-0.7741883749649034,0.7061277759930539,1
17673.0,121,3,706.54,4.804021044733257,1.3862943611198906,6.561794165021705,0.24706955722334933,0.5389081788515271,0.2673065709735223,1
17674.0,547,1,300.66,6.306275286948016,0.6931471805599453,5.709300555340106,1.3558115050565998,-0.7741883749649034,-0.4655007204696122,3
17675.0,4,14,7928.51,1.6094379124341003,2.70805020110221,8.978346522051424,-2.1106993377399443,3.0428396484500335,2.344585705120792,0
17676.0,1,5,1156.7,0.6931471805599453,1.791759469228055,7.054190557211683,-2.7869696668833854,1.3070204226603186,0.6905726956449766,2
17677.0,30,12,6824.29,3.4339872044851463,2.5649493574615367,8.828390109992942,-0.7640868409071632,2.771749712715178,2.215682507598701,0
17682.0,190,2,757.29,5.25227342804663,1.0986122886681098,6.631065898227083,0.5779031848675285,-0.006076131156111717,0.32685286036185524,1
17685.0,2,3,2100.63,1.0986122886681098,1.3862943611198906,7.650468513107664,-2.48771527897133,0.5389081788515271,1.2031358736500097,2
17686.0,33,3,3774.58,3.5263605246161616,1.3862943611198906,8.23630929226545,-0.6959105149485876,0.5389081788515271,1.7067272081960794,1
17690.0,91,10,2855.21,4.5217885770490405,2.3978952727983707,7.957250850168085,0.03876728243619778,2.4552828078148976,1.4668473325169078,0
17691.0,547,1,142.5,6.306275286948016,0.6931471805599453,4.966335035199676,1.3558115050565998,-0.7741883749649034,-1.1041571799040677,3
17692.0,162,2,228.18,5.093750200806762,1.0986122886681098,5.434507720998302,0.46090477886694337,-0.006076131156111717,-0.7017138607853621,3
17696.0,157,6,1607.81,5.062595033026967,1.9459101490553132,7.383250054252152,0.43791064083188236,1.5990431447121,0.9734337001279659,1
17700.0,67,3,1681.83,4.219507705176107,1.3862943611198906,7.428232178987932,-0.18433175982646136,0.5389081788515271,1.012100534244524,1
17701.0,341,1,417.95,5.834810737062605,0.6931471805599453,6.037751581059295,1.007846088361475,-0.7741883749649034,-0.18316276063564363,3
17702.0,91,1,485.6,4.5217885770490405,0.6931471805599453,6.187442430349423,0.03876728243619778,-0.7741883749649034,-0.054487842048170344,3
17703.0,244,1,307.78,5.501258210544727,0.6931471805599453,5.732629049213781,0.7616669346844612,-0.7741883749649034,-0.4454474435712666,3
17705.0,39,5,1042.4,3.6888794541139363,1.791759469228055,6.950239890588293,-0.575963072373566,1.3070204226603186,0.6012162411368351,1
17706.0,62,9,3453.82,4.143134726391533,2.302585092994046,8.147525636436496,-0.24069899972494663,2.2747274046412427,1.6304083834992764,0
17707.0,158,2,152.4,5.0689042022202315,1.0986122886681098,5.0330488889331555,0.4425671366126743,-0.006076131156111717,-1.0468096550652315,3
17708.0,219,1,156.48,5.393627546352362,0.6931471805599453,5.0592984660755365,0.6822298933968988,-0.7741883749649034,-1.0242454020212464,3
17716.0,61,6,2643.56,4.127134385045092,1.9459101490553132,7.880259978847631,-0.2525080857850369,1.5990431447121,1.4006656377365077,0
17719.0,2,6,2266.92,1.0986122886681098,1.9459101490553132,7.726618390856916,-2.48771527897133,1.5990431447121,1.2685946466230968,0
17720.0,517,1,102.0,6.249975242259483,0.6931471805599453,4.634728988229636,1.314259136984046,-0.7741883749649034,-1.389207210011672,3
17722.0,246,3,1590.6,5.5093883366279774,1.3862943611198906,7.372495078552774,0.7676673915820786,0.5389081788515271,0.9641886752711322,1
17723.0,97,4,2199.3,4.584967478670572,1.6094379124341003,7.696348993686096,0.08539660554102044,0.9616308508248114,1.2425749384370728,1
17725.0,251,1,313.29,5.529429087511423,0.6931471805599453,5.750316126561756,0.7824585105193059,-0.7741883749649034,-0.4302435533629211,3
17728.0,182,2,2530.98,5.209486152841421,1.0986122886681098,7.836756884338715,0.5463239451354044,-0.006076131156111717,1.36327018456897,1
17730.0,30,5,2352.36,3.4339872044851463,1.791759469228055,7.763599373199737,-0.7640868409071632,1.3070204226603186,1.3003836632183892,0
17731.0,96,3,963.74,4.574710978503383,1.3862943611198906,6.871858634984375,0.077826773715113,0.5389081788515271,0.5338393658538968,1
17732.0,667,1,303.97,6.504288173536645,0.6931471805599453,5.7202134111139475,1.501955338372516,-0.7741883749649034,-0.4561199811998773,3
17733.0,334,1,475.24,5.814130531825066,0.6931471805599453,6.165921928845135,0.9925830187742288,-0.7741883749649034,-0.07298696067938809,3
17735.0,126,11,7296.29,4.844187086458591,2.4849066497880004,8.895258325335787,0.2767141899944595,2.6201169764767496,2.2731627223622213,0
17737.0,1,1,87.39,0.6931471805599453,0.6931471805599453,4.481758841072857,-2.7869696668833854,-0.7741883749649034,-1.5207010276034363,2
17738.0,311,1,779.92,5.7430031878094825,0.6931471805599453,6.660472711814601,0.9400873308061398,-0.7741883749649034,0.3521310878703182,3
17739.0,71,3,1111.67,4.276666119016055,1.3862943611198906,7.014517811355055,-0.14214587057077066,0.5389081788515271,0.6564698271833982,1
17742.0,40,1,302.57,3.713572066704308,0.6931471805599453,5.715612226409778,-0.5577386369809405,-0.7741883749649034,-0.46007517999808445,3
17744.0,182,2,1010.94,5.209486152841421,1.0986122886681098,6.9196245595522266,0.5463239451354044,-0.006076131156111717,0.5748991666645069,1
17750.0,243,3,446.18,5.497168225293202,1.3862943611198906,6.102961198121657,0.7586483123454756,0.5389081788515271,-0.12710828431720925,1
17754.0,90,3,1197.2,4.51085950651685,1.3862943611198906,7.088575709649825,0.030701058617782478,0.5389081788515271,0.7201303253302771,1
17757.0,65,14,2281.51,4.189654742026425,2.70805020110221,7.733030993620534,-0.2063648029566139,3.0428396484500335,1.2741069484268166,0
17758.0,65,2,965.16,4.189654742026425,1.0986122886681098,6.87332945196712,-0.2063648029566139,-0.006076131156111717,0.5351036866618104,1
17760.0,698,1,172.54,6.54965074223381,0.6931471805599453,5.156408120365343,1.5354352789595793,-0.7741883749649034,-0.9407695120850492,3
17761.0,153,1,712.78,5.0369526024136295,0.6931471805599453,6.570574791610563,0.41898519022140823,-0.7741883749649034,0.27485443657002545,3
17764.0,6,1,261.97,1.9459101490553132,0.6931471805599453,5.572039957230401,-1.8623652857933086,-0.7741883749649034,-0.583490539959527,2
17765.0,248,1,109.33,5.517452896464707,0.6931471805599453,4.703475874772215,0.7736194571715965,-0.7741883749649034,-1.3301120811446865,3
17768.0,183,2,1861.85,5.214935757608986,1.0986122886681098,7.529862852062151,0.550346037558324,-0.006076131156111717,1.099462711998416,1
17769.0,31,3,1453.79,3.4657359027997265,1.3862943611198906,7.282616839292124,-0.7406546463948805,0.5389081788515271,0.886928941797148,1
17770.0,36,3,967.07,3.6109179126442243,1.3862943611198906,6.875304398711629,-0.6335027543502829,0.5389081788515271,0.5368013596509706,1
17774.0,162,3,830.53,5.093750200806762,1.3862943611198906,6.723267377356762,0.46090477886694337,0.5389081788515271,0.40610966114104907,1
17781.0,279,1,86.02,5.634789603169249,0.6931471805599453,4.466137977292534,0.8602200638386365,-0.7741883749649034,-1.5341287914562776,3
17783.0,190,1,112.41,5.25227342804663,0.6931471805599453,4.731009570827239,0.5779031848675285,-0.7741883749649034,-1.3064439937826746,3
17787.0,65,3,1335.28,4.189654742026425,1.3862943611198906,7.197644912975918,-0.2063648029566139,0.5389081788515271,0.8138866967112982,1
17788.0,306,1,16.7,5.726847747587197,0.6931471805599453,2.8735646395797834,0.9281637736899004,-0.7741883749649034,-2.903111902625544,3
17789.0,283,1,225.9,5.648974238161206,0.6931471805599453,5.424509391785796,0.8706890639508278,-0.7741883749649034,-0.7103084689630229,3
17790.0,4,7,999.54,1.6094379124341003,2.0794415416798357,6.908295133234604,-2.1106993377399443,1.8520047326679574,0.5651603415060137,0
17791.0,61,1,106.1,4.127134385045092,0.6931471805599453,4.673762977453703,-0.2525080857850369,-0.7741883749649034,-1.3556534195871401,3
17796.0,101,2,396.9,4.624972813284271,1.0986122886681098,5.986200717432883,0.11492262808559309,-0.006076131156111717,-0.22747611186385372,1
17797.0,66,1,272.41,4.204692619390966,0.6931471805599453,5.610972500065717,-0.19526606549133826,-0.7741883749649034,-0.5500239533011265,3
17799.0,37,2,500.35,3.6375861597263857,1.0986122886681098,6.2173044599699345,-0.6138201977068869,-0.006076131156111717,-0.02881830881685946,1
17800.0,38,7,874.1,3.6635616461296463,2.0794415416798357,6.774338165541786,-0.594648934560239,1.8520047326679574,0.45001033738859486,0
17802.0,5,2,632.42,1.791759469228055,1.0986122886681098,6.451133709229659,-1.9761365238492044,-0.006076131156111717,0.17218235190856093,2
17809.0,39,8,3049.91,3.6888794541139363,2.1972245773362196,8.023195185756506,-0.575963072373566,2.0751326664691105,1.5235333761420522,0
17811.0,2,19,2871.55,1.0986122886681098,2.995732273553991,7.962955416011804,-2.48771527897133,3.5878239584576725,1.4717510026410223,0
17812.0,334,2,261.02,5.814130531825066,1.0986122886681098,5.568420836725524,0.9925830187742288,-0.006076131156111717,-0.5866015520122457,3
17813.0,184,2,1259.31,5.220355825078324,1.0986122886681098,7.139113001430709,0.5543463299152838,-0.006076131156111717,0.7635724057004198,1
17816.0,215,3,31.46,5.375278407684165,1.3862943611198906,3.480008562086445,0.6686872724634108,0.5389081788515271,-2.381810014591169,3
17817.0,160,3,387.68,5.081404364984463,1.3862943611198906,5.9627563829712384,0.4517929084041481,0.5389081788515271,-0.24762896584588115,1
17819.0,66,3,1579.57,4.204692619390966,1.3862943611198906,7.365540820456624,-0.19526606549133826,0.5389081788515271,0.9582107641389424,1
17827.0,37,5,1995.46,3.6375861597263857,1.791759469228055,7.599130891241214,-0.6138201977068869,1.3070204226603186,1.1590058259853286,0
17828.0,127,1,833.16,4.852030263919617,0.6931471805599453,6.726425230481338,0.2825028638493717,-0.7741883749649034,0.4088241657059105,3
17830.0,121,1,111.05,4.804021044733257,0.6931471805599453,4.718945200246936,0.24706955722334933,-0.7741883749649034,-1.3168145802920797,3
17831.0,183,1,35.4,5.214935757608986,0.6931471805599453,3.594568774642695,0.550346037558324,-0.7741883749649034,-2.2833335472991143,3
17835.0,152,1,114.14,5.030437921392435,0.6931471805599453,4.7461487792476635,0.41417701599764817,-0.7741883749649034,-1.2934302630154635,3
17837.0,31,3,540.55,3.4657359027997265,1.3862943611198906,6.294435398281746,-0.7406546463948805,0.5389081788515271,0.037483788171124924,1
17838.0,32,3,1560.56,3.4965075614664802,1.3862943611198906,7.353440600576667,-0.7179435580787399,0.5389081788515271,0.9478093614124051,1
17841.0,1,53,17336.18,0.6931471805599453,3.9889840465642745,9.760608607351095,-2.7869696668833854,5.469438017910763,3.017021666419334,0
17843.0,100,1,205.48,4.61512051684126,0.6931471805599453,5.330203555410359,0.10765111968049784,-0.7741883749649034,-0.7913741845727568,3
17848.0,251,3,367.53,5.529429087511423,1.3862943611198906,5.909522119441872,0.7824585105193059,0.5389081788515271,-0.2933893751039576,1
17849.0,71,3,454.35,4.276666119016055,1.3862943611198906,6.121066354013828,-0.14214587057077066,0.5389081788515271,-0.11154501193625549,1
17850.0,667,34,5391.21,6.504288173536645,3.5553480614894135,8.59271059842128,1.501955338372516,4.647958924318246,2.013091353175884,0
17854.0,158,1,199.5,5.0689042022202315,0.6931471805599453,5.300814246746624,0.4425671366126743,-0.7741883749649034,-0.8166373647710241,3
17855.0,667,1,208.97,6.504288173536645,0.6931471805599453,5.346964663369558,1.501955338372516,-0.7741883749649034,-0.7769662617617523,3
17856.0,121,2,758.21,4.804021044733257,1.0986122886681098,6.632278418968719,0.24706955722334933,-0.006076131156111717,0.3278951485742306,1
17857.0,33,11,14867.68,3.5263605246161616,2.4849066497880004,9.60701226617974,-0.6959105149485876,2.6201169764767496,2.8849895696727144,0
17858.0,3,4,1661.67,1.3862943611198906,1.6094379124341003,7.416180022941355,-2.275390911761259,0.9616308508248114,1.0017404474025347,2
17859.0,131,1,148.21,4.882801922586371,0.6931471805599453,5.00535470965233,0.3052139521655124,-0.7741883749649034,-1.0706156945205911,3
17860.0,547,1,252.8,6.306275286948016,0.6931471805599453,5.536546555280287,1.3558115050565998,-0.7741883749649034,-0.6140008258452828,3
17861.0,61,4,1261.29,4.127134385045092,1.6094379124341003,7.14068281068038,-0.2525080857850369,0.9616308508248114,0.7649218207004493,1
17863.0,31,3,1923.4,3.4657359027997265,1.3862943611198906,7.562369509825299,-0.7406546463948805,0.5389081788515271,1.127405579321701,1
17864.0,32,2,480.72,3.4965075614664802,1.0986122886681098,6.177363032392279,-0.7179435580787399,-0.006076131156111717,-0.06315213727861879,1
17865.0,2,5,3406.97,1.0986122886681098,1.791759469228055,8.133872085093559,-2.48771527897133,1.3070204226603186,1.6186717301513005,0
17867.0,91,2,239.62,4.5217885770490405,1.0986122886681098,5.483218925605378,0.03876728243619778,-0.006076131156111717,-0.6598414930565576,3
17869.0,128,3,310.96,4.859812404361672,1.3862943611198906,5.742874974462297,0.2882464892022382,0.5389081788515271,-0.43664000074187304,1
17870.0,93,5,988.08,4.543294782270004,1.791759469228055,6.896775218138974,0.05463998307310084,1.3070204226603186,0.5552577713482901,1
17873.0,127,3,1097.07,4.852030263919617,1.3862943611198906,7.001309372314253,0.2825028638493717,0.5389081788515271,0.64511579434637,1
17874.0,158,1,122.76,5.0689042022202315,0.6931471805599453,4.81834420626481,0.4425671366126743,-0.7741883749649034,-1.231370753447086,3
17880.0,425,1,458.92,6.054439346269371,0.6931471805599453,6.131052561315036,1.1699434518628828,-0.7741883749649034,-0.10296082380736034,3
17881.0,131,1,133.35,4.882801922586371,0.6931471805599453,4.9004483350615,0.3052139521655124,-0.7741883749649034,-1.1607936798403142,3
17883.0,159,2,304.22,5.075173815233827,1.0986122886681098,5.721032828062729,0.4471944378706862,-0.006076131156111717,-0.4554156067529847,3
17884.0,182,4,717.45,5.209486152841421,1.6094379124341003,6.577096113675216,0.5463239451354044,0.9616308508248114,0.28046019396756405,1
17886.0,122,2,726.54,4.812184355372417,1.0986122886681098,6.589668980352017,0.25309450605324024,-0.006076131156111717,0.2912678859789369,1
17887.0,305,1,111.35,5.723585101952381,0.6931471805599453,4.721618998631338,0.9257557711197745,-0.7741883749649034,-1.3145161713307851,3
17888.0,31,4,473.32,3.4657359027997265,1.6094379124341003,6.161882199399113,-0.7406546463948805,0.9616308508248114,-0.07645953004516715,1
17889.0,36,1,102.02,3.6109179126442243,0.6931471805599453,4.634923144137439,-0.6335027543502829,-0.7741883749649034,-1.3890403127313882,3
17892.0,157,1,142.1,5.062595033026967,0.6931471805599453,4.963543686562405,0.43791064083188236,-0.7741883749649034,-1.1065566355845815,3
17894.0,246,2,235.67,5.5093883366279774,1.0986122886681098,5.466666765775108,0.7676673915820786,-0.006076131156111717,-0.6740698031283295,3
17897.0,517,2,434.62,6.249975242259483,1.0986122886681098,6.0767703036870815,1.314259136984046,-0.006076131156111717,-0.149622093445049,3
17899.0,279,1,155.8,5.634789603169249,0.6931471805599453,5.054971107916307,0.8602200638386365,-0.7741883749649034,-1.0279652183057972,3
17900.0,308,2,112.2,5.733341276897746,1.0986122886681098,4.729156165769083,0.9329563368485013,-0.006076131156111717,-1.308037188998674,3
17901.0,60,1,110.38,4.110873864173311,0.6931471805599453,4.7129477781615225,-0.26450919789877697,-0.7741883749649034,-1.3219699909416618,3
17905.0,187,2,426.59,5.236441962829949,1.0986122886681098,6.05816479253505,0.5662187381952272,-0.006076131156111717,-0.16561547342865704,3
17906.0,189,1,72.9,5.247024072160486,0.6931471805599453,4.302712827954156,0.5740288865586801,-0.7741883749649034,-1.6746097753372893,3
17908.0,698,1,243.28,6.54965074223381,0.6931471805599453,5.498315108354934,1.5354352789595793,-0.7741883749649034,-0.6468647473470335,3
17912.0,312,3,126.75,5.746203190540153,1.3862943611198906,4.850075229083814,0.9424490996472412,0.5389081788515271,-1.204094625365142,3
17913.0,1,1,193.55,0.6931471805599453,0.6931471805599453,5.270689199430563,-2.7869696668833854,-0.7741883749649034,-0.8425329891810702,2
17914.0,182,1,336.43,5.209486152841421,0.6931471805599453,5.821358081393286,0.5463239451354044,-0.7741883749649034,-0.36917557360602554,3
17917.0,364,1,110.91,5.8998973535824915,0.6931471805599453,4.717694976829936,1.0558834045162586,-0.7741883749649034,-1.317889277891576,3
17919.0,2,1,1304.04,1.0986122886681098,0.6931471805599453,7.173988970628047,-2.48771527897133,-0.7741883749649034,0.7935519436508579,2
17920.0,183,6,1856.23,5.214935757608986,1.9459101490553132,7.5268414093644305,0.550346037558324,1.5990431447121,1.0968654664420603,1
17921.0,183,1,224.76,5.214935757608986,0.6931471805599453,5.419472488104504,0.550346037558324,-0.7741883749649034,-0.714638213728296,3
17923.0,311,1,207.5,5.7430031878094825,0.6931471805599453,5.339939041238856,0.9400873308061398,-0.7741883749649034,-0.7830055177348565,3
17924.0,39,3,2076.72,3.6888794541139363,1.3862943611198906,7.639026417633192,-0.575963072373566,0.5389081788515271,1.193300197584106,1
17925.0,667,1,244.08,6.504288173536645,0.6931471805599453,5.501584687857454,1.501955338372516,-0.7741883749649034,-0.6440542022916932,3
17928.0,159,1,78.26,5.075173815233827,0.6931471805599453,4.372733587762289,0.4471944378706862,-0.7741883749649034,-1.6144196193559999,3
17929.0,253,1,196.2,5.537334267018537,0.6931471805599453,5.284218442168535,0.7882929451165858,-0.7741883749649034,-0.8309031920617781,3
17930.0,184,2,749.88,5.220355825078324,1.0986122886681098,6.6212458520461075,0.5543463299152838,-0.006076131156111717,0.3184115050695673,1
17932.0,6,2,986.07,1.9459101490553132,1.0986122886681098,6.894740958904452,-1.8623652857933086,-0.006076131156111717,0.553509113079403,2
17934.0,1,1,638.45,0.6931471805599453,0.6931471805599453,6.460608431879329,-2.7869696668833854,-0.7741883749649034,0.18032686556030944,2
17936.0,243,1,389.84,5.497168225293202,0.6931471805599453,5.968298269076143,0.7586483123454756,-0.7741883749649034,-0.24286513594745182,3
17937.0,122,3,2080.26,4.812184355372417,1.3862943611198906,7.640728758522016,0.25309450605324024,0.5389081788515271,1.1947635373695122,1
17939.0,279,1,99.14,5.634789603169249,0.6931471805599453,4.606569206901798,0.8602200638386365,-0.7741883749649034,-1.4134134830536376,3
17940.0,70,6,3623.94,4.2626798770413155,1.9459101490553132,8.195593015427656,-0.1524684462934248,1.5990431447121,1.6717273158704393,0
17941.0,337,1,304.56,5.823045895483019,0.6931471805599453,5.722146158673159,0.9991630219387977,-0.7741883749649034,-0.4544585828177384,3
17942.0,302,1,77.5,5.713732805509369,0.6931471805599453,4.363098624788363,0.9184842627146785,-0.7741883749649034,-1.622701876301849,3
17947.0,303,1,176.68,5.717027701406222,0.6931471805599453,5.179984179586172,0.9209160676594919,-0.7741883749649034,-0.9205034269152483,3
17949.0,4,21,14169.32,1.6094379124341003,3.091042453358316,9.558904915351402,-2.1106993377399443,3.7683793616313284,2.8436362773328616,0
17950.0,455,2,263.17,6.1224928095143865,1.0986122886681098,5.576592835300246,1.220170455571547,-0.006076131156111717,-0.5795768657586379,3
17951.0,698,1,295.5,6.54965074223381,0.6931471805599453,5.69204721843778,1.5354352789595793,-0.7741883749649034,-0.4803317654653295,3
17954.0,125,6,1149.04,4.836281906951478,1.9459101490553132,7.0475520033610906,0.2708797553971797,1.5990431447121,0.6848661652838057,1
17955.0,220,3,394.1,5.3981627015177525,1.3862943611198906,5.979138897417345,0.6855770743403773,0.5389081788515271,-0.23354648369946007,1
17956.0,251,1,12.75,5.529429087511423,0.6931471805599453,2.6210388241125804,0.7824585105193059,-0.7741883749649034,-3.120184214664465,3
17957.0,245,1,111.68,5.5053315359323625,0.6931471805599453,4.724551943008172,0.7646732611753665,-0.7741883749649034,-1.311994999323943,3
17961.0,2,13,299.25,1.0986122886681098,2.6390573296152584,5.704615460960093,-2.48771527897133,2.9121396985285304,-0.4695280483976836,0
17964.0,122,2,471.7,4.812184355372417,1.0986122886681098,6.158460937799191,0.25309450605324024,-0.006076131156111717,-0.07940046170481134,1
17965.0,10,10,1936.09,2.3978952727983707,2.3978952727983707,7.568942125931106,-1.528776701112921,2.4552828078148976,1.1330554293047306,0
17966.0,34,4,951.43,3.5553480614894135,1.6094379124341003,6.8590166134866255,-0.6745162015277419,0.9616308508248114,0.5228003071635505,1
17967.0,639,1,123.07,6.461468176353717,0.6931471805599453,4.82084592245478,1.4703519481149387,-0.7741883749649034,-1.2292202671040666,3
17968.0,698,1,277.35,6.54965074223381,0.6931471805599453,5.628879314629517,1.5354352789595793,-0.7741883749649034,-0.5346311760065572,3
17970.0,5,1,582.59,1.791759469228055,0.6931471805599453,6.369198681477835,-1.9761365238492044,-0.7741883749649034,0.10175063831066374,2
17972.0,7,1,136.04,2.0794415416798357,0.6931471805599453,4.920272854015864,-1.7638121566391332,-0.7741883749649034,-1.1437524353381574,2
17974.0,250,1,172.77,5.5254529391317835,0.6931471805599453,5.157732585734163,0.7795239057264338,-0.7741883749649034,-0.9396309957741794,3
17975.0,154,5,1606.56,5.043425116919247,1.791759469228055,7.382472780454092,0.4237622433584039,1.3070204226603186,0.9727655521205235,1
17976.0,667,1,353.19,6.504288173536645,0.6931471805599453,5.869833492313257,1.501955338372516,-0.7741883749649034,-0.32750589517743955,3
17977.0,61,1,288.14,4.127134385045092,0.6931471805599453,5.6669109998802965,-0.2525080857850369,-0.7741883749649034,-0.501938970527092,3
17978.0,455,1,300.92,6.1224928095143865,0.6931471805599453,5.71016208162024,1.220170455571547,-0.7741883749649034,-0.46476014865454884,3
17979.0,244,1,253.17,5.501258210544727,0.6931471805599453,5.538003334481558,0.7616669346844612,-0.7741883749649034,-0.6127485719766437,3
17987.0,158,1,198.57,5.0689042022202315,0.6931471805599453,5.2961650519798935,0.4425671366126743,-0.7741883749649034,-0.8206338332321447,3
17988.0,338,1,13.37,5.82600010738045,0.6931471805599453,2.6651427000909336,1.0013433843311454,-0.7741883749649034,-3.082272327078689,3
17994.0,38,3,371.24,3.6635616461296463,1.3862943611198906,5.9195388075363935,-0.594648934560239,0.5389081788515271,-0.2847789855498138,1
17995.0,283,1,76.1,5.648974238161206,0.6931471805599453,4.345103280569283,0.8706890639508278,-0.7741883749649034,-1.638170754081116,3
17997.0,65,4,1273.1,4.189654742026425,1.6094379124341003,7.1499953259873354,-0.2063648029566139,0.9616308508248114,0.7729269002002966,1
17999.0,303,2,382.06,5.717027701406222,1.0986122886681098,5.948191634874515,0.9209160676594919,-0.006076131156111717,-0.26014888796857916,3
18004.0,364,1,169.47,5.8998973535824915,0.6931471805599453,5.138559328162834,1.0558834045162586,-0.7741883749649034,-0.9561124131002693,3
18005.0,182,1,109.75,5.209486152841421,0.6931471805599453,4.707275408925245,0.5463239451354044,-0.7741883749649034,-1.3268459847190868,3
18008.0,37,1,162.5,3.6375861597263857,0.6931471805599453,5.096812990337308,-0.6138201977068869,-0.7741883749649034,-0.9919977504238177,3
18011.0,697,1,102.79,6.548219102762372,0.6931471805599453,4.642369626977198,1.5343786543939422,-0.7741883749649034,-1.3826392830244099,3
18013.0,157,2,187.29,5.062595033026967,1.0986122886681098,5.237983327508337,0.43791064083188236,-0.006076131156111717,-0.8706471018798904,3
18014.0,30,1,166.42,3.4339872044851463,0.6931471805599453,5.12050562523191,-0.7640868409071632,-0.7741883749649034,-0.9716314562873147,3
18015.0,213,1,120.03,5.365976015021851,0.6931471805599453,4.7960384487505126,0.6618216217166248,-0.7741883749649034,-1.2505448816305746,3
18016.0,153,3,690.91,5.0369526024136295,1.3862943611198906,6.539455889355952,0.41898519022140823,0.5389081788515271,0.24810449004268173,1
18017.0,312,1,165.0,5.746203190540153,0.6931471805599453,5.111987788356544,0.9424490996472412,-0.7741883749649034,-0.9789534266794719,3
18022.0,244,1,668.11,5.501258210544727,0.6931471805599453,6.5059484711262,0.7616669346844612,-0.7741883749649034,0.2193013645795273,3
18024.0,65,2,389.78,4.189654742026425,1.0986122886681098,5.968144741786365,-0.2063648029566139,-0.006076131156111717,-0.2429971086873135,1
18027.0,305,1,115.31,5.723585101952381,0.6931471805599453,4.7562590403509475,0.9257557711197745,-0.7741883749649034,-1.2847394376875791,3
18030.0,213,1,109.55,5.365976015021851,0.6931471805599453,4.705467907303455,0.6618216217166248,-0.7741883749649034,-1.3283997211374015,3
18032.0,101,1,73.5,4.624972813284271,0.6931471805599453,4.310799125385514,0.11492262808559309,-0.7741883749649034,-1.667658758166979,3
18033.0,214,1,97.97,5.3706380281276624,0.6931471805599453,4.5948167739086,0.6652624304336239,-0.7741883749649034,-1.4235159266283515,3
18035.0,244,1,239.56,5.501258210544727,0.6931471805599453,5.4829695386802735,0.7616669346844612,-0.7741883749649034,-0.660055867164506,3
18036.0,129,2,261.88,4.867534450455582,1.0986122886681098,5.571697654288958,0.2939457617932729,-0.006076131156111717,-0.5837847850876118,3
18037.0,126,2,40.5,4.844187086458591,1.0986122886681098,3.7256934272366524,0.2767141899944595,-0.006076131156111717,-2.1706182138144583,3
18040.0,129,1,239.0,4.867534450455582,0.6931471805599453,5.480638923341991,0.2939457617932729,-0.7741883749649034,-0.6620592744558291,3
18041.0,67,11,2012.22,4.219507705176107,2.4849066497880004,7.607490709285603,-0.18433175982646136,2.6201169764767496,1.1661919626888686,0
18043.0,486,1,316.46,6.18826412308259,0.6931471805599453,5.760351826144095,1.2687131138433259,-0.7741883749649034,-0.4216168214494495,3
18044.0,213,4,747.37,5.365976015021851,1.6094379124341003,6.617897508080722,0.6618216217166248,0.9616308508248114,0.31553325373228064,1
18055.0,278,5,2511.49,5.631211781821365,1.791759469228055,7.829029572259908,0.8575794451611989,1.3070204226603186,1.356627752801392,1
18059.0,276,1,124.08,5.6240175061873385,0.6931471805599453,4.82895353258964,0.8522696946838361,-0.7741883749649034,-1.22225092943921,3
18061.0,34,5,1213.91,3.5553480614894135,1.791759469228055,7.1024252789569555,-0.6745162015277419,1.3070204226603186,0.7320354765904761,1
18062.0,193,2,485.92,5.267858159063328,1.0986122886681098,6.188099838541396,0.5894055288372393,-0.006076131156111717,-0.05392273104785187,1
18065.0,96,10,1450.76,4.574710978503383,2.3978952727983707,7.280531892466769,0.077826773715113,2.4552828078148976,0.8851367122501582,0
18069.0,2,2,1092.41,1.0986122886681098,1.0986122886681098,6.99705653220287,-2.48771527897133,-0.006076131156111717,0.641460034106563,2
18071.0,455,1,258.95,6.1224928095143865,0.6931471805599453,5.560489304829725,1.220170455571547,-0.7741883749649034,-0.5934195320411242,3
18072.0,158,1,247.44,5.0689042022202315,0.6931471805599453,5.515201367691102,0.4425671366126743,-0.7741883749649034,-0.6323492438567898,3
18073.0,157,4,1470.18,5.062595033026967,1.6094379124341003,7.293820078852955,0.43791064083188236,0.9616308508248114,0.8965592962593091,1
18074.0,698,1,489.6,6.54965074223381,0.6931471805599453,6.195629131824389,1.5354352789595793,-0.7741883749649034,-0.047450517116239994,3
18075.0,31,3,635.49,3.4657359027997265,1.3862943611198906,6.4559687069549545,-0.7406546463948805,0.5389081788515271,0.1763385374177182,1
18077.0,33,4,1051.81,3.5263605246161616,1.6094379124341003,6.959218059006186,-0.6959105149485876,0.9616308508248114,0.6089339145665441,1
18078.0,189,1,138.19,5.247024072160486,0.6931471805599453,4.935839906239309,0.5740288865586801,-0.7741883749649034,-1.1303709281384997,3
18079.0,217,1,593.35,5.384495062789089,0.6931471805599453,6.387468371426634,0.6754896444230828,-0.7741883749649034,0.11745534489712763,3
18080.0,37,1,841.5,3.6375861597263857,0.6931471805599453,6.736373662226517,-0.6138201977068869,-0.7741883749649034,0.41737588179914226,1
18081.0,275,1,135.4,5.62040086571715,0.6931471805599453,4.915591745409362,0.8496004254703785,-0.7741883749649034,-1.1477763370776242,3
18085.0,698,1,303.9,6.54965074223381,0.6931471805599453,5.719983853994209,1.5354352789595793,-0.7741883749649034,-0.4563173095191008,3
18086.0,69,1,101.34,4.248495242049359,0.6931471805599453,4.628300603376946,-0.16293744640561536,-0.7741883749649034,-1.394733078169221,3
18087.0,305,1,852.8,5.723585101952381,0.6931471805599453,6.749696974323862,0.9257557711197745,-0.7741883749649034,0.42882866002554276,3
18088.0,92,1,167.67,4.532599493153256,0.6931471805599453,5.127944143269923,0.04674630212701821,-0.7741883749649034,-0.9652372731592757,3
18092.0,3,6,5253.7,1.3862943611198906,1.9459101490553132,8.566878193194286,-2.275390911761259,1.5990431447121,1.9908857029623583,0
18093.0,33,3,1841.92,3.5263605246161616,1.3862943611198906,7.5191065492399,-0.6959105149485876,0.5389081788515271,1.090216546340869,1
18094.0,220,1,633.0,5.3981627015177525,0.6931471805599453,6.452048954437226,0.6855770743403773,-0.7741883749649034,0.172969100752126,3
18095.0,40,1,374.75,3.713572066704308,0.6931471805599453,5.928924028633084,-0.5577386369809405,-0.7741883749649034,-0.2767114078303406,3
18096.0,154,1,148.66,5.043425116919247,0.6931471805599453,5.008366054652212,0.4237622433584039,-0.7741883749649034,-1.068027128990125,3
18097.0,217,4,1715.9,5.384495062789089,1.6094379124341003,7.448275618083167,0.6754896444230828,0.9616308508248114,1.0293299634716473,1
18099.0,247,1,168.31,5.5134287461649825,0.6931471805599453,5.131731354140141,0.7706494244592157,-0.7741883749649034,-0.9619817698822898,3
18102.0,90,29,135953.04,4.51085950651685,3.4011973816621555,11.820072166426732,0.030701058617782478,4.355936202266465,4.78734568458497,0
18104.0,303,1,754.64,5.717027701406222,0.6931471805599453,6.627565072288651,0.9209160676594919,-0.7741883749649034,0.3238435348436094,3
18105.0,303,1,113.48,5.717027701406222,0.6931471805599453,4.740400135248196,0.9209160676594919,-0.7741883749649034,-1.2983718229179406,3
18109.0,5,15,4589.75,1.791759469228055,2.772588722239781,8.431798688399288,-1.9761365238492044,3.165101286484388,1.8747707609685134,0
18113.0,547,1,76.32,6.306275286948016,0.6931471805599453,4.34795265434013,1.3558115050565998,-0.7741883749649034,-1.635721419738184,3
18116.0,276,3,504.25,5.6240175061873385,1.3862943611198906,6.2250533562837305,0.8522696946838361,0.5389081788515271,-0.022157323145063797,1
18118.0,30,12,2385.45,3.4339872044851463,2.5649493574615367,7.77756218504273,-0.7640868409071632,2.771749712715178,1.3123861582651444,0
18119.0,517,1,181.12,6.249975242259483,0.6931471805599453,5.204665810466581,1.314259136984046,-0.7741883749649034,-0.899286987438796,3
18120.0,97,1,111.15,4.584967478670572,0.6931471805599453,4.719837260966218,0.08539660554102044,-0.7741883749649034,-1.3160477609375703,3
18121.0,126,1,649.85,4.844187086458591,0.6931471805599453,6.4782792009124694,0.2767141899944595,-0.7741883749649034,0.19551673706882328,3
18122.0,4,3,759.42,1.6094379124341003,1.3862943611198906,6.633870912214728,-2.1106993377399443,0.5389081788515271,0.3292640628382157,2
18123.0,122,1,323.48,4.812184355372417,0.6931471805599453,5.782223900962764,0.25309450605324024,-0.7741883749649034,-0.40281548883641494,3
18125.0,61,1,197.85,4.127134385045092,0.6931471805599453,5.2925507716536995,-0.2525080857850369,-0.7741883749649034,-0.8237406846457801,3
18126.0,62,1,206.83,4.143134726391533,0.6931471805599453,5.336720437830982,-0.24069899972494663,-0.7741883749649034,-0.7857722435129358,3
18129.0,68,1,112.55,4.23410650459726,0.6931471805599453,4.732243268551567,-0.17355708477387338,-0.7741883749649034,-1.3053835017419635,3
18130.0,30,1,455.91,3.4339872044851463,0.6931471805599453,6.124486434956988,-0.7640868409071632,-0.7741883749649034,-0.10860509517440506,3
18133.0,36,1,931.5,3.6109179126442243,0.6931471805599453,6.837869151517971,-0.6335027543502829,-0.7741883749649034,0.5046218549732351,1
18135.0,60,4,558.26,4.110873864173311,1.6094379124341003,6.326614481301121,-0.26450919789877697,0.9616308508248114,0.06514507079042703,1
18136.0,6,2,495.34,1.9459101490553132,1.0986122886681098,6.207261175759138,-1.8623652857933086,-0.006076131156111717,-0.037451560510624496,2
18142.0,128,2,1019.52,4.859812404361672,1.0986122886681098,6.928067580294015,0.2882464892022382,-0.006076131156111717,0.5821568247761015,1
18144.0,36,5,1202.85,3.6109179126442243,1.791759469228055,7.093280033389838,-0.6335027543502829,1.3070204226603186,0.7241741829015708,1
18146.0,281,1,76.65,5.641907070938114,0.6931471805599453,4.3522115495946965,0.8654731261072822,-0.7741883749649034,-1.6320604544704154,3
18149.0,38,2,549.68,3.6635616461296463,1.0986122886681098,6.311153878194743,-0.594648934560239,-0.006076131156111717,0.051855067724370166,1
18150.0,153,1,153.3,5.0369526024136295,0.6931471805599453,5.038898759369115,0.41898519022140823,-0.7741883749649034,-1.0417810804685612,3
18154.0,182,1,178.7,5.209486152841421,0.6931471805599453,5.191288793789513,0.5463239451354044,-0.7741883749649034,-0.9107859303603424,3
18156.0,578,1,206.23,6.361302477572996,0.6931471805599453,5.3338292875493964,1.396424440472501,-0.7741883749649034,-0.7882574891299615,3
18158.0,2,1,343.8,1.0986122886681098,0.6931471805599453,5.842964538789538,-2.48771527897133,-0.7741883749649034,-0.35060256690848274,2
18159.0,39,1,530.15,3.6888794541139363,0.6931471805599453,6.275044467226023,-0.575963072373566,-0.7741883749649034,0.020815257751509584,3
18161.0,184,2,630.22,5.220355825078324,1.0986122886681098,6.447654454707758,0.5543463299152838,-0.006076131156111717,0.16919156927572954,1
18164.0,303,1,399.65,5.717027701406222,0.6931471805599453,5.99308822822408,0.9209160676594919,-0.7741883749649034,-0.22155557701131992,3
18167.0,244,1,390.6,5.501258210544727,0.6931471805599453,5.970240910656355,0.7616669346844612,-0.7741883749649034,-0.24119523262093642,3
18168.0,70,2,457.65,4.2626798770413155,1.0986122886681098,6.128287391955665,-0.1524684462934248,-0.006076131156111717,-0.10533777566437087,1
18169.0,62,1,202.65,4.143134726391533,0.6931471805599453,5.316402834094422,-0.24069899972494663,-0.7741883749649034,-0.8032373458828693,3
18170.0,183,2,629.01,5.214935757608986,1.0986122886681098,6.445735692275476,0.550346037558324,-0.006076131156111717,0.16754219257078473,1
18171.0,1,3,787.34,0.6931471805599453,1.3862943611198906,6.669929468881786,-2.7869696668833854,0.5389081788515271,0.3602601582276048,2
18172.0,5,10,3418.6,1.791759469228055,2.3978952727983707,8.137278864152078,-1.9761365238492044,2.4552828078148976,1.6216002125540614,0
18173.0,69,1,853.48,4.248495242049359,0.6931471805599453,6.75049309678144,-0.16293744640561536,-0.7741883749649034,0.42951301042438395,1
18174.0,302,1,104.0,5.713732805509369,0.6931471805599453,4.653960350157523,0.9184842627146785,-0.7741883749649034,-1.3726758459227362,3
18177.0,122,2,627.77,4.812184355372417,1.0986122886681098,6.443765530053178,0.25309450605324024,-0.006076131156111717,0.16584863237815772,1
18178.0,250,4,1590.81,5.5254529391317835,1.6094379124341003,7.372627012548272,0.7795239057264338,0.9616308508248114,0.9643020863193704,1
18179.0,163,2,545.8,5.099866427824199,1.0986122886681098,6.304083104849794,0.4654188732633121,-0.006076131156111717,0.0457769995670553,1
18180.0,2,3,940.75,1.0986122886681098,1.3862943611198906,6.847739846572151,-2.48771527897133,0.5389081788515271,0.5131067482617798,2
18183.0,69,1,312.8,4.248495242049359,0.6931471805599453,5.748755840298932,-0.16293744640561536,-0.7741883749649034,-0.4315847823611812,3
18185.0,251,1,304.25,5.529429087511423,0.6931471805599453,5.721131112990814,0.7824585105193059,-0.7741883749649034,-0.4553311205924766,3
18196.0,216,1,238.35,5.37989735354046,0.6931471805599453,5.477926915838518,0.6720962953050397,-0.7741883749649034,-0.664390528145503,3
18198.0,122,7,2158.83,4.812184355372417,2.0794415416798357,7.677784793877208,0.25309450605324024,1.8520047326679574,1.2266170698674295,0
18202.0,343,1,485.73,5.840641657373398,0.6931471805599453,6.187709554553491,1.0121496115344357,-0.7741883749649034,-0.05425822089648175,3
18203.0,218,1,160.42,5.389071729816501,0.6931471805599453,5.084009663896226,0.6788674632848729,-0.7741883749649034,-1.0030035466716698,3
18205.0,275,1,291.6,5.62040086571715,0.6931471805599453,5.678806488586024,0.8496004254703785,-0.7741883749649034,-0.4917135556268064,3
18209.0,30,1,139.1,3.4339872044851463,0.6931471805599453,4.942356453342962,-0.7640868409071632,-0.7741883749649034,-1.1247692753186354,3
18210.0,61,2,499.27,4.127134385045092,1.0986122886681098,6.215147952674658,-0.2525080857850369,-0.006076131156111717,-0.03067205206147921,1
18211.0,191,1,137.9,5.2574953720277815,0.6931471805599453,4.933754249760298,0.5817572517614268,-0.7741883749649034,-1.1321637677069225,3
18215.0,32,1,299.34,3.4965075614664802,0.6931471805599453,5.7049151662521345,-0.7179435580787399,-0.7741883749649034,-0.46927042039813266,3
18216.0,122,1,481.75,4.812184355372417,0.6931471805599453,6.179498921308624,0.25309450605324024,-0.7741883749649034,-0.06131611768406164,3
18217.0,61,1,303.85,4.127134385045092,0.6931471805599453,5.719819852353825,-0.2525080857850369,-0.7741883749649034,-0.45645828605724365,3
18218.0,6,2,662.08,1.9459101490553132,1.0986122886681098,6.496895646556665,-1.8623652857933086,-0.006076131156111717,0.21151951639043826,2
18219.0,97,3,680.18,4.584967478670572,1.3862943611198906,6.523826588404497,0.08539660554102044,0.5389081788515271,0.23466947356007992,1
18221.0,6,3,708.81,1.9459101490553132,1.3862943611198906,6.564997328588781,-1.8623652857933086,0.5389081788515271,0.2700600245959081,2
18222.0,124,1,443.0,4.8283137373023015,0.6931471805599453,6.095824562432225,0.26499883079118963,-0.7741883749649034,-0.13324296803823193,3
18223.0,191,4,1505.88,5.2574953720277815,1.6094379124341003,7.31779656705519,0.5817572517614268,0.9616308508248114,0.917169591959192,1
18225.0,162,3,799.1,5.093750200806762,1.3862943611198906,6.684736719856078,0.46090477886694337,0.5389081788515271,0.3729885369004286,1
18226.0,33,5,2251.38,3.5263605246161616,1.791759469228055,7.719742713923531,-0.6959105149485876,1.3070204226603186,1.2626842842072732,0
18227.0,189,1,93.75,5.247024072160486,0.6931471805599453,4.5512418439625355,0.5740288865586801,-0.7741883749649034,-1.4609731298565685,3
18229.0,1,7,2397.74,0.6931471805599453,2.0794415416798357,7.7826988784752835,-2.7869696668833854,1.8520047326679574,1.3168016827436084,0
18230.0,61,4,1697.92,4.127134385045092,1.6094379124341003,7.437748034041844,-0.2525080857850369,0.9616308508248114,1.0202804054935612,1
18232.0,218,1,129.64,5.389071729816501,0.6931471805599453,4.8724454486622095,0.6788674632848729,-0.7741883749649034,-1.1848650853051816,3
18235.0,33,2,749.8,3.5263605246161616,1.0986122886681098,6.6211393047123535,-0.6959105149485876,-0.006076131156111717,0.31831991650846597,1
18236.0,61,4,626.49,4.127134385045092,1.6094379124341003,6.441727734623975,-0.2525080857850369,0.9616308508248114,0.1640969343806241,1
18237.0,3,4,663.72,1.3862943611198906,1.6094379124341003,6.499365899356726,-2.275390911761259,0.9616308508248114,0.2136429566638127,2
18239.0,220,2,904.81,5.3981627015177525,1.0986122886681098,6.8088295710258455,0.6855770743403773,-0.006076131156111717,0.47965930266386647,1
18241.0,31,5,900.73,3.4657359027997265,1.791759469228055,6.804315140441487,-0.7406546463948805,1.3070204226603186,0.4757786780921849,1
18242.0,67,1,314.26,4.219507705176107,0.6931471805599453,5.753397695198396,-0.18433175982646136,-0.7741883749649034,-0.42759462328254705,3
18245.0,6,3,1395.63,1.9459101490553132,1.3862943611198906,7.241817470920164,-1.8623652857933086,0.5389081788515271,0.8518576236198622,2
18248.0,94,2,804.02,4.553876891600541,1.0986122886681098,6.690867121830435,0.06245013143655385,-0.006076131156111717,0.37825825765289794,1
18250.0,312,1,349.27,5.746203190540153,0.6931471805599453,5.858704285656805,0.9424490996472412,-0.7741883749649034,-0.33707261062633437,3
18255.0,32,1,103.3,3.4965075614664802,0.6931471805599453,4.647271362006727,-0.7179435580787399,-0.7741883749649034,-1.3784257298322602,3
18257.0,276,2,532.38,5.6240175061873385,1.0986122886681098,6.279234115731861,0.8522696946838361,-0.006076131156111717,0.024416698206657456,1
18259.0,486,1,376.3,6.18826412308259,0.6931471805599453,5.933040626970265,1.2687131138433259,-0.7741883749649034,-0.27317276162446946,3
18260.0,101,1,557.07,4.624972813284271,0.6931471805599453,6.324484402542039,0.11492262808559309,-0.7741883749649034,0.06331404563284665,3
18261.0,216,1,224.8,5.37989735354046,0.6931471805599453,5.419649651715562,0.6720962953050397,-0.7741883749649034,-0.7144859231017302,3
18263.0,157,2,811.4,5.062595033026967,1.0986122886681098,6.69999282970623,0.43791064083188236,-0.006076131156111717,0.3861027566556059,1
18265.0,248,1,488.55,5.517452896464707,0.6931471805599453,6.19348660180008,0.7736194571715965,-0.7741883749649034,-0.04929224543668554,3
18269.0,486,1,168.6,6.18826412308259,0.6931471805599453,5.133442723357803,1.2687131138433259,-0.7741883749649034,-0.9605106693053336,3
18270.0,334,1,171.2,5.814130531825066,0.6931471805599453,5.14865659199363,0.9925830187742288,-0.7741883749649034,-0.9474327602855155,3
18272.0,4,3,1761.36,1.6094379124341003,1.3862943611198906,7.474409098907373,-2.1106993377399443,0.5389081788515271,1.051794419605131,2
18273.0,152,2,153.0,5.030437921392435,1.0986122886681098,5.0369526024136295,0.41417701599764817,-0.006076131156111717,-1.0434540056272672,3
18274.0,91,1,175.92,4.5217885770490405,0.6931471805599453,5.1756976530001255,0.03876728243619778,-0.7741883749649034,-0.9241881441982234,3
18277.0,1,1,110.38,0.6931471805599453,0.6931471805599453,4.7129477781615225,-2.7869696668833854,-0.7741883749649034,-1.3219699909416618,2
18280.0,161,1,180.6,5.087596335232384,0.6931471805599453,5.201806466167193,0.4563629052533389,-0.7741883749649034,-0.9017448924923254,3
18281.0,5,1,80.82,1.791759469228055,0.6931471805599453,4.404521712501253,-1.9761365238492044,-0.7741883749649034,-1.5870944062101595,2
18282.0,217,2,178.05,5.384495062789089,1.0986122886681098,5.187665096444442,0.6754896444230828,-0.006076131156111717,-0.9139008766852109,3
18283.0,61,5,565.65,4.127134385045092,1.791759469228055,6.339741829178958,-0.2525080857850369,1.3070204226603186,0.07642939730377438,1
18287.0,1,1,1001.32,0.6931471805599453,0.6931471805599453,6.910072591937297,-2.7869696668833854,-0.7741883749649034,0.5666882528977005,2
